entity_id,entity_name,common_name,entity_type,parent_entity_id,wormbase_id,species,taxon_id,developmental_stage,sex,description,function,synonyms,location_description,size_description,primary_figures,wormbase_url,data_source,curator_name,status,common_questions,key_concepts
"Unique ID (e.g., int1DL)",Full descriptive name,Short name researchers use,cell/organ/tissue/gene/etc,Parent structure ID,WBbt ID from ontology browser,c-elegans/p-pacificus/etc,NCBITaxon:XXXX,embryo/adult/dauer/etc,hermaphrodite/male/both,"50-200 words, conversational!","20-100 words, clear explanation",Semicolon-separated,Spatial context,Physical dimensions,Figure IDs (comma-separated),Auto-generated from WBbt,Where info came from,Your name,draft/review/validated,Questions researchers ask (optional),Keywords/topics (optional)
ABa,ABa (anterior AB daughter),ABa,cell,,,c-elegans,NCBITaxon:6239,embryo,both,ABa is the anterior daughter of the AB founder cell in the early embryo.,,ABa blastomere,,,IntFIG3,,WormAtlas IntFIG3 cataloguing,[to fill],draft,,
ABal,ABal (AB granddaughter),ABal,cell,,,c-elegans,NCBITaxon:6239,embryo,both,ABal is the anterior-left granddaughter of the AB founder cell.,,ABal blastomere,,,IntFIG3,,WormAtlas IntFIG3 cataloguing,[to fill],draft,,
ABar,ABar (AB granddaughter),ABar,cell,,,c-elegans,NCBITaxon:6239,embryo,both,ABar is the anterior-right granddaughter of the AB founder cell.,,ABar blastomere,,,IntFIG3,,WormAtlas IntFIG3 cataloguing,[to fill],draft,,
ABp,ABp (posterior AB daughter),ABp,cell,,,c-elegans,NCBITaxon:6239,embryo,both,ABp is the posterior daughter of the AB founder cell in the early embryo.,,ABp blastomere,,,IntFIG3,,WormAtlas IntFIG3 cataloguing,[to fill],draft,,
ABpl,ABpl (AB granddaughter),ABpl,cell,,,c-elegans,NCBITaxon:6239,embryo,both,ABpl is the posterior-left granddaughter of the AB founder cell.,,ABpl blastomere,,,IntFIG3,,WormAtlas IntFIG3 cataloguing,[to fill],draft,,
ABpr,ABpr (AB granddaughter),ABpr,cell,,,c-elegans,NCBITaxon:6239,embryo,both,ABpr is the posterior-right granddaughter of the AB founder cell.,,ABpr blastomere,,,IntFIG3,,WormAtlas IntFIG3 cataloguing,[to fill],draft,,
AC,Anchor cell,AC,cell,,,c-elegans,NCBITaxon:6239,adult,hermaphrodite,"The anchor cell (AC) is a specialized uterine cell essential for developing the vulva and connecting it to the uterus. During the L3 larval stage, it signals to underlying epidermal cells to define the vulva, then breaks through the basement membrane to link the tissues. The AC is born in L2 and arises from either the anterior (Z1.ppp) or posterior (Zn.aaa) somatic gonad lineage (Kimble and Hirsh, 1979). After invasion, the anchor cell fuses with the uterine syncytium (utse) during L4 (Newman et al., 1996). The AC is used as a model for cell invasion.",Unknown - function not yet characterized in this dataset,,,,,,,,review,,
ADAL,ADAL cell,ADAL,cell,,WBbt:0004013,c-elegans,NCBITaxon:6239,L1,hermaphrodite,ADAL is a neuron cell in the nervous system of C. elegans. Ring interneuron located to the left of the terminal bulb. Send process ventrally that then enters nerve ring. Embryonic lineage: ABplapaaaapp,Unknown - function not yet characterized in this dataset,ADAL; adal; ADAL,Located in the nervous system,,,https://wormbase.org/species/all/anatomy_term/WBbt:0004013,WormFindr Information Cards (Nov 2024),[Imported from WormFindr],review,,
ADAR,ADAR cell,ADAR,cell,,WBbt:0004011,c-elegans,NCBITaxon:6239,L1,hermaphrodite,ADAR is a neuron cell in the nervous system of C. elegans. Ring interneuron located to the left of the terminal bulb. Send process ventrally that then enters nerve ring. Embryonic lineage: ABprapaaaapp,Unknown - function not yet characterized in this dataset,ADAR; adar; ADAR,Located in the nervous system,,,https://wormbase.org/species/all/anatomy_term/WBbt:0004011,WormFindr Information Cards (Nov 2024),[Imported from WormFindr],review,,
ADEL,ADEL cell,ADEL,cell,,WBbt:0004009,c-elegans,NCBITaxon:6239,L1,hermaphrodite,"ADEL (Anterior Deirids E) - Sensory neurons (mechanosensory, possible pheromone-sensory). Located laterally in head, behind second bulb of pharynx. Born from AB lineage: AB plapaaaapa for ADEL. Anterior deirids with sensillar branch from dorsal process of each ADE neuron following dorsal and frequently posterior trajectory ending laterally within lateral alae in anterior third of body. Dorsal process enters nerve ring laterally and runs anteriorly through ring neuropil making small synapses to other neurons. Ventral process runs through deirid commissure to enter retrovesicular ganglion, then runs anteriorly and enters ventral ganglion where it crosses to opposite side and runs posteriorly for short distance. Use dopamine as neurotransmitter and release PDF-1 (pigment dispensing factor homolog) (Loer and Rand, 2022; Janssen et al., 2009; Sulston et al., 1975). Express receptors DOP-2 (dopamine receptor), EXP-1 (excitatory, cation-selective GABA receptor), TRP-4 (mechanosensitive TRPN channel pore-forming subunit), TYRA-3 (tyramine receptor), possibly ACR-16 (nicotinic acetylcholine receptor), and innexins CHE-7, INX-1a, INX-1b, INX-7, UNC-9 (Wormbase; Altun, 2011; Wragg et al., 2007; Feng et al., 2006; Kahn-Kirby and Bargmann, 2006; Li et al., 2006; Beg and Jorgensen, 2003; Suo et al., 2003; Altun et al., 2009; Bhattacharya et al., 2019). Dopaminergic nose touch mechanoreceptors modulating locomotion behavior in response to food presence by textural mechanosensation: upon encountering bacterial lawn (or Sephadex G-200 beads) worms slow forward movement; three classes of ciliated dopaminergic neurons (CEPs, ADEs, PDEs) function redundantly in this behavior (sensing mechanosensory stimuli during crawling through bacteria and communicating with motor circuit for locomotory change) (Sawin et al., 2000). In area restricted search (ARS) motor plasticity related to food presence, CEP and PDE neurons work synergistically to mediate behavior while ADE modulates it (Hills et al., 2004). Function in anterior harsh touch sensation: laser ablation of FLP, AQR, ADE results in significant reduction of anterior harsh touch sensation, while ablation of BDU, SDQR, FLP, ADE and AQR eliminates it (Li et al., 2011). Possibly function in pheromone sensation: complete pheromone (ascaroside mixture) insensitivity of tax-2(p694) mutant suggests site of action in one or more of AFD, ASE, ADE, or BAG neurons, since tax-2(p694) mutation eliminates TAX-2 subunit expression from these but has normal expression and function in other seven neurons expressing this channel (Aillion and Thomas, 2000). Important model for understanding dopaminergic mechanosensation, food-related motor plasticity, deirid neuron function, and possible pheromone sensing. Embryonic lineage: ABplapaaaap",Unknown - function not yet characterized in this dataset,ADEL; adel; ADEL,Located in the nervous system,,,https://wormbase.org/species/all/anatomy_term/WBbt:0004009,WormFindr Information Cards (Nov 2024),[Imported from WormFindr],review,,
ADER,ADER cell,ADER,cell,,WBbt:0004007,c-elegans,NCBITaxon:6239,L1,hermaphrodite,"ADER (Anterior Deirids E) - Sensory neurons (mechanosensory, possible pheromone-sensory). Located laterally in head, behind second bulb of pharynx. Born from AB lineage: AB prapaaaapa for ADER. Anterior deirids with sensillar branch from dorsal process of each ADE neuron following dorsal and frequently posterior trajectory ending laterally within lateral alae in anterior third of body. Dorsal process enters nerve ring laterally and runs anteriorly through ring neuropil making small synapses to other neurons. Ventral process runs through deirid commissure to enter retrovesicular ganglion, then runs anteriorly and enters ventral ganglion where it crosses to opposite side and runs posteriorly for short distance. Use dopamine as neurotransmitter and release PDF-1 (pigment dispensing factor homolog) (Loer and Rand, 2022; Janssen et al., 2009; Sulston et al., 1975). Express receptors DOP-2 (dopamine receptor), EXP-1 (excitatory, cation-selective GABA receptor), TRP-4 (mechanosensitive TRPN channel pore-forming subunit), TYRA-3 (tyramine receptor), possibly ACR-16 (nicotinic acetylcholine receptor), and innexins CHE-7, INX-1a, INX-1b, INX-7, UNC-9 (Wormbase; Altun, 2011; Wragg et al., 2007; Feng et al., 2006; Kahn-Kirby and Bargmann, 2006; Li et al., 2006; Beg and Jorgensen, 2003; Suo et al., 2003; Altun et al., 2009; Bhattacharya et al., 2019). Dopaminergic nose touch mechanoreceptors modulating locomotion behavior in response to food presence by textural mechanosensation: upon encountering bacterial lawn (or Sephadex G-200 beads) worms slow forward movement; three classes of ciliated dopaminergic neurons (CEPs, ADEs, PDEs) function redundantly in this behavior (sensing mechanosensory stimuli during crawling through bacteria and communicating with motor circuit for locomotory change) (Sawin et al., 2000). In area restricted search (ARS) motor plasticity related to food presence, CEP and PDE neurons work synergistically to mediate behavior while ADE modulates it (Hills et al., 2004). Function in anterior harsh touch sensation: laser ablation of FLP, AQR, ADE results in significant reduction of anterior harsh touch sensation, while ablation of BDU, SDQR, FLP, ADE and AQR eliminates it (Li et al., 2011). Possibly function in pheromone sensation: complete pheromone (ascaroside mixture) insensitivity of tax-2(p694) mutant suggests site of action in one or more of AFD, ASE, ADE, or BAG neurons, since tax-2(p694) mutation eliminates TAX-2 subunit expression from these but has normal expression and function in other seven neurons expressing this channel (Aillion and Thomas, 2000). Important model for understanding dopaminergic mechanosensation, food-related motor plasticity, deirid neuron function, and possible pheromone sensing. Embryonic lineage: ABprapaaaap",Unknown - function not yet characterized in this dataset,ADER; ader; ADER,Located in the nervous system,,,https://wormbase.org/species/all/anatomy_term/WBbt:0004007,WormFindr Information Cards (Nov 2024),[Imported from WormFindr],review,,
ADEshL,ADEshL cell,ADEshL,cell,,WBbt:0004005,c-elegans,NCBITaxon:6239,L1,hermaphrodite,ADEshL is a glia cell in the nervous system of C. elegans. Sheath glial cell of anterior left deirid forming channel around the ciliated end of  ADEL. Embryonic lineage: ABarppaaaa,Unknown - function not yet characterized in this dataset,ADEshL; adeshl; ADESHL,Located in the nervous system,,,https://wormbase.org/species/all/anatomy_term/WBbt:0004005,WormFindr Information Cards (Nov 2024),[Imported from WormFindr],review,,
ADEshR,ADEshR cell,ADEshR,cell,,WBbt:0004004,c-elegans,NCBITaxon:6239,L1,hermaphrodite,ADEshR is a glia cell in the nervous system of C. elegans. Sheath cell of anterior right deirid forming channel around the ciliated end of  ADER. Embryonic lineage: ABarpppaaa,Unknown - function not yet characterized in this dataset,ADEshR; adeshr; ADESHR,Located in the nervous system,,,https://wormbase.org/species/all/anatomy_term/WBbt:0004004,WormFindr Information Cards (Nov 2024),[Imported from WormFindr],review,,
ADEsoL,ADEsoL cell,ADEsoL,cell,,WBbt:0005602,c-elegans,NCBITaxon:6239,L1,hermaphrodite,ADEsoL is a glia cell in the nervous system of C. elegans. Left deirid socket cell. Wraps around distal ciliated tip of ADEL. Post-embryonic lineage: H2L.aa,Unknown - function not yet characterized in this dataset,ADEsoL; adesol; ADESOL,Located in the nervous system,,,https://wormbase.org/species/all/anatomy_term/WBbt:0005602,WormFindr Information Cards (Nov 2024),[Imported from WormFindr],review,,
ADEsoR,ADEsoR cell,ADEsoR,cell,,WBbt:0005603,c-elegans,NCBITaxon:6239,L1,hermaphrodite,ADEsoR is a glia cell in the nervous system of C. elegans. Right deirid socket cell. Wraps around distal ciliated tip of ADER. Post-embryonic lineage: H2R.aa,Unknown - function not yet characterized in this dataset,ADEsoR; adesor; ADESOR,Located in the nervous system,,,https://wormbase.org/species/all/anatomy_term/WBbt:0005603,WormFindr Information Cards (Nov 2024),[Imported from WormFindr],review,,
ADFL,ADFL cell,ADFL,cell,,WBbt:0004003,c-elegans,NCBITaxon:6239,L1,hermaphrodite,"ADFL (Amphid Dual-ciliated F) - Sensory neurons (chemosensory [gustatory], oxygen-sensory). Located in lateral ganglia in the head. Born from AB lineage: AB alpppppaa . Amphid neurons with dual ciliated sensory endings exposed to external environment. Like all amphid neurons, born near the presumptive nose during embryonic development, then anchor a short projection there before cell body migrates away, stretching the dendrite out behind in a process dependent on DEX-1 or DYF-7 secreted extracellular matrix proteins (Heiman and Shaham, 2010). Dendritic process takes up FITC. Each ADF axon travels through amphid commissure to enter ventral cord, then travels anteriorly to enter nerve ring, runs dorsally within nerve ring, meets contralateral partner at dorsal midline and makes gap junction with it. Use acetylcholine and serotonin as neurotransmitters and release FLP-6, INS-1, NLP-3 neuropeptides (Pereira et al., 2015; Loer and Rand, 2022; Li and Kim, 2008; Kodama et al., 2006; Nathoo et al., 2001; Sze et al., 2000; Duerr et al., 1999). Express receptors MGL-3 (metabotropic glutamate receptor), NPR-5 (peptide receptor), OSM-9, OCR-2 (TRPV channels), SRB-6 (faint, GPCR), SRD-1 (male only, GPCR), TMC-1 (salt-sensing cation channel), and innexins CHE-7 (early larva), INX-10a, INX-19, UNC-7, UNC-9 (Wormbase; Chatzigeorgiou et al., 2013; Altun, 2011; Cohen et al., 2009; Greer et al., 2008; Tobin et al., 2002; Colbert et al., 1997; Troemel et al., 1995; Altun et al., 2009; Bhattacharya et al., 2019; Chuang et al., 2007). Only serotonergic sensory neurons in hermaphrodite worm (in males, ray sensory neurons 1B, 3B, 9B also serotonergic), coupling environmental food signals with serotonin neurotransmission (Jafari et al., 2011). Contribute to residual chemotactic response to cAMP, biotin, Cl-, Na+ after ASE ablation (Bargmann and Horvitz, 1991). C. elegans shows chemoattraction to low NaCl mediated by four amphid neuron pairs (ADF, ASE, ASG, ASI) with ASE most important; under hypoxic conditions, additional latent circuit involving ADF and ASG activates for processing chemosensory information (Pocock and Hobert, 2010). Salt response is plastic, balancing attraction and avoidance involving ASE, ASI, ASH, ADF and perhaps ADL neurons (Hukema et al., 2006). Control dauer entry: ADF, ASI, ASG inhibit dauer entry while ASJ, ASK promote it (Kim et al., 2009; Ouellett et al., 2008; Schackwitz et al., 1996; Bargmann and Horvitz, 1991). Function as part of oxygen-sensing network (also includes URX, AQR, PQR, SDQ, ALN, PLN, ADL, ASH) by promoting hyperoxia avoidance; ADF stimulates aerotaxis in absence of food by producing serotonin (Chang et al., 2006). Modulate neuromuscular junction (NMJ) neurotransmission: endogenous serotonin from ADF stimulates acetylcholine synaptic transmission at NMJs, whereas serotonin from NSM/RIH/AIM neurons inhibits the stimulatory serotonin inputs; exogenous serotonin inhibits aldicarb-induced paralysis but not levamisole-induced paralysis, suggesting serotonin signaling inhibits ACh release by motor neurons (Govorunova et al., 2010). Important model for understanding serotonergic modulation, oxygen sensing, chemotaxis plasticity, and neuromodulation of motor circuits. Embryonic lineage: ABalpppppa",Unknown - function not yet characterized in this dataset,ADFL; adfl; ADFL,Located in the nervous system,,,https://wormbase.org/species/all/anatomy_term/WBbt:0004003,WormFindr Information Cards (Nov 2024),[Imported from WormFindr],review,,
ADFR,ADFR cell,ADFR,cell,,WBbt:0003999,c-elegans,NCBITaxon:6239,L1,hermaphrodite,"ADFR (Amphid Dual-ciliated F) - Sensory neurons (chemosensory [gustatory], oxygen-sensory). Located in lateral ganglia in the head. Born from AB lineage: AB praaappaa. Amphid neurons with dual ciliated sensory endings exposed to external environment. Like all amphid neurons, born near the presumptive nose during embryonic development, then anchor a short projection there before cell body migrates away, stretching the dendrite out behind in a process dependent on DEX-1 or DYF-7 secreted extracellular matrix proteins (Heiman and Shaham, 2010). Dendritic process takes up FITC. Each ADF axon travels through amphid commissure to enter ventral cord, then travels anteriorly to enter nerve ring, runs dorsally within nerve ring, meets contralateral partner at dorsal midline and makes gap junction with it. Use acetylcholine and serotonin as neurotransmitters and release FLP-6, INS-1, NLP-3 neuropeptides (Pereira et al., 2015; Loer and Rand, 2022; Li and Kim, 2008; Kodama et al., 2006; Nathoo et al., 2001; Sze et al., 2000; Duerr et al., 1999). Express receptors MGL-3 (metabotropic glutamate receptor), NPR-5 (peptide receptor), OSM-9, OCR-2 (TRPV channels), SRB-6 (faint, GPCR), SRD-1 (male only, GPCR), TMC-1 (salt-sensing cation channel), and innexins CHE-7 (early larva), INX-10a, INX-19, UNC-7, UNC-9 (Wormbase; Chatzigeorgiou et al., 2013; Altun, 2011; Cohen et al., 2009; Greer et al., 2008; Tobin et al., 2002; Colbert et al., 1997; Troemel et al., 1995; Altun et al., 2009; Bhattacharya et al., 2019; Chuang et al., 2007). Only serotonergic sensory neurons in hermaphrodite worm (in males, ray sensory neurons 1B, 3B, 9B also serotonergic), coupling environmental food signals with serotonin neurotransmission (Jafari et al., 2011). Contribute to residual chemotactic response to cAMP, biotin, Cl-, Na+ after ASE ablation (Bargmann and Horvitz, 1991). C. elegans shows chemoattraction to low NaCl mediated by four amphid neuron pairs (ADF, ASE, ASG, ASI) with ASE most important; under hypoxic conditions, additional latent circuit involving ADF and ASG activates for processing chemosensory information (Pocock and Hobert, 2010). Salt response is plastic, balancing attraction and avoidance involving ASE, ASI, ASH, ADF and perhaps ADL neurons (Hukema et al., 2006). Control dauer entry: ADF, ASI, ASG inhibit dauer entry while ASJ, ASK promote it (Kim et al., 2009; Ouellett et al., 2008; Schackwitz et al., 1996; Bargmann and Horvitz, 1991). Function as part of oxygen-sensing network (also includes URX, AQR, PQR, SDQ, ALN, PLN, ADL, ASH) by promoting hyperoxia avoidance; ADF stimulates aerotaxis in absence of food by producing serotonin (Chang et al., 2006). Modulate neuromuscular junction (NMJ) neurotransmission: endogenous serotonin from ADF stimulates acetylcholine synaptic transmission at NMJs, whereas serotonin from NSM/RIH/AIM neurons inhibits the stimulatory serotonin inputs; exogenous serotonin inhibits aldicarb-induced paralysis but not levamisole-induced paralysis, suggesting serotonin signaling inhibits ACh release by motor neurons (Govorunova et al., 2010). Important model for understanding serotonergic modulation, oxygen sensing, chemotaxis plasticity, and neuromodulation of motor circuits. Embryonic lineage: ABalapaapp",Unknown - function not yet characterized in this dataset,ADFR; adfr; ADFR,Located in the nervous system,,,https://wormbase.org/species/all/anatomy_term/WBbt:0003999,WormFindr Information Cards (Nov 2024),[Imported from WormFindr],review,,
ADLL,ADLL cell,ADLL,cell,,,c-elegans,NCBITaxon:6239,adult,hermaphrodite,"ADLL (Amphid Dual-ciliated L) - Sensory neurons (chemosensory, odorsensory, pheromone-sensory, nociceptive). Located in lateral ganglia in the head. Born from AB lineage: AB alppppaad. Amphid neurons with dual (AdL) ciliated sensory endings. Like all amphid neurons, born near the presumptive nose during embryonic development, then anchor a short projection there before cell body migrates away, stretching the dendrite out behind in a process dependent on DEX-1 or DYF-7 secreted extracellular matrix proteins (Heiman and Shaham, 2010). Dendritic process takes up FITC. Each axon enters nerve ring from lateral side directly, running both dorsally and ventrally within ring; dorsal branch meets contralateral partner at midline making gap junction. Sister cells undergo apoptosis. Use glutamate as neurotransmitter and release FLP-4, FLP-21, NLP-7, NLP-8, NLP-10 neuropeptides (Li and Kim, 2008; Rogers et al., 2003; Nathoo et al., 2001). Express receptors GCY-21 (transmembrane guanylyl cyclase), OSM-9, OCR-1, OCR-2 (TRPV channels), SER-6 (octopamine receptor), SRB-6, SRE-1, SRH-132, SRH-220, SRI-51, SRO-1 (GPCRs), TMC-1 (salt-sensing cation channel), and innexins CHE-7, INX-1a, INX-1b, INX-7, INX-10a, INX-14, INX-18a, INX-19, UNC-7, UNC-9 (Wormbase; Chatzigeorgiou et al., 2013; Mills et al., 2012; Altun, 2011; Tobin et al., 2002; de Bono et al., 2002; Colbert et al., 1997; Troemel et al., 1995; Altun et al., 2009; Bhattacharya et al., 2019; Chuang et al., 2007; Liu et al., 2006). Play minor role in avoidance from chemical repellents evident when ASH missing, with ASH being major sensor (de Bono and Maricq, 2005; Hilliard et al., 2002; Sambongi et al., 1999; Bargmann et al., 1990). Mediate avoidance from heavy metals (Cd2+, Cu2+), odors (octanol), high osmotic strength, SDS (Sambongi et al., 1999; Troemel et al., 1995). Balance NaCl response with ASE, ASI, ASH, ADF (Hukema et al., 2006). With ASH, mediate social feeding behavior in response to repulsive cues (high O2): ablation abolishes social feeding transforming social to solitary feeders; OCR-2, OSM-9, ODR-4 in ADL/ASH promote high O2 avoidance facilitating aggregation, transmitting aversive environmental information to circuits controlling aggregation, rapid locomotion, food bordering (Rogers et al., 2006; de Bono et al., 2002). Sense pheromones (ascaroside mixtures) involved in dauer entry and adult behaviors (Jang et al., 2012; Lockery, 2009; Macosko et al., 2009). Important model for nociception and social behavior regulation.",Unknown - function not yet characterized in this dataset,,,,,,,,review,,
ADLR,ADLR cell,ADLR,cell,,,c-elegans,NCBITaxon:6239,adult,hermaphrodite,"ADLR (Amphid Dual-ciliated L) - Sensory neurons (chemosensory, odorsensory, pheromone-sensory, nociceptive). Located in lateral ganglia in the head. Born from AB lineage: AB praaapaad for ADLR. Amphid neurons with dual (AdL) ciliated sensory endings. Like all amphid neurons, born near the presumptive nose during embryonic development, then anchor a short projection there before cell body migrates away, stretching the dendrite out behind in a process dependent on DEX-1 or DYF-7 secreted extracellular matrix proteins (Heiman and Shaham, 2010). Dendritic process takes up FITC. Each axon enters nerve ring from lateral side directly, running both dorsally and ventrally within ring; dorsal branch meets contralateral partner at midline making gap junction. Sister cells undergo apoptosis. Use glutamate as neurotransmitter and release FLP-4, FLP-21, NLP-7, NLP-8, NLP-10 neuropeptides (Li and Kim, 2008; Rogers et al., 2003; Nathoo et al., 2001). Express receptors GCY-21 (transmembrane guanylyl cyclase), OSM-9, OCR-1, OCR-2 (TRPV channels), SER-6 (octopamine receptor), SRB-6, SRE-1, SRH-132, SRH-220, SRI-51, SRO-1 (GPCRs), TMC-1 (salt-sensing cation channel), and innexins CHE-7, INX-1a, INX-1b, INX-7, INX-10a, INX-14, INX-18a, INX-19, UNC-7, UNC-9 (Wormbase; Chatzigeorgiou et al., 2013; Mills et al., 2012; Altun, 2011; Tobin et al., 2002; de Bono et al., 2002; Colbert et al., 1997; Troemel et al., 1995; Altun et al., 2009; Bhattacharya et al., 2019; Chuang et al., 2007; Liu et al., 2006). Play minor role in avoidance from chemical repellents evident when ASH missing, with ASH being major sensor (de Bono and Maricq, 2005; Hilliard et al., 2002; Sambongi et al., 1999; Bargmann et al., 1990). Mediate avoidance from heavy metals (Cd2+, Cu2+), odors (octanol), high osmotic strength, SDS (Sambongi et al., 1999; Troemel et al., 1995). Balance NaCl response with ASE, ASI, ASH, ADF (Hukema et al., 2006). With ASH, mediate social feeding behavior in response to repulsive cues (high O2): ablation abolishes social feeding transforming social to solitary feeders; OCR-2, OSM-9, ODR-4 in ADL/ASH promote high O2 avoidance facilitating aggregation, transmitting aversive environmental information to circuits controlling aggregation, rapid locomotion, food bordering (Rogers et al., 2006; de Bono et al., 2002). Sense pheromones (ascaroside mixtures) involved in dauer entry and adult behaviors (Jang et al., 2012; Lockery, 2009; Macosko et al., 2009). Important model for nociception and social behavior regulation.",Unknown - function not yet characterized in this dataset,,,,,,,,review,,
AFDL,AFDL cell,AFDL,cell,,WBbt:0003993,c-elegans,NCBITaxon:6239,L1,hermaphrodite,"AFDL (Amphid Finger-like D Left) - The AFD neurons are ciliated amphid sensory neurons (thermosensory and CO2-sensory). The AFD cell bodies are located near the anterior border of the lateral ganglia.  The AFDs have anterior dendrites that end near the amphid pore. The distal tip of the AFD dendrites have a single cilia surrounded by dozens of microvilli leading to a finger-like appearance.  The AFD cilia and microvilli are embedded within the distal ending of the amphid sheath glia. The number of microvilli expand during the dauer stage (Albert and Riddle, 1983). The axons of AFD extend ventrally towards and into the ventral cord via the amphid commissure. The axons then enter the nerve ring and run dorsally around the outer posterior edge where their main synaptic output is to the AIY interneurons. AFDL is born from AB lineage (AB alpppapav) at approximately 275 minutes after the first cellular cleavage at 20° C and is sister to RMDL. The AFD cell bodies are born near the presumptive nose during embryonic development, then anchor a short projection there before the cell body migrates away, stretching the dendrite out behind (Heiman and Shaham, 2010).  Embryonic lineage: ABalpppapa","Use glutamate as neurotransmitter and release FLP-6, NLP-7, NLP-21, possibly PDF-1 neuropeptides (Barrios et al., 2012; Ohnishi et al., 2011; Loer and Rand, 2022; Li and Kim, 2008; Rogers et al., 2003; Nathoo et al., 2001). Express receptors GCY-8, GCY-18, GCY-23 (transmembrane guanylyl cyclases redundantly producing cGMP in AFD; gcy-23, gcy-8, gcy-18 triple mutants show cryophilic or athermotactic phenotype), GCY-29 (transmembrane guanylyl cyclase), TMC-1 (salt-sensing cation channel), and innexins CHE-7, INX-1a, INX-1b, INX-2, INX-7, INX-10a, INX-19, UNC-7 (Wormbase; Chatzigeorgiou et al., 2013; Ortiz et al., 2006; Inada et al., 2006; Yu et al., 1997; Altun et al., 2009; Bhattacharya et al., 2019; Chuang et al., 2007; Liu et al., 2006). Main thermosensors in C. elegans; laser ablation of AFD pair makes most animals athermotactic (Ma and Shen, 2012; Beverly et al., 2011; Kuhara et al., 2008; Satterlee et al., 2004; Mori and Ohshima, 1995). After cultivation at uniform temperature (Tc) with food, animals preferentially migrate to Tc on thermal gradient and move isothermally; animals sense and memorize Tc by AFD (major thermosensory), AWC, ASI neurons (Beverly et al., 2011; Kuhara et al., 2008; Biron et al., 2008). Memory is plastic and resets upon different temperature cultivation (Hedgecock and Russell, 1975). Animals track isotherms by suppressing turns once serendipitously aligned along isotherm (Luo et al., 2006). Increase reversal and turn frequency detecting temperature rise, moving back down gradient toward Tc (negative thermotaxis). Respond to thermal stimuli above Tc with continuous, graded calcium signals due to Ca2+ influx via cGMP-dependent TAX-2/TAX-4 cation channels; AFD, AWC, ASI may act in concert increasing turning rate at higher temperatures (Biron et al., 2008). Thermal information transmitted by AFD and AWC to AIY interneurons for processing, with AIY transmitting to AIZ and RIA for further processing. Activation by warming above Tc induces reversal by inhibiting AIY (AFD ablation suppresses spontaneous reversals in AIY-dependent manner; AIY ablation increases spontaneous reversals) (de Bono and Maricq, 2005; Tsalik and Hobert, 2003). GPCR SRTX-1 required in both AFD and AWC for normal isothermal tracking (Liu et al., 2012). In addition to viable range temperature sensing (~15-25°C), participate in noxious temperature thermonociception (~35-38°C) inducing temperature avoidance response with reflex-like escape reaction along with FLP (head) and PHC (tail) neurons; avoidance requires TAX-2, TAX-4 cell autonomously in AFD and TRPV channels (OCR-2/OSM-9) in FLP and PHC (Liu et al., 2012). For ambient temperature, cGMP production through GCY-23, GCY-8, GCY-18; for noxious heat, mainly through GCY-12. Noxious temperature avoidance via AFD involves AIB interneuron. Laser ablations cause hyporeversal phenotype (Tsalik and Hobert, 2003). Primary CO2 sensors along with BAG and ASE (oxygen-sensing neurons AQR, PQR, URX weakly CO2 responsive); AFD and BAG together stimulate turning when CO2 rises and inhibit turning when CO2 falls (Bretscher et al., 2011). May be involved in social feeding since disruption of tax-2 expression in AFD, AQR, ASE, BAG disrupts social feeding (Coates and de Bono, 2002). Premier model for studying thermosensation, most extensively studied thermosensory neuron, essential for understanding temperature memory and thermotaxis algorithms.",AFDL; afdl; AFDL,Located in the nervous system,,,https://wormbase.org/species/all/anatomy_term/WBbt:0003993,WormFindr Information Cards (Nov 2024),[Imported from WormFindr],review,,
AFDR,AFDR cell,AFDR,cell,,WBbt:0003991,c-elegans,NCBITaxon:6239,L1,hermaphrodite,"AFDR (Amphid Finger-like D Right) - The AFD neurons are ciliated amphid sensory neurons (thermosensory and CO2-sensory). The AFD cell bodies are located near the anterior border of the lateral ganglia.  The AFDs have anterior dendrites that end near the amphid pore. The distal tip of the AFD dendrites have a single cilia surrounded by dozens of microvilli leading to a finger-like appearance.  The AFD cilia and microvilli are embedded within the distal ending of the amphid sheath glia. The number of microvilli expand during the dauer stage (Albert and Riddle, 1983). The axons of AFD extend ventrally towards and into the ventral cord via the amphid commissure. The axons then enter the nerve ring and run dorsally around the outer posterior edge where their main synaptic output is to the AIY interneurons. AFDR is born from AB lineage (AB praaaapav) at approximately 300 minutes after the first cellular cleavage at 20° C and is sister to RMDR. The AFD cell bodies are born near the presumptive nose during embryonic development, then anchor a short projection there before the cell body migrates away, stretching the dendrite out behind (Heiman and Shaham, 2010).  Embryonic lineage: ABpraaaapa","Use glutamate as neurotransmitter and release FLP-6, NLP-7, NLP-21, possibly PDF-1 neuropeptides (Barrios et al., 2012; Ohnishi et al., 2011; Loer and Rand, 2022; Li and Kim, 2008; Rogers et al., 2003; Nathoo et al., 2001). Express receptors GCY-8, GCY-18, GCY-23 (transmembrane guanylyl cyclases redundantly producing cGMP in AFD; gcy-23, gcy-8, gcy-18 triple mutants show cryophilic or athermotactic phenotype), GCY-29 (transmembrane guanylyl cyclase), TMC-1 (salt-sensing cation channel), and innexins CHE-7, INX-1a, INX-1b, INX-2, INX-7, INX-10a, INX-19, UNC-7 (Wormbase; Chatzigeorgiou et al., 2013; Ortiz et al., 2006; Inada et al., 2006; Yu et al., 1997; Altun et al., 2009; Bhattacharya et al., 2019; Chuang et al., 2007; Liu et al., 2006). Main thermosensors in C. elegans; laser ablation of AFD pair makes most animals athermotactic (Ma and Shen, 2012; Beverly et al., 2011; Kuhara et al., 2008; Satterlee et al., 2004; Mori and Ohshima, 1995). After cultivation at uniform temperature (Tc) with food, animals preferentially migrate to Tc on thermal gradient and move isothermally; animals sense and memorize Tc by AFD (major thermosensory), AWC, ASI neurons (Beverly et al., 2011; Kuhara et al., 2008; Biron et al., 2008). Memory is plastic and resets upon different temperature cultivation (Hedgecock and Russell, 1975). Animals track isotherms by suppressing turns once serendipitously aligned along isotherm (Luo et al., 2006). Increase reversal and turn frequency detecting temperature rise, moving back down gradient toward Tc (negative thermotaxis). Respond to thermal stimuli above Tc with continuous, graded calcium signals due to Ca2+ influx via cGMP-dependent TAX-2/TAX-4 cation channels; AFD, AWC, ASI may act in concert increasing turning rate at higher temperatures (Biron et al., 2008). Thermal information transmitted by AFD and AWC to AIY interneurons for processing, with AIY transmitting to AIZ and RIA for further processing. Activation by warming above Tc induces reversal by inhibiting AIY (AFD ablation suppresses spontaneous reversals in AIY-dependent manner; AIY ablation increases spontaneous reversals) (de Bono and Maricq, 2005; Tsalik and Hobert, 2003). GPCR SRTX-1 required in both AFD and AWC for normal isothermal tracking (Liu et al., 2012). In addition to viable range temperature sensing (~15-25°C), participate in noxious temperature thermonociception (~35-38°C) inducing temperature avoidance response with reflex-like escape reaction along with FLP (head) and PHC (tail) neurons; avoidance requires TAX-2, TAX-4 cell autonomously in AFD and TRPV channels (OCR-2/OSM-9) in FLP and PHC (Liu et al., 2012). For ambient temperature, cGMP production through GCY-23, GCY-8, GCY-18; for noxious heat, mainly through GCY-12. Noxious temperature avoidance via AFD involves AIB interneuron. Laser ablations cause hyporeversal phenotype (Tsalik and Hobert, 2003). Primary CO2 sensors along with BAG and ASE (oxygen-sensing neurons AQR, PQR, URX weakly CO2 responsive); AFD and BAG together stimulate turning when CO2 rises and inhibit turning when CO2 falls (Bretscher et al., 2011). May be involved in social feeding since disruption of tax-2 expression in AFD, AQR, ASE, BAG disrupts social feeding (Coates and de Bono, 2002). Premier model for studying thermosensation, most extensively studied thermosensory neuron, essential for understanding temperature memory and thermotaxis algorithms.",AFDR; afdr; AFDR,Located in the nervous system,,,https://wormbase.org/species/all/anatomy_term/WBbt:0003991,WormFindr Information Cards (Nov 2024),[Imported from WormFindr],review,,
AIAL,AIAL cell,AIAL,cell,,WBbt:0003989,c-elegans,NCBITaxon:6239,L1,hermaphrodite,AIAL is a neuron cell in the nervous system of C. elegans. Ring interneuron located in left ventral ganglion. Sends process into nerve ring. Embryonic lineage: ABplppaappa,Unknown - function not yet characterized in this dataset,AIAL; aial; AIAL,Located in the nervous system,,,https://wormbase.org/species/all/anatomy_term/WBbt:0003989,WormFindr Information Cards (Nov 2024),[Imported from WormFindr],review,,
AIAR,AIAR cell,AIAR,cell,,WBbt:0003987,c-elegans,NCBITaxon:6239,L1,hermaphrodite,AIAR is a neuron cell in the nervous system of C. elegans. Ring interneuron located in right ventral ganglion. Sends process into nerve ring. Embryonic lineage: ABprppaappa,Unknown - function not yet characterized in this dataset,AIAR; aiar; AIAR,Located in the nervous system,,,https://wormbase.org/species/all/anatomy_term/WBbt:0003987,WormFindr Information Cards (Nov 2024),[Imported from WormFindr],review,,
AIBL,AIBL cell,AIBL,cell,,WBbt:0003985,c-elegans,NCBITaxon:6239,L1,hermaphrodite,"AIBL (Amphid I Neuron Class B) - Interneurons. Located in lateral ganglia in the head. Born from AB lineage: AB plaapappa. Amphid interneurons with process traveling through amphid commissure to enter ventral cord, then traveling anteriorly to enter nerve ring, running dorsally with brief anterior turn at midline, then round the nerve ring, reentering ventral cord on opposite side and ending within ventral ganglion. Use betaine and glutamate as neurotransmitters and release FLP-20 neuropeptide (Wang et al., 2024; Pereira et al., 2015; Li and Kim, 2008). Express receptors GLR-1, GLR-2 (glutamate-activated cation channels), possibly GLR-5 (kainate-type glutamate receptor), possibly GGR-1 (GABA-A/glycine receptor-like), possibly MGL-2 (metabotropic glutamate receptor), and innexins INX-1, INX-2, INX-6 (dauer only), INX-7, INX-10a, INX-18a, UNC-7, UNC-9 (Wormbase; Fujiwara et al., 1996; Maricq et al., 1995; Brockie et al., 2001; Kang and Avery, 2009; Altun et al., 2009; Bhattacharya et al., 2019). One of four first-layer amphid interneuron pairs (AIA, AIB, AIY, AIZ) receiving and processing synaptic output from amphid sensory neurons. AIA pair sums inputs from chemosensory neurons before passing information to AIB which synapses onto motor neurons, with AIA-AIB connections likely inhibitory (Wakayabashi et al., 2004). Function in locomotion with AIB not affecting turning rates while AIA and AIY inhibit turns (Garrity et al., 2010; Wakayabashi et al., 2004). Process information within AWC-AIB-AIY circuit controlling food- and odor-evoked behaviors: after food removal, animals initiate local search behavior (reversals and omega turns) followed by dispersal ~30 min later; local search triggered by AWC olfactory neurons, ASK gustatory neurons, and AIB interneurons, while dispersal promoted by ASI gustatory neurons and AIY interneurons (Gray et al., 2005). AWC neurons activated by odor removal activate AIB through AMPA-type glutamate receptors while inhibiting AIY through glutamate-gated chloride channels, with opposite regulation generating coordinated behavioral response (Chalasani et al., 2007). Regulate lifespan and starvation response (starvation induces heat-shock resistance, oxidative stress resistance, lifespan extension): amino acids (leu, gln, ala, val, ile) act as anti-hunger signaling molecules activating AIY and inhibiting AIB by modulating MGL-1 and MGL-2 metabotropic glutamate receptors; AIY inhibits starvation response while AIB activates it (Shen et al., 2010; Kang and Avery, 2009). Important model for understanding sensory integration, first-layer processing, and how interneurons combine multiple sensory modalities for context-dependent behavior. Embryonic lineage: ABplaapapp",Unknown - function not yet characterized in this dataset,AIBL; aibl; AIBL,Located in the nervous system,,,https://wormbase.org/species/all/anatomy_term/WBbt:0003985,WormFindr Information Cards (Nov 2024),[Imported from WormFindr],review,,
AIBR,AIBR cell,AIBR,cell,,WBbt:0003984,c-elegans,NCBITaxon:6239,L1,hermaphrodite,"AIBR (Amphid I Neuron Class B) - Interneurons. Located in lateral ganglia in the head. Born from AB lineage: AB praapappa. Amphid interneurons with process traveling through amphid commissure to enter ventral cord, then traveling anteriorly to enter nerve ring, running dorsally with brief anterior turn at midline, then round the nerve ring, reentering ventral cord on opposite side and ending within ventral ganglion. Use betaine and glutamate as neurotransmitters and release FLP-20 neuropeptide (Wang et al., 2024; Pereira et al., 2015; Li and Kim, 2008). Express receptors GLR-1, GLR-2 (glutamate-activated cation channels), possibly GLR-5 (kainate-type glutamate receptor), possibly GGR-1 (GABA-A/glycine receptor-like), possibly MGL-2 (metabotropic glutamate receptor), and innexins INX-1, INX-2, INX-6 (dauer only), INX-7, INX-10a, INX-18a, UNC-7, UNC-9 (Wormbase; Fujiwara et al., 1996; Maricq et al., 1995; Brockie et al., 2001; Kang and Avery, 2009; Altun et al., 2009; Bhattacharya et al., 2019). One of four first-layer amphid interneuron pairs (AIA, AIB, AIY, AIZ) receiving and processing synaptic output from amphid sensory neurons. AIA pair sums inputs from chemosensory neurons before passing information to AIB which synapses onto motor neurons, with AIA-AIB connections likely inhibitory (Wakayabashi et al., 2004). Function in locomotion with AIB not affecting turning rates while AIA and AIY inhibit turns (Garrity et al., 2010; Wakayabashi et al., 2004). Process information within AWC-AIB-AIY circuit controlling food- and odor-evoked behaviors: after food removal, animals initiate local search behavior (reversals and omega turns) followed by dispersal ~30 min later; local search triggered by AWC olfactory neurons, ASK gustatory neurons, and AIB interneurons, while dispersal promoted by ASI gustatory neurons and AIY interneurons (Gray et al., 2005). AWC neurons activated by odor removal activate AIB through AMPA-type glutamate receptors while inhibiting AIY through glutamate-gated chloride channels, with opposite regulation generating coordinated behavioral response (Chalasani et al., 2007). Regulate lifespan and starvation response (starvation induces heat-shock resistance, oxidative stress resistance, lifespan extension): amino acids (leu, gln, ala, val, ile) act as anti-hunger signaling molecules activating AIY and inhibiting AIB by modulating MGL-1 and MGL-2 metabotropic glutamate receptors; AIY inhibits starvation response while AIB activates it (Shen et al., 2010; Kang and Avery, 2009). Important model for understanding sensory integration, first-layer processing, and how interneurons combine multiple sensory modalities for context-dependent behavior. Embryonic lineage: ABpraapapp",Unknown - function not yet characterized in this dataset,AIBR; aibr; AIBR,Located in the nervous system,,,https://wormbase.org/species/all/anatomy_term/WBbt:0003984,WormFindr Information Cards (Nov 2024),[Imported from WormFindr],review,,
AIML,AIML cell,AIML,cell,,WBbt:0003983,c-elegans,NCBITaxon:6239,L1,hermaphrodite,AIML is a neuron cell in the nervous system of C. elegans. Ring interneuron located in left ventral ganglion. Sends process into nerve ring. Embryonic lineage: ABplpaapppa,Unknown - function not yet characterized in this dataset,AIML; aiml; AIML,Located in the nervous system,,,https://wormbase.org/species/all/anatomy_term/WBbt:0003983,WormFindr Information Cards (Nov 2024),[Imported from WormFindr],review,,
AIMR,AIMR cell,AIMR,cell,,WBbt:0003969,c-elegans,NCBITaxon:6239,L1,hermaphrodite,AIMR is a neuron cell in the nervous system of C. elegans. Ring interneuron located in right ventral ganglion. Sends process into nerve ring. Embryonic lineage: ABprpaapppa,Unknown - function not yet characterized in this dataset,AIMR; aimr; AIMR,Located in the nervous system,,,https://wormbase.org/species/all/anatomy_term/WBbt:0003969,WormFindr Information Cards (Nov 2024),[Imported from WormFindr],review,,
AINL,AINL cell,AINL,cell,,WBbt:0003967,c-elegans,NCBITaxon:6239,L1,hermaphrodite,AINL is a neuron cell in the nervous system of C. elegans. Ring interneuron located in left lateral ganglion. Sends process anteriorly into nerve ring. Embryonic lineage: ABalaaaalal,Unknown - function not yet characterized in this dataset,AINL; ainl; AINL,Located in the nervous system,,,https://wormbase.org/species/all/anatomy_term/WBbt:0003967,WormFindr Information Cards (Nov 2024),[Imported from WormFindr],review,,
AINR,AINR cell,AINR,cell,,WBbt:0003965,c-elegans,NCBITaxon:6239,L1,hermaphrodite,AINR is a neuron cell in the nervous system of C. elegans. Ring interneuron located in right lateral ganglion. Sends process anteriorly into nerve ring. Embryonic lineage: ABalaapaaar,Unknown - function not yet characterized in this dataset,AINR; ainr; AINR,Located in the nervous system,,,https://wormbase.org/species/all/anatomy_term/WBbt:0003965,WormFindr Information Cards (Nov 2024),[Imported from WormFindr],review,,
AIYL,AIYL cell,AIYL,cell,,WBbt:0003963,c-elegans,NCBITaxon:6239,L1,hermaphrodite,"AIYL (Amphid I Neuron Class Y) - Interneurons. Located in ventral ganglion in the head. Born from AB lineage: AB plpapaaap. Amphid interneurons with process entering nerve ring from ventral side, running dorsally within nerve ring, meeting contralateral partner at dorsal midline and making gap junction with it. Use acetylcholine as neurotransmitter and release FLP-1 and FLP-18 neuropeptides (Li and Kim, 2008; Rogers et al., 2003; Altun-Gultekin et al., 2001). Express receptors ACR-14 (nicotinic AChR alpha subunit), C50F7.1 (tachykinin receptor-like), CKR-2 (cholecystokinin receptor-like), GAR-2 (muscarinic AChR), and innexins INX-1, INX-2, INX-7, INX-10a, INX-14, INX-18a, INX-18b, INX-19, UNC-9 (Altun et al., 2009; Bhattacharya et al., 2019; Chuang et al., 2007). One of four first-layer amphid interneuron pairs (AIA, AIB, AIY, AIZ) receiving and processing synaptic output from amphid sensory neurons. Postsynaptic to several olfactory and gustatory sensory neurons (ASE, ASI, AWA, AWC, AFD), playing integrative role processing multiple sensory information streams with key role in behavioral plasticity when starvation paired with thermal or chemical cues (de Bono and Maricq, 2005; Ishihara et al., 2002). Function in thermotaxis: ablation makes animals cryophilic and impairs isothermal tracking (Mori and Ohshima, 1995). Thermal information from AFD, AWC, ASI processed in thermotaxis core interneurons AIY, AIZ, RIA and likely AIA, AIB (Ma and Shen, 2012; Sasakura and Mori, 2012; Ardiel and Rankin, 2011; Beverly et al., 2011). In two-drive thermotaxis model, AIY activation drives warm-seeking (thermophilic) movement, AIZ activation drives cold-seeking (cryophilic), with counterbalancing through RIA executing motor output (Ohnishi et al., 2011; Kuhara et al., 2008). Major postsynaptic partner of AWC and AFD: AWC glutamatergic signals stimulate AIY inducing warmer temperature migration (Ohnishi et al., 2011); AFD transmits both inhibitory and stimulatory signals to AIY with calcium threshold in AFD acting as switch for opposing signals directing opposite behaviors (Kuhara et al., 2011). AFD glutamatergic signals inhibit AIY through GLC-3 glutamate-gated chloride channel driving colder temperature migration, with AFD/AIY synapse evolved for reliable transmission of scaled-down temperature signal enabling AIY to monitor and integrate temperature with other sensory inputs (Narayan et al., 2011). Suppress turns and reversals enhancing smooth forward movements and dispersal: ablation increases reversals and turns, disrupts dispersal behavior, shortens forward movements (Gray et al., 2005; Wakayabashi et al., 2004; Tsalik and Hobert, 2003). Process information within AWC-AIB-AIY circuit: AWC activated by odor removal activates AIB through AMPA receptors while inhibiting AIY through glutamate-gated chloride channels; odor presentation relieves inhibition activating AIY, with opposite regulation generating coordinated response (Chalasani et al., 2007). Regulate lifespan and starvation response: amino acid signals activate AIY (inhibiting starvation response) and inhibit AIB (activating it) by modulating MGL-1 and MGL-2 metabotropic glutamate receptors (Shen et al., 2010; Kang and Avery, 2009). Most extensively studied chemosensory interneuron, essential for understanding chemotaxis algorithms, thermotaxis, and premier example of how interneuron connectivity implements behavioral algorithms. Embryonic lineage: ABplpapaaa",Unknown - function not yet characterized in this dataset,AIYL; aiyl; AIYL,Located in the nervous system,,,https://wormbase.org/species/all/anatomy_term/WBbt:0003963,WormFindr Information Cards (Nov 2024),[Imported from WormFindr],review,,
AIYR,AIYR cell,AIYR,cell,,WBbt:0003961,c-elegans,NCBITaxon:6239,L1,hermaphrodite,"AIYR (Amphid I Neuron Class Y) - Interneurons. Located in ventral ganglion in the head. Born from AB lineage: AB prpapaaap. Amphid interneurons with process entering nerve ring from ventral side, running dorsally within nerve ring, meeting contralateral partner at dorsal midline and making gap junction with it. Use acetylcholine as neurotransmitter and release FLP-1 and FLP-18 neuropeptides (Li and Kim, 2008; Rogers et al., 2003; Altun-Gultekin et al., 2001). Express receptors ACR-14 (nicotinic AChR alpha subunit), C50F7.1 (tachykinin receptor-like), CKR-2 (cholecystokinin receptor-like), GAR-2 (muscarinic AChR), and innexins INX-1, INX-2, INX-7, INX-10a, INX-14, INX-18a, INX-18b, INX-19, UNC-9 (Altun et al., 2009; Bhattacharya et al., 2019; Chuang et al., 2007). One of four first-layer amphid interneuron pairs (AIA, AIB, AIY, AIZ) receiving and processing synaptic output from amphid sensory neurons. Postsynaptic to several olfactory and gustatory sensory neurons (ASE, ASI, AWA, AWC, AFD), playing integrative role processing multiple sensory information streams with key role in behavioral plasticity when starvation paired with thermal or chemical cues (de Bono and Maricq, 2005; Ishihara et al., 2002). Function in thermotaxis: ablation makes animals cryophilic and impairs isothermal tracking (Mori and Ohshima, 1995). Thermal information from AFD, AWC, ASI processed in thermotaxis core interneurons AIY, AIZ, RIA and likely AIA, AIB (Ma and Shen, 2012; Sasakura and Mori, 2012; Ardiel and Rankin, 2011; Beverly et al., 2011). In two-drive thermotaxis model, AIY activation drives warm-seeking (thermophilic) movement, AIZ activation drives cold-seeking (cryophilic), with counterbalancing through RIA executing motor output (Ohnishi et al., 2011; Kuhara et al., 2008). Major postsynaptic partner of AWC and AFD: AWC glutamatergic signals stimulate AIY inducing warmer temperature migration (Ohnishi et al., 2011); AFD transmits both inhibitory and stimulatory signals to AIY with calcium threshold in AFD acting as switch for opposing signals directing opposite behaviors (Kuhara et al., 2011). AFD glutamatergic signals inhibit AIY through GLC-3 glutamate-gated chloride channel driving colder temperature migration, with AFD/AIY synapse evolved for reliable transmission of scaled-down temperature signal enabling AIY to monitor and integrate temperature with other sensory inputs (Narayan et al., 2011). Suppress turns and reversals enhancing smooth forward movements and dispersal: ablation increases reversals and turns, disrupts dispersal behavior, shortens forward movements (Gray et al., 2005; Wakayabashi et al., 2004; Tsalik and Hobert, 2003). Process information within AWC-AIB-AIY circuit: AWC activated by odor removal activates AIB through AMPA receptors while inhibiting AIY through glutamate-gated chloride channels; odor presentation relieves inhibition activating AIY, with opposite regulation generating coordinated response (Chalasani et al., 2007). Regulate lifespan and starvation response: amino acid signals activate AIY (inhibiting starvation response) and inhibit AIB (activating it) by modulating MGL-1 and MGL-2 metabotropic glutamate receptors (Shen et al., 2010; Kang and Avery, 2009). Most extensively studied chemosensory interneuron, essential for understanding chemotaxis algorithms, thermotaxis, and premier example of how interneuron connectivity implements behavioral algorithms. Embryonic lineage: ABprpapaaa",Unknown - function not yet characterized in this dataset,AIYR; aiyr; AIYR,Located in the nervous system,,,https://wormbase.org/species/all/anatomy_term/WBbt:0003961,WormFindr Information Cards (Nov 2024),[Imported from WormFindr],review,,
AIZL,AIZL cell,AIZL,cell,,WBbt:0003959,c-elegans,NCBITaxon:6239,L1,hermaphrodite,"AIZL (Amphid I Neuron Class Z) - Interneurons. Located in lateral ganglia in the head. Born from AB lineage: AB plapaaapav for AIZL. Ring interneurons with process of each AIZ neuron traveling through amphid commissure to enter ventral cord, then traveling anteriorly to enter nerve ring, running dorsally within nerve ring, meeting contralateral partner at dorsal midline and making gap junction with it. Use glutamate as neurotransmitter and release FLP-22 neuropeptide (Loer and Rand, 2022; Li and Kim, 2008; Lee et al., 1999). Express receptors SER-2 (tyramine receptor, two separate splice variants) and innexins INX-1a, INX-1b, INX-2, INX-7, INX-10a, INX-14, INX-19, UNC-7, UNC-9 (Altun, 2011; Tsalik et al., 2003; Altun et al., 2009; Bhattacharya et al., 2019). One of four first-layer amphid interneuron pairs (AIA, AIB, AIY, AIZ) receiving and processing synaptic output from amphid sensory neurons toward behavioral response. Along with second-layer RIA and RIB interneurons, receive heavy input from first layer AIA, AIB, AIY interneurons and send outputs to RIA and RIB. Synapse directly onto SMB head motor neurons. Function in thermotaxis: along with AIY and RIA, are thermotaxis core interneurons (Sasakura and Mori, 2012). Laser ablation makes animals thermophilic. Thermal information from AFD, AWC, ASI processed in downstream interneurons AIY, AIZ, RIA and likely AIA, AIB. In original two-drive thermotaxis model, AIY activation drives warm-seeking (thermophilic) movement, AIZ activation drives cold-seeking (cryophilic) movement, with counterbalancing between AIY and AIZ signals possibly through RIA executing motor output in response to thermal signals. However, evidence suggests thermophilic drive below cultivation temperature (Tc) does not exist and thermotaxis regulation involves more complex circuit: around Tc animals track isothermally on gradient, above Tc display negative thermotaxis by regulating turning frequency and run duration; thermosensory signals from AFD, AWC, ASI converge on AIB in negative thermotaxis, while AIY/AIZ/RIA network may function mainly in isothermal tracking (Ma and Shen, 2012; Sasakura and Mori, 2012; Ardiel and Rankin, 2011; Beverly et al., 2011; Ohnishi et al., 2011; Kuhara et al., 2008; Ryu and Samuel, 2002; Mori and Ohshima, 1995). During associative learning between temperature and feeding state, starvation (conditioning factor) downregulates AIZ activity through calcineurin/TAX-6 (calcium-activated phosphatase), leading to Tc avoidance (Kuhara and Mori, 2006). Function in locomotion: laser ablation, like AIB and AWC, causes decreased reversals and large increases in forward movement duration; since AIY and AIZ ablations cause opposite behavioral phenotypes, AIY synapses onto AIZ may be inhibitory, or signals from AIY to AIZ could be processed in downstream neuron such as RIA (Iino and Yoshida, 2009; de Bono and Maricq, 2005; Tsalik and Hobert, 2003). Function in chemotaxis: laser ablation causes defects in weathervane (slow turning by biased head swing) and pirouette (bout of sharp turns generated by frequent reversals followed by omega turns) responses, leading to impaired chemotaxis (Iino and Yoshida, 2009). Important model for understanding thermotaxis, cold-seeking behavior, and integration of thermal information with locomotor output. Embryonic lineage: ABplapaaapa",Unknown - function not yet characterized in this dataset,AIZL; aizl; AIZL,Located in the nervous system,,,https://wormbase.org/species/all/anatomy_term/WBbt:0003959,WormFindr Information Cards (Nov 2024),[Imported from WormFindr],review,,
AIZR,AIZR cell,AIZR,cell,,WBbt:0003957,c-elegans,NCBITaxon:6239,L1,hermaphrodite,"AIZR (Amphid I Neuron Class Z) - Interneurons. Located in lateral ganglia in the head. Born from AB lineage: AB prapaaapav for AIZR. Ring interneurons with process of each AIZ neuron traveling through amphid commissure to enter ventral cord, then traveling anteriorly to enter nerve ring, running dorsally within nerve ring, meeting contralateral partner at dorsal midline and making gap junction with it. Use glutamate as neurotransmitter and release FLP-22 neuropeptide (Loer and Rand, 2022; Li and Kim, 2008; Lee et al., 1999). Express receptors SER-2 (tyramine receptor, two separate splice variants) and innexins INX-1a, INX-1b, INX-2, INX-7, INX-10a, INX-14, INX-19, UNC-7, UNC-9 (Altun, 2011; Tsalik et al., 2003; Altun et al., 2009; Bhattacharya et al., 2019). One of four first-layer amphid interneuron pairs (AIA, AIB, AIY, AIZ) receiving and processing synaptic output from amphid sensory neurons toward behavioral response. Along with second-layer RIA and RIB interneurons, receive heavy input from first layer AIA, AIB, AIY interneurons and send outputs to RIA and RIB. Synapse directly onto SMB head motor neurons. Function in thermotaxis: along with AIY and RIA, are thermotaxis core interneurons (Sasakura and Mori, 2012). Laser ablation makes animals thermophilic. Thermal information from AFD, AWC, ASI processed in downstream interneurons AIY, AIZ, RIA and likely AIA, AIB. In original two-drive thermotaxis model, AIY activation drives warm-seeking (thermophilic) movement, AIZ activation drives cold-seeking (cryophilic) movement, with counterbalancing between AIY and AIZ signals possibly through RIA executing motor output in response to thermal signals. However, evidence suggests thermophilic drive below cultivation temperature (Tc) does not exist and thermotaxis regulation involves more complex circuit: around Tc animals track isothermally on gradient, above Tc display negative thermotaxis by regulating turning frequency and run duration; thermosensory signals from AFD, AWC, ASI converge on AIB in negative thermotaxis, while AIY/AIZ/RIA network may function mainly in isothermal tracking (Ma and Shen, 2012; Sasakura and Mori, 2012; Ardiel and Rankin, 2011; Beverly et al., 2011; Ohnishi et al., 2011; Kuhara et al., 2008; Ryu and Samuel, 2002; Mori and Ohshima, 1995). During associative learning between temperature and feeding state, starvation (conditioning factor) downregulates AIZ activity through calcineurin/TAX-6 (calcium-activated phosphatase), leading to Tc avoidance (Kuhara and Mori, 2006). Function in locomotion: laser ablation, like AIB and AWC, causes decreased reversals and large increases in forward movement duration; since AIY and AIZ ablations cause opposite behavioral phenotypes, AIY synapses onto AIZ may be inhibitory, or signals from AIY to AIZ could be processed in downstream neuron such as RIA (Iino and Yoshida, 2009; de Bono and Maricq, 2005; Tsalik and Hobert, 2003). Function in chemotaxis: laser ablation causes defects in weathervane (slow turning by biased head swing) and pirouette (bout of sharp turns generated by frequent reversals followed by omega turns) responses, leading to impaired chemotaxis (Iino and Yoshida, 2009). Important model for understanding thermotaxis, cold-seeking behavior, and integration of thermal information with locomotor output. Embryonic lineage: ABprapaaapa",Unknown - function not yet characterized in this dataset,AIZR; aizr; AIZR,Located in the nervous system,,,https://wormbase.org/species/all/anatomy_term/WBbt:0003957,WormFindr Information Cards (Nov 2024),[Imported from WormFindr],review,,
ALA,ALA cell,ALA,cell,,WBbt:0003955,c-elegans,NCBITaxon:6239,L1,hermaphrodite,ALA is a neuron cell in the nervous system of C. elegans. Polymodal neuron located in dorsal ganglion. Sends branching process into nerve ring that then travels posteriorly along excretory canals. This specimen does not have an additional process that travels along the dorsal cord. Embryonic lineage: ABalapppaaa,Unknown - function not yet characterized in this dataset,ALA; ala; ALA,Located in the nervous system,,,https://wormbase.org/species/all/anatomy_term/WBbt:0003955,WormFindr Information Cards (Nov 2024),[Imported from WormFindr],review,,
ALML,ALML cell,ALML,cell,,WBbt:0003954,c-elegans,NCBITaxon:6239,L1,hermaphrodite,"ALML (Anterior Lateral Microtubule Cells) - The ALMs are mechanosensory neurons. The cell bodies are located laterally in mid-body after migrating during embryonic development from their birthplace at the anterior edge of the intestine.  ALML is among the six non-ciliated touch receptor neurons (TRN) that extend long, 15-protofilament microtubule (MT)-filled neurites in close apposition to the hypodermis and cuticle. The ALM processes extend anteriorly past the nerve ring and lie between the seam cells and the subdorsal body wall muscle, often embedded with the lateral hypodermis. ALML is born from AB lineage: AB arppaappa.","The ALMs detect gentle touch that mediate backwards movement in response to mechanical stimuli. Mechanical force applied to ALM is transmitted to the membrane via MTs, causing membrane stretch that activates mechanosensory channel-opening rather than direct MT-channel gating (Cueva et al., 2007). Surrounded by specialized extracellular matrix called ""mantle"" around neurites. Spontaneous neural activity endogenously decreases during larval lethargus (Schwarz et al., 2011). Express MEC-3, MEC-4, and MEC-10 mechanosensory channel subunits. Founding members of the mechanosensory neuron class in Chalfie's Nobel Prize-winning work (2008). Essential model for mechanotransduction, extensively used with mec-4::GFP and mec-7::GFP markers in behavioral studies of touch response and habituation.",ALML; alml; ALML,Located in the nervous system,,,https://wormbase.org/species/all/anatomy_term/WBbt:0003954,WormFindr Information Cards (Nov 2024),[Imported from WormFindr],review,,
ALMR,ALMR cell,ALMR,cell,,WBbt:0003953,c-elegans,NCBITaxon:6239,L1,hermaphrodite,"ALMR (Anterior Lateral Microtubule Right) - The ALMs are mechanosensory neurons. The cell bodies are located laterally in mid-body after migrating during embryonic development from their birthplace at the anterior edge of the intestine.  ALML is among the six non-ciliated touch receptor neurons (TRN) that extend long, 15-protofilament microtubule (MT)-filled neurites in close apposition to the hypodermis and cuticle. The ALM processes extend anteriorly past the nerve ring and lie between the seam cells and the subdorsal body wall muscle, often embedded with the lateral hypodermis. ALMR is born from AB lineage: AB arpppappa.","The ALMs detect gentle touch that mediate backwards movement in response to mechanical stimuli. Mechanical force applied to ALM is transmitted to the membrane via MTs, causing membrane stretch that activates mechanosensory channel-opening rather than direct MT-channel gating (Cueva et al., 2007). Surrounded by specialized extracellular matrix called ""mantle"" around neurites. Spontaneous neural activity endogenously decreases during larval lethargus (Schwarz et al., 2011). Express MEC-3, MEC-4, and MEC-10 mechanosensory channel subunits. Founding members of the mechanosensory neuron class in Chalfie's Nobel Prize-winning work (2008). Essential model for mechanotransduction, extensively used with mec-4::GFP and mec-7::GFP markers in behavioral studies of touch response and habituation.",ALMR; almr; ALMR,Located in the nervous system,,,https://wormbase.org/species/all/anatomy_term/WBbt:0003953,WormFindr Information Cards (Nov 2024),[Imported from WormFindr],review,,
ALNL,ALNL cell,ALNL,cell,,WBbt:0003939,c-elegans,NCBITaxon:6239,L1,hermaphrodite,ALNL is a neuron cell in the nervous system of C. elegans. Sensory neuron located on left side in tail. Sends anterior process to nerve ring and posterior process to tail tip. Embryonic lineage: ABplapappppap,Unknown - function not yet characterized in this dataset,ALNL; alnl; ALNL,Located in the nervous system,,,https://wormbase.org/species/all/anatomy_term/WBbt:0003939,WormFindr Information Cards (Nov 2024),[Imported from WormFindr],review,,
ALNR,ALNR cell,ALNR,cell,,WBbt:0003937,c-elegans,NCBITaxon:6239,L1,hermaphrodite,ALNR is a neuron cell in the nervous system of C. elegans. Sensory neuron located on right side in tail. Sends anterior process to nerve ring and posterior process to tail tip. Embryonic lineage: ABprapappppap,Unknown - function not yet characterized in this dataset,ALNR; alnr; ALNR,Located in the nervous system,,,https://wormbase.org/species/all/anatomy_term/WBbt:0003937,WormFindr Information Cards (Nov 2024),[Imported from WormFindr],review,,
AMshL,AMshL cell,AMshL,cell,,WBbt:0003935,c-elegans,NCBITaxon:6239,L1,hermaphrodite,"AMshL (Amphid sheath left) is one of two bilateral glial sheath cells that wrap the ciliated endings of amphid sensory neurons. The AMsh cell bodies migrate from just posterior of the pharyngeal terminal bulb in L1 to adjacent to the dorsal and anterior edge of the pharyngeal terminal bulb (Sulston, 1977). The AMsh cells have an anterior process that ends near the amphid pore and connects with the AMso cells to create a channel for amphid channel neurons. Amphid sensory neuron endings of AFD, AWA, AWB, and AWC are embedded with the expanded AMsh ending. AMshL is born within the AB embryonic lineage (ABplaapaapp) at approximately 300 minutes after the first cell cleave at 20° C and is the sister cell to URBL. ",Unknown - function not yet characterized in this dataset,AMshL; amshl; AMSHL,Located in the nervous system,,,https://wormbase.org/species/all/anatomy_term/WBbt:0003935,WormFindr Information Cards (Nov 2024),[Imported from WormFindr],review,,
AMshR,AMshR cell,AMshR,cell,,WBbt:0003933,c-elegans,NCBITaxon:6239,L1,hermaphrodite,"AMshR (Amphid sheath right) is one of two bilateral glial sheath cells that wrap the ciliated endings of amphid sensory neurons. The AMsh cell bodies migrate from just posterior of the pharyngeal terminal bulb in L1 to adjacent to the dorsal and anterior edge of the pharyngeal terminal bulb (Sulston, 1977). The AMsh cells have an anterior process that ends near the amphid pore and connects with the AMso cells to create a channel for amphid channel neurons. Amphid sensory neuron endings of AFD, AWA, AWB, and AWC are embedded with the expanded AMsh ending. AMshR is born within the AB embryonic lineage (ABpraapaap) at approximately 300 minutes after the first cell cleave at 20° C and is the sister cell to URBR. 
",Unknown - function not yet characterized in this dataset,AMshR; amshr; AMSHR,Located in the nervous system,,,https://wormbase.org/species/all/anatomy_term/WBbt:0003933,WormFindr Information Cards (Nov 2024),[Imported from WormFindr],review,,
AMsoL,AMsoL cell,AMsoL,cell,,WBbt:0003931,c-elegans,NCBITaxon:6239,L1,hermaphrodite,AMsoL is a glia cell in the nervous system of C. elegans. Left amphid socket cell. Wraps around distal ciliated tip of amphid channel cilia Embryonic lineage: ABplpaapapa,Unknown - function not yet characterized in this dataset,AMsoL; amsol; AMSOL,Located in the nervous system,,,https://wormbase.org/species/all/anatomy_term/WBbt:0003931,WormFindr Information Cards (Nov 2024),[Imported from WormFindr],review,,
AMsoR,AMsoR cell,AMsoR,cell,,WBbt:0003929,c-elegans,NCBITaxon:6239,all,hermaphrodite,AMsoR is a glia cell in the nervous system of C. elegans. Right amphid socket cell. Wraps around distal ciliated tip of amphid channel cilia Embryonic lineage: ABprpaapapa,Unknown - function not yet characterized in this dataset,AMsoR; amsor; AMSOR,Located in the nervous system,,,https://wormbase.org/species/all/anatomy_term/WBbt:0003929,WormFindr Information Cards (Nov 2024),[Imported from WormFindr],review,,
Ant DTC,Ant DTC cell,Ant DTC,cell,,WBbt:0004520,c-elegans,NCBITaxon:6239,L1,hermaphrodite,"Ant DTC is a distal tip cell in the reproductive system of C. elegans hermaphrodites. Anterior leader cell of the gonad. Post-embryonic lineage: Z1.aa. Has thin trailing cytonemes. Leads gonad extension during development and also serves as a signal to germline to enter mitosis (Crittenden et al., 1994). Can be visualized using a lag-2::gfp reporter strain. ",Unknown - function not yet characterized in this dataset,Ant DTC; ant dtc; ANT DTC,Located in the reproductive system,,,https://wormbase.org/species/all/anatomy_term/WBbt:0004520,WormFindr Information Cards (Nov 2024),[Imported from WormFindr],review,,
AQR,AQR cell,AQR,cell,,WBbt:0003927,c-elegans,NCBITaxon:6239,L1,hermaphrodite,"AQR (Amphid QR neuron) - Sensory neuron (oxygen- and minor CO2-sensory). Located in head on right side near posterior bulb of pharynx. Born postembryonically from QR.ap lineage. Postembryonically born neuron with rudimentary cilium. AQR and its ciliated dendrite are directly exposed to pseudocoelomic body fluid. Axonal process projects into ring. Uses glutamate as neurotransmitter (Pereira et al., 2015). Expresses receptors GCY-25 (transmembrane guanylyl cyclase), GCY-32, GCY-34, GCY-35 (binds molecular oxygen mediating oxygen sensation, heterodimerizes with GCY-36), GCY-36, GCY-37 (soluble guanylyl cyclases), NPR-1 (peptide receptor), and innexins CHE-7, INX-1a, INX-1b, INX-7, INX-10a, UNC-7, UNC-9 (Bhattacharya et al., 2019). Functions in aerotaxis along with PQR, URX, AUA, regulating social feeding (aggregation on bacterial lawn) and bordering (accumulation on thickest part of bacterial lawn) behaviors; suppressing activity of AQR, PQR, URX inhibits social feeding (Coates and de Bono, 2002). Function as sensors of environmental oxygen quantitatively regulating social feeding (Gray et al., 2004). Animals carrying npr-1 (215F) low-activity allele or lacking npr-1 function dwell (slow down) on food in low ambient O2 and roam/aggregate (at food borders) in high ambient O2; O2 drops increase GCY-35/GCY-36 heterodimeric soluble guanylyl cyclase activity, rising cGMP opens TAX-2/TAX-4 cGMP-gated ion channel in AQR, PQR, URX leading to depolarization and strong roaming behavior suppression when food present (in npr-1 mutants these neurons hyperactive) (Cheung et al., 2005). Suppress innate immunity via NPR-1, regulating both PMK-1-dependent and PMK-1-independent immune responses (Styer et al., 2008). Since URX, AQR, PQR are exposed to pseudocoelomic fluid, hypothesized to communicate neuroendocrine signals to nonneural tissues involved in innate immunity defense responses. Weak CO2-sensors contributing to CO2 avoidance (main CO2 sensors are AFD, BAG, ASE) (Bretscher et al., 2011). Important model for understanding oxygen sensing, social behavior regulation, and neuroendocrine control of immunity.",Unknown - function not yet characterized in this dataset,AQR; aqr; AQR,Located in the nervous system,,,https://wormbase.org/species/all/anatomy_term/WBbt:0003927,WormFindr Information Cards (Nov 2024),[Imported from WormFindr],review,,
AS1,AS1 cell,AS1,cell,,WBbt:0003925,c-elegans,NCBITaxon:6239,L1,hermaphrodite,"AS1-AS11 (AS-type Motor Neurons 1-11) - Motor neurons. Located in body (ventral nerve cord). Born postembryonically from lineages: P1.apa (AS1), P2.apa (AS2), P3.apa (AS3), P4.apa (AS4), P5.apa (AS5), P6.apa (AS6), P7.apa (AS7), P8.apa (AS8), P9.apa (AS9), P10.apa (AS10), P11.apa (AS11). Ventral cord motor neurons innervating dorsal muscles with no ventral counterpart, similar to VA neurons but receiving additional synaptic input from AVB. Unlike AS1-10, commissure of AS11 originates from posterior process. All AS commissures to dorsal cord occur on right side of body. Hermaphrodites and males exhibit some differences in AS connectivity; in males, AS11 cell body lies posterior to male-specific CP9 neuron defining anterior boundary of male preanal ganglion, thus AS11 considered part of preanal ganglion rather than ventral nerve cord in males. Use acetylcholine as neurotransmitter and release NLP-21 neuropeptide (Loer and Rand, 2022; Duerr et al., 2008; von Stetina et al., 2007; Rand and Nonet, 1997). Express receptors ACR-14 (nicotinic AChR non-alpha subunit), ACR-15 (nicotinic AChR alpha subunit), LGC-46 (ligand-gated ion channel), UNC-63 (levamisole-sensitive nicotinic acetylcholine receptor alpha subunit), and innexins INX-1a, INX-1b, INX-3, UNC-7, INX-10a, INX-14, UNC-7, UNC-9 (Wormbase; Altun, 2011; von Stetina et al., 2007; Fox et al., 2005; Altun et al., 2009; Bhattacharya et al., 2019; Starich et al., 2009). Coordinate body wave propagation during locomotion (Tolstenkov et al., 2018). Make chemical synapses to other motor neurons (DA, DD, VD), receive chemical synapses from AVA, AVB, AVD, AVE command interneurons, and form gap junctions with DA, VA, AVA. Important model for understanding postembryonic motor neuron development, body wave coordination, and sublateral motor control distinct from ventral/dorsal systems.",Unknown - function not yet characterized in this dataset,AS1; as1; AS1,Located in the nervous system,,,https://wormbase.org/species/all/anatomy_term/WBbt:0003925,WormFindr Information Cards (Nov 2024),[Imported from WormFindr],review,,
AS10,AS10 cell,AS10,cell,,WBbt:0003906,c-elegans,NCBITaxon:6239,L1,hermaphrodite,"AS1-AS11 (AS-type Motor Neurons 1-11) - Motor neurons. Located in body (ventral nerve cord). Born postembryonically from lineages: P1.apa (AS1), P2.apa (AS2), P3.apa (AS3), P4.apa (AS4), P5.apa (AS5), P6.apa (AS6), P7.apa (AS7), P8.apa (AS8), P9.apa (AS9), P10.apa (AS10), P11.apa (AS11). Ventral cord motor neurons innervating dorsal muscles with no ventral counterpart, similar to VA neurons but receiving additional synaptic input from AVB. Unlike AS1-10, commissure of AS11 originates from posterior process. All AS commissures to dorsal cord occur on right side of body. Hermaphrodites and males exhibit some differences in AS connectivity; in males, AS11 cell body lies posterior to male-specific CP9 neuron defining anterior boundary of male preanal ganglion, thus AS11 considered part of preanal ganglion rather than ventral nerve cord in males. Use acetylcholine as neurotransmitter and release NLP-21 neuropeptide (Loer and Rand, 2022; Duerr et al., 2008; von Stetina et al., 2007; Rand and Nonet, 1997). Express receptors ACR-14 (nicotinic AChR non-alpha subunit), ACR-15 (nicotinic AChR alpha subunit), LGC-46 (ligand-gated ion channel), UNC-63 (levamisole-sensitive nicotinic acetylcholine receptor alpha subunit), and innexins INX-1a, INX-1b, INX-3, UNC-7, INX-10a, INX-14, UNC-7, UNC-9 (Wormbase; Altun, 2011; von Stetina et al., 2007; Fox et al., 2005; Altun et al., 2009; Bhattacharya et al., 2019; Starich et al., 2009). Coordinate body wave propagation during locomotion (Tolstenkov et al., 2018). Make chemical synapses to other motor neurons (DA, DD, VD), receive chemical synapses from AVA, AVB, AVD, AVE command interneurons, and form gap junctions with DA, VA, AVA. Important model for understanding postembryonic motor neuron development, body wave coordination, and sublateral motor control distinct from ventral/dorsal systems.",Unknown - function not yet characterized in this dataset,AS10; as10; AS10,Located in the nervous system,,,https://wormbase.org/species/all/anatomy_term/WBbt:0003906,WormFindr Information Cards (Nov 2024),[Imported from WormFindr],review,,
AS11,AS11 cell,AS11,cell,,WBbt:0003905,c-elegans,NCBITaxon:6239,L1,hermaphrodite,"AS1-AS11 (AS-type Motor Neurons 1-11) - Motor neurons. Located in body (ventral nerve cord). Born postembryonically from lineages: P1.apa (AS1), P2.apa (AS2), P3.apa (AS3), P4.apa (AS4), P5.apa (AS5), P6.apa (AS6), P7.apa (AS7), P8.apa (AS8), P9.apa (AS9), P10.apa (AS10), P11.apa (AS11). Ventral cord motor neurons innervating dorsal muscles with no ventral counterpart, similar to VA neurons but receiving additional synaptic input from AVB. Unlike AS1-10, commissure of AS11 originates from posterior process. All AS commissures to dorsal cord occur on right side of body. Hermaphrodites and males exhibit some differences in AS connectivity; in males, AS11 cell body lies posterior to male-specific CP9 neuron defining anterior boundary of male preanal ganglion, thus AS11 considered part of preanal ganglion rather than ventral nerve cord in males. Use acetylcholine as neurotransmitter and release NLP-21 neuropeptide (Loer and Rand, 2022; Duerr et al., 2008; von Stetina et al., 2007; Rand and Nonet, 1997). Express receptors ACR-14 (nicotinic AChR non-alpha subunit), ACR-15 (nicotinic AChR alpha subunit), LGC-46 (ligand-gated ion channel), UNC-63 (levamisole-sensitive nicotinic acetylcholine receptor alpha subunit), and innexins INX-1a, INX-1b, INX-3, UNC-7, INX-10a, INX-14, UNC-7, UNC-9 (Wormbase; Altun, 2011; von Stetina et al., 2007; Fox et al., 2005; Altun et al., 2009; Bhattacharya et al., 2019; Starich et al., 2009). Coordinate body wave propagation during locomotion (Tolstenkov et al., 2018). Make chemical synapses to other motor neurons (DA, DD, VD), receive chemical synapses from AVA, AVB, AVD, AVE command interneurons, and form gap junctions with DA, VA, AVA. Important model for understanding postembryonic motor neuron development, body wave coordination, and sublateral motor control distinct from ventral/dorsal systems.",Unknown - function not yet characterized in this dataset,AS11; as11; AS11,Located in the nervous system,,,https://wormbase.org/species/all/anatomy_term/WBbt:0003905,WormFindr Information Cards (Nov 2024),[Imported from WormFindr],review,,
AS2,AS2 cell,AS2,cell,,WBbt:0003924,c-elegans,NCBITaxon:6239,L1,hermaphrodite,"AS1-AS11 (AS-type Motor Neurons 1-11) - Motor neurons. Located in body (ventral nerve cord). Born postembryonically from lineages: P1.apa (AS1), P2.apa (AS2), P3.apa (AS3), P4.apa (AS4), P5.apa (AS5), P6.apa (AS6), P7.apa (AS7), P8.apa (AS8), P9.apa (AS9), P10.apa (AS10), P11.apa (AS11). Ventral cord motor neurons innervating dorsal muscles with no ventral counterpart, similar to VA neurons but receiving additional synaptic input from AVB. Unlike AS1-10, commissure of AS11 originates from posterior process. All AS commissures to dorsal cord occur on right side of body. Hermaphrodites and males exhibit some differences in AS connectivity; in males, AS11 cell body lies posterior to male-specific CP9 neuron defining anterior boundary of male preanal ganglion, thus AS11 considered part of preanal ganglion rather than ventral nerve cord in males. Use acetylcholine as neurotransmitter and release NLP-21 neuropeptide (Loer and Rand, 2022; Duerr et al., 2008; von Stetina et al., 2007; Rand and Nonet, 1997). Express receptors ACR-14 (nicotinic AChR non-alpha subunit), ACR-15 (nicotinic AChR alpha subunit), LGC-46 (ligand-gated ion channel), UNC-63 (levamisole-sensitive nicotinic acetylcholine receptor alpha subunit), and innexins INX-1a, INX-1b, INX-3, UNC-7, INX-10a, INX-14, UNC-7, UNC-9 (Wormbase; Altun, 2011; von Stetina et al., 2007; Fox et al., 2005; Altun et al., 2009; Bhattacharya et al., 2019; Starich et al., 2009). Coordinate body wave propagation during locomotion (Tolstenkov et al., 2018). Make chemical synapses to other motor neurons (DA, DD, VD), receive chemical synapses from AVA, AVB, AVD, AVE command interneurons, and form gap junctions with DA, VA, AVA. Important model for understanding postembryonic motor neuron development, body wave coordination, and sublateral motor control distinct from ventral/dorsal systems.",Unknown - function not yet characterized in this dataset,AS2; as2; AS2,Located in the nervous system,,,https://wormbase.org/species/all/anatomy_term/WBbt:0003924,WormFindr Information Cards (Nov 2024),[Imported from WormFindr],review,,
AS3,AS3 cell,AS3,cell,,WBbt:0003923,c-elegans,NCBITaxon:6239,L1,hermaphrodite,"AS1-AS11 (AS-type Motor Neurons 1-11) - Motor neurons. Located in body (ventral nerve cord). Born postembryonically from lineages: P1.apa (AS1), P2.apa (AS2), P3.apa (AS3), P4.apa (AS4), P5.apa (AS5), P6.apa (AS6), P7.apa (AS7), P8.apa (AS8), P9.apa (AS9), P10.apa (AS10), P11.apa (AS11). Ventral cord motor neurons innervating dorsal muscles with no ventral counterpart, similar to VA neurons but receiving additional synaptic input from AVB. Unlike AS1-10, commissure of AS11 originates from posterior process. All AS commissures to dorsal cord occur on right side of body. Hermaphrodites and males exhibit some differences in AS connectivity; in males, AS11 cell body lies posterior to male-specific CP9 neuron defining anterior boundary of male preanal ganglion, thus AS11 considered part of preanal ganglion rather than ventral nerve cord in males. Use acetylcholine as neurotransmitter and release NLP-21 neuropeptide (Loer and Rand, 2022; Duerr et al., 2008; von Stetina et al., 2007; Rand and Nonet, 1997). Express receptors ACR-14 (nicotinic AChR non-alpha subunit), ACR-15 (nicotinic AChR alpha subunit), LGC-46 (ligand-gated ion channel), UNC-63 (levamisole-sensitive nicotinic acetylcholine receptor alpha subunit), and innexins INX-1a, INX-1b, INX-3, UNC-7, INX-10a, INX-14, UNC-7, UNC-9 (Wormbase; Altun, 2011; von Stetina et al., 2007; Fox et al., 2005; Altun et al., 2009; Bhattacharya et al., 2019; Starich et al., 2009). Coordinate body wave propagation during locomotion (Tolstenkov et al., 2018). Make chemical synapses to other motor neurons (DA, DD, VD), receive chemical synapses from AVA, AVB, AVD, AVE command interneurons, and form gap junctions with DA, VA, AVA. Important model for understanding postembryonic motor neuron development, body wave coordination, and sublateral motor control distinct from ventral/dorsal systems.",Unknown - function not yet characterized in this dataset,AS3; as3; AS3,Located in the nervous system,,,https://wormbase.org/species/all/anatomy_term/WBbt:0003923,WormFindr Information Cards (Nov 2024),[Imported from WormFindr],review,,
AS4,AS4 cell,AS4,cell,,WBbt:0003912,c-elegans,NCBITaxon:6239,L1,hermaphrodite,"AS1-AS11 (AS-type Motor Neurons 1-11) - Motor neurons. Located in body (ventral nerve cord). Born postembryonically from lineages: P1.apa (AS1), P2.apa (AS2), P3.apa (AS3), P4.apa (AS4), P5.apa (AS5), P6.apa (AS6), P7.apa (AS7), P8.apa (AS8), P9.apa (AS9), P10.apa (AS10), P11.apa (AS11). Ventral cord motor neurons innervating dorsal muscles with no ventral counterpart, similar to VA neurons but receiving additional synaptic input from AVB. Unlike AS1-10, commissure of AS11 originates from posterior process. All AS commissures to dorsal cord occur on right side of body. Hermaphrodites and males exhibit some differences in AS connectivity; in males, AS11 cell body lies posterior to male-specific CP9 neuron defining anterior boundary of male preanal ganglion, thus AS11 considered part of preanal ganglion rather than ventral nerve cord in males. Use acetylcholine as neurotransmitter and release NLP-21 neuropeptide (Loer and Rand, 2022; Duerr et al., 2008; von Stetina et al., 2007; Rand and Nonet, 1997). Express receptors ACR-14 (nicotinic AChR non-alpha subunit), ACR-15 (nicotinic AChR alpha subunit), LGC-46 (ligand-gated ion channel), UNC-63 (levamisole-sensitive nicotinic acetylcholine receptor alpha subunit), and innexins INX-1a, INX-1b, INX-3, UNC-7, INX-10a, INX-14, UNC-7, UNC-9 (Wormbase; Altun, 2011; von Stetina et al., 2007; Fox et al., 2005; Altun et al., 2009; Bhattacharya et al., 2019; Starich et al., 2009). Coordinate body wave propagation during locomotion (Tolstenkov et al., 2018). Make chemical synapses to other motor neurons (DA, DD, VD), receive chemical synapses from AVA, AVB, AVD, AVE command interneurons, and form gap junctions with DA, VA, AVA. Important model for understanding postembryonic motor neuron development, body wave coordination, and sublateral motor control distinct from ventral/dorsal systems.",Unknown - function not yet characterized in this dataset,AS4; as4; AS4,Located in the nervous system,,,https://wormbase.org/species/all/anatomy_term/WBbt:0003912,WormFindr Information Cards (Nov 2024),[Imported from WormFindr],review,,
AS5,AS5 cell,AS5,cell,,WBbt:0003911,c-elegans,NCBITaxon:6239,L1,hermaphrodite,"AS1-AS11 (AS-type Motor Neurons 1-11) - Motor neurons. Located in body (ventral nerve cord). Born postembryonically from lineages: P1.apa (AS1), P2.apa (AS2), P3.apa (AS3), P4.apa (AS4), P5.apa (AS5), P6.apa (AS6), P7.apa (AS7), P8.apa (AS8), P9.apa (AS9), P10.apa (AS10), P11.apa (AS11). Ventral cord motor neurons innervating dorsal muscles with no ventral counterpart, similar to VA neurons but receiving additional synaptic input from AVB. Unlike AS1-10, commissure of AS11 originates from posterior process. All AS commissures to dorsal cord occur on right side of body. Hermaphrodites and males exhibit some differences in AS connectivity; in males, AS11 cell body lies posterior to male-specific CP9 neuron defining anterior boundary of male preanal ganglion, thus AS11 considered part of preanal ganglion rather than ventral nerve cord in males. Use acetylcholine as neurotransmitter and release NLP-21 neuropeptide (Loer and Rand, 2022; Duerr et al., 2008; von Stetina et al., 2007; Rand and Nonet, 1997). Express receptors ACR-14 (nicotinic AChR non-alpha subunit), ACR-15 (nicotinic AChR alpha subunit), LGC-46 (ligand-gated ion channel), UNC-63 (levamisole-sensitive nicotinic acetylcholine receptor alpha subunit), and innexins INX-1a, INX-1b, INX-3, UNC-7, INX-10a, INX-14, UNC-7, UNC-9 (Wormbase; Altun, 2011; von Stetina et al., 2007; Fox et al., 2005; Altun et al., 2009; Bhattacharya et al., 2019; Starich et al., 2009). Coordinate body wave propagation during locomotion (Tolstenkov et al., 2018). Make chemical synapses to other motor neurons (DA, DD, VD), receive chemical synapses from AVA, AVB, AVD, AVE command interneurons, and form gap junctions with DA, VA, AVA. Important model for understanding postembryonic motor neuron development, body wave coordination, and sublateral motor control distinct from ventral/dorsal systems.",Unknown - function not yet characterized in this dataset,AS5; as5; AS5,Located in the nervous system,,,https://wormbase.org/species/all/anatomy_term/WBbt:0003911,WormFindr Information Cards (Nov 2024),[Imported from WormFindr],review,,
AS6,AS6 cell,AS6,cell,,WBbt:0003910,c-elegans,NCBITaxon:6239,L1,hermaphrodite,"AS1-AS11 (AS-type Motor Neurons 1-11) - Motor neurons. Located in body (ventral nerve cord). Born postembryonically from lineages: P1.apa (AS1), P2.apa (AS2), P3.apa (AS3), P4.apa (AS4), P5.apa (AS5), P6.apa (AS6), P7.apa (AS7), P8.apa (AS8), P9.apa (AS9), P10.apa (AS10), P11.apa (AS11). Ventral cord motor neurons innervating dorsal muscles with no ventral counterpart, similar to VA neurons but receiving additional synaptic input from AVB. Unlike AS1-10, commissure of AS11 originates from posterior process. All AS commissures to dorsal cord occur on right side of body. Hermaphrodites and males exhibit some differences in AS connectivity; in males, AS11 cell body lies posterior to male-specific CP9 neuron defining anterior boundary of male preanal ganglion, thus AS11 considered part of preanal ganglion rather than ventral nerve cord in males. Use acetylcholine as neurotransmitter and release NLP-21 neuropeptide (Loer and Rand, 2022; Duerr et al., 2008; von Stetina et al., 2007; Rand and Nonet, 1997). Express receptors ACR-14 (nicotinic AChR non-alpha subunit), ACR-15 (nicotinic AChR alpha subunit), LGC-46 (ligand-gated ion channel), UNC-63 (levamisole-sensitive nicotinic acetylcholine receptor alpha subunit), and innexins INX-1a, INX-1b, INX-3, UNC-7, INX-10a, INX-14, UNC-7, UNC-9 (Wormbase; Altun, 2011; von Stetina et al., 2007; Fox et al., 2005; Altun et al., 2009; Bhattacharya et al., 2019; Starich et al., 2009). Coordinate body wave propagation during locomotion (Tolstenkov et al., 2018). Make chemical synapses to other motor neurons (DA, DD, VD), receive chemical synapses from AVA, AVB, AVD, AVE command interneurons, and form gap junctions with DA, VA, AVA. Important model for understanding postembryonic motor neuron development, body wave coordination, and sublateral motor control distinct from ventral/dorsal systems.",Unknown - function not yet characterized in this dataset,AS6; as6; AS6,Located in the nervous system,,,https://wormbase.org/species/all/anatomy_term/WBbt:0003910,WormFindr Information Cards (Nov 2024),[Imported from WormFindr],review,,
AS7,AS7 cell,AS7,cell,,WBbt:0003909,c-elegans,NCBITaxon:6239,L1,hermaphrodite,"AS1-AS11 (AS-type Motor Neurons 1-11) - Motor neurons. Located in body (ventral nerve cord). Born postembryonically from lineages: P1.apa (AS1), P2.apa (AS2), P3.apa (AS3), P4.apa (AS4), P5.apa (AS5), P6.apa (AS6), P7.apa (AS7), P8.apa (AS8), P9.apa (AS9), P10.apa (AS10), P11.apa (AS11). Ventral cord motor neurons innervating dorsal muscles with no ventral counterpart, similar to VA neurons but receiving additional synaptic input from AVB. Unlike AS1-10, commissure of AS11 originates from posterior process. All AS commissures to dorsal cord occur on right side of body. Hermaphrodites and males exhibit some differences in AS connectivity; in males, AS11 cell body lies posterior to male-specific CP9 neuron defining anterior boundary of male preanal ganglion, thus AS11 considered part of preanal ganglion rather than ventral nerve cord in males. Use acetylcholine as neurotransmitter and release NLP-21 neuropeptide (Loer and Rand, 2022; Duerr et al., 2008; von Stetina et al., 2007; Rand and Nonet, 1997). Express receptors ACR-14 (nicotinic AChR non-alpha subunit), ACR-15 (nicotinic AChR alpha subunit), LGC-46 (ligand-gated ion channel), UNC-63 (levamisole-sensitive nicotinic acetylcholine receptor alpha subunit), and innexins INX-1a, INX-1b, INX-3, UNC-7, INX-10a, INX-14, UNC-7, UNC-9 (Wormbase; Altun, 2011; von Stetina et al., 2007; Fox et al., 2005; Altun et al., 2009; Bhattacharya et al., 2019; Starich et al., 2009). Coordinate body wave propagation during locomotion (Tolstenkov et al., 2018). Make chemical synapses to other motor neurons (DA, DD, VD), receive chemical synapses from AVA, AVB, AVD, AVE command interneurons, and form gap junctions with DA, VA, AVA. Important model for understanding postembryonic motor neuron development, body wave coordination, and sublateral motor control distinct from ventral/dorsal systems.",Unknown - function not yet characterized in this dataset,AS7; as7; AS7,Located in the nervous system,,,https://wormbase.org/species/all/anatomy_term/WBbt:0003909,WormFindr Information Cards (Nov 2024),[Imported from WormFindr],review,,
AS8,AS8 cell,AS8,cell,,WBbt:0003908,c-elegans,NCBITaxon:6239,L1,hermaphrodite,"AS1-AS11 (AS-type Motor Neurons 1-11) - Motor neurons. Located in body (ventral nerve cord). Born postembryonically from lineages: P1.apa (AS1), P2.apa (AS2), P3.apa (AS3), P4.apa (AS4), P5.apa (AS5), P6.apa (AS6), P7.apa (AS7), P8.apa (AS8), P9.apa (AS9), P10.apa (AS10), P11.apa (AS11). Ventral cord motor neurons innervating dorsal muscles with no ventral counterpart, similar to VA neurons but receiving additional synaptic input from AVB. Unlike AS1-10, commissure of AS11 originates from posterior process. All AS commissures to dorsal cord occur on right side of body. Hermaphrodites and males exhibit some differences in AS connectivity; in males, AS11 cell body lies posterior to male-specific CP9 neuron defining anterior boundary of male preanal ganglion, thus AS11 considered part of preanal ganglion rather than ventral nerve cord in males. Use acetylcholine as neurotransmitter and release NLP-21 neuropeptide (Loer and Rand, 2022; Duerr et al., 2008; von Stetina et al., 2007; Rand and Nonet, 1997). Express receptors ACR-14 (nicotinic AChR non-alpha subunit), ACR-15 (nicotinic AChR alpha subunit), LGC-46 (ligand-gated ion channel), UNC-63 (levamisole-sensitive nicotinic acetylcholine receptor alpha subunit), and innexins INX-1a, INX-1b, INX-3, UNC-7, INX-10a, INX-14, UNC-7, UNC-9 (Wormbase; Altun, 2011; von Stetina et al., 2007; Fox et al., 2005; Altun et al., 2009; Bhattacharya et al., 2019; Starich et al., 2009). Coordinate body wave propagation during locomotion (Tolstenkov et al., 2018). Make chemical synapses to other motor neurons (DA, DD, VD), receive chemical synapses from AVA, AVB, AVD, AVE command interneurons, and form gap junctions with DA, VA, AVA. Important model for understanding postembryonic motor neuron development, body wave coordination, and sublateral motor control distinct from ventral/dorsal systems.",Unknown - function not yet characterized in this dataset,AS8; as8; AS8,Located in the nervous system,,,https://wormbase.org/species/all/anatomy_term/WBbt:0003908,WormFindr Information Cards (Nov 2024),[Imported from WormFindr],review,,
AS9,AS9 cell,AS9,cell,,WBbt:0003907,c-elegans,NCBITaxon:6239,L1,hermaphrodite,"AS1-AS11 (AS-type Motor Neurons 1-11) - Motor neurons. Located in body (ventral nerve cord). Born postembryonically from lineages: P1.apa (AS1), P2.apa (AS2), P3.apa (AS3), P4.apa (AS4), P5.apa (AS5), P6.apa (AS6), P7.apa (AS7), P8.apa (AS8), P9.apa (AS9), P10.apa (AS10), P11.apa (AS11). Ventral cord motor neurons innervating dorsal muscles with no ventral counterpart, similar to VA neurons but receiving additional synaptic input from AVB. Unlike AS1-10, commissure of AS11 originates from posterior process. All AS commissures to dorsal cord occur on right side of body. Hermaphrodites and males exhibit some differences in AS connectivity; in males, AS11 cell body lies posterior to male-specific CP9 neuron defining anterior boundary of male preanal ganglion, thus AS11 considered part of preanal ganglion rather than ventral nerve cord in males. Use acetylcholine as neurotransmitter and release NLP-21 neuropeptide (Loer and Rand, 2022; Duerr et al., 2008; von Stetina et al., 2007; Rand and Nonet, 1997). Express receptors ACR-14 (nicotinic AChR non-alpha subunit), ACR-15 (nicotinic AChR alpha subunit), LGC-46 (ligand-gated ion channel), UNC-63 (levamisole-sensitive nicotinic acetylcholine receptor alpha subunit), and innexins INX-1a, INX-1b, INX-3, UNC-7, INX-10a, INX-14, UNC-7, UNC-9 (Wormbase; Altun, 2011; von Stetina et al., 2007; Fox et al., 2005; Altun et al., 2009; Bhattacharya et al., 2019; Starich et al., 2009). Coordinate body wave propagation during locomotion (Tolstenkov et al., 2018). Make chemical synapses to other motor neurons (DA, DD, VD), receive chemical synapses from AVA, AVB, AVD, AVE command interneurons, and form gap junctions with DA, VA, AVA. Important model for understanding postembryonic motor neuron development, body wave coordination, and sublateral motor control distinct from ventral/dorsal systems.",Unknown - function not yet characterized in this dataset,AS9; as9; AS9,Located in the nervous system,,,https://wormbase.org/species/all/anatomy_term/WBbt:0003907,WormFindr Information Cards (Nov 2024),[Imported from WormFindr],review,,
ASEL,ASEL cell,ASEL,cell,,WBbt:0003904,c-elegans,NCBITaxon:6239,L1,hermaphrodite,"ASEL (Amphid Single-ciliated E) - Sensory neurons (chemosensory [gustatory], CO2-sensory). Located in lateral ganglia of head. Born from AB lineage: AB alppppppaa. Amphid neurons with single ciliated endings. Like all amphid neurons, born near the presumptive nose during embryonic development, then anchor a short projection there before cell body migrates away, stretching the dendrite out behind in a process dependent on DEX-1 or DYF-7 secreted extracellular matrix proteins (Heiman and Shaham, 2010). Axon projects into ring via amphid commissure from ventral ganglion, making diverse synaptic connections in ring neuropil. Although left-right anatomical homologs, exhibit marked asymmetries in gene expression and function (Cochella and Hobert, 2012). Use glutamate as neurotransmitter and release extensive neuropeptide repertoire including FLP-4 (ASEL only), FLP-6, FLP-13, FLP-20 (ASEL only), FLP-25, INS-1, INS-22, INS-26, INS-32 (ASEL only), NLP-3, NLP-5 (ASER only), NLP-7, NLP-14 (Pereira et al., 2015; Takayama et al., 2010; Li and Kim, 2008; Etchberger et al., 2007; Johnston et al., 2005; Kim and Li, 2004; Rogers et al., 2003; Nathoo et al., 2001; Pierce et al., 2001). Express asymmetric receptors: ASEL expresses GCY-6, GCY-7, GCY-14, GCY-20 (transmembrane guanylyl cyclases for Na+ sensing), while ASER expresses GCY-1, GCY-3, GCY-4, GCY-5, GCY-22 (for Cl-/K+ sensing), plus bilateral GCY-29, and additional receptors DEL-3, DEL-4 (DEG/ENaC channels), DAF-2 (possibly ASER), DOP-3, DOP-5 (dopamine receptors), MGL-3 (metabotropic glutamate receptor), NPR-1, NPR-5, NPR-15 (peptide receptors), OSM-9 (TRPV), SRAB-14, SRD-33, SRG-30, SRX-76 (GPCRs), TMC-1 (salt-sensing cation channel), TRPA-2, TRP-2 (ASER only), TYRA-2 (tyramine receptor), and innexins CHE-7, INX-1a, INX-1b, INX-7, INX-10a, INX-14, UNC-7 (dauer only), UNC-9 (Wormbase; Chatzigeorgiou et al., 2013; Mills et al., 2012; Altun, 2011; Takayama et al., 2010; Etchberger et al., 2007; Ortiz et al., 2006; Tomioka et al., 2006; Coates and de Bono, 2002; Colbert et al., 1997; Yu et al., 1997; Altun et al., 2009; Bhattacharya et al., 2019). Most important neurons for chemotaxis to water-soluble attractants including Na+, Cl-, cAMP, biotin, lysine; simultaneous ablation of all amphid and phasmid neurons except ASE spares chemotaxis (Bargmann, 2006). ASEL primarily sensitive to Na+ (ON-cell activated by NaCl increases), ASER primarily sensitive to Cl- and K+ (OFF-cell tonically active at baseline, deactivated by NaCl increases), generating opposite intracellular Ca2+ transients; ASEL activation inhibits reversals and lengthens forward locomotion, ASER activation promotes reversals and turns, implementing biased random walk toward chemoattractants (Appelby, 2012; Suzuki et al., 2008; Suzuki et al., 2004; Pierce-Shimomura et al., 2001; Bargmann and Horvitz, 1991). Play minor role in avoidance from chemical repellents including Cd2+ and Cu2+ when ASH neurons absent (Hilliard et al., 2002; Sambongi et al., 1999; Bargmann et al., 1990). Function in adaptive food-leaving behavior, promoting departure from depleting food patches via cGMP pathway involving DAF-2 insulin receptor in ASER and INS-1-dependent feedback from AIA to ASER, switching salt attraction to repulsion during food withdrawal (Milward et al., 2011; Tomioka et al., 2006). Primary CO2 sensors along with AFD and BAG; both ASEL and ASER activated when CO2 rises, unlike their asymmetric NaCl response (Bretscher et al., 2011). Premier model for studying left-right asymmetry in nervous system, essential for understanding gustatory sensation, ion sensing mechanisms, and guanylyl cyclase signaling.",Unknown - function not yet characterized in this dataset,ASEL; asel; ASEL,Located in the nervous system,,,https://wormbase.org/species/all/anatomy_term/WBbt:0003904,WormFindr Information Cards (Nov 2024),[Imported from WormFindr],review,,
ASER,ASER cell,ASER,cell,,WBbt:0003903,c-elegans,NCBITaxon:6239,L1,hermaphrodite,"ASER (Amphid Single-ciliated E) - Sensory neurons (chemosensory [gustatory], CO2-sensory). Located in lateral ganglia of head. Born from AB lineage: AB praaapppaa. Amphid neurons with single ciliated endings. Like all amphid neurons, born near the presumptive nose during embryonic development, then anchor a short projection there before cell body migrates away, stretching the dendrite out behind in a process dependent on DEX-1 or DYF-7 secreted extracellular matrix proteins (Heiman and Shaham, 2010). Axon projects into ring via amphid commissure from ventral ganglion, making diverse synaptic connections in ring neuropil. Although left-right anatomical homologs, exhibit marked asymmetries in gene expression and function (Cochella and Hobert, 2012). Use glutamate as neurotransmitter and release extensive neuropeptide repertoire including FLP-4 (ASEL only), FLP-6, FLP-13, FLP-20 (ASEL only), FLP-25, INS-1, INS-22, INS-26, INS-32 (ASEL only), NLP-3, NLP-5 (ASER only), NLP-7, NLP-14 (Pereira et al., 2015; Takayama et al., 2010; Li and Kim, 2008; Etchberger et al., 2007; Johnston et al., 2005; Kim and Li, 2004; Rogers et al., 2003; Nathoo et al., 2001; Pierce et al., 2001). Express asymmetric receptors: ASEL expresses GCY-6, GCY-7, GCY-14, GCY-20 (transmembrane guanylyl cyclases for Na+ sensing), while ASER expresses GCY-1, GCY-3, GCY-4, GCY-5, GCY-22 (for Cl-/K+ sensing), plus bilateral GCY-29, and additional receptors DEL-3, DEL-4 (DEG/ENaC channels), DAF-2 (possibly ASER), DOP-3, DOP-5 (dopamine receptors), MGL-3 (metabotropic glutamate receptor), NPR-1, NPR-5, NPR-15 (peptide receptors), OSM-9 (TRPV), SRAB-14, SRD-33, SRG-30, SRX-76 (GPCRs), TMC-1 (salt-sensing cation channel), TRPA-2, TRP-2 (ASER only), TYRA-2 (tyramine receptor), and innexins CHE-7, INX-1a, INX-1b, INX-7, INX-10a, INX-14, UNC-7 (dauer only), UNC-9 (Wormbase; Chatzigeorgiou et al., 2013; Mills et al., 2012; Altun, 2011; Takayama et al., 2010; Etchberger et al., 2007; Ortiz et al., 2006; Tomioka et al., 2006; Coates and de Bono, 2002; Colbert et al., 1997; Yu et al., 1997; Altun et al., 2009; Bhattacharya et al., 2019). Most important neurons for chemotaxis to water-soluble attractants including Na+, Cl-, cAMP, biotin, lysine; simultaneous ablation of all amphid and phasmid neurons except ASE spares chemotaxis (Bargmann, 2006). ASEL primarily sensitive to Na+ (ON-cell activated by NaCl increases), ASER primarily sensitive to Cl- and K+ (OFF-cell tonically active at baseline, deactivated by NaCl increases), generating opposite intracellular Ca2+ transients; ASEL activation inhibits reversals and lengthens forward locomotion, ASER activation promotes reversals and turns, implementing biased random walk toward chemoattractants (Appelby, 2012; Suzuki et al., 2008; Suzuki et al., 2004; Pierce-Shimomura et al., 2001; Bargmann and Horvitz, 1991). Play minor role in avoidance from chemical repellents including Cd2+ and Cu2+ when ASH neurons absent (Hilliard et al., 2002; Sambongi et al., 1999; Bargmann et al., 1990). Function in adaptive food-leaving behavior, promoting departure from depleting food patches via cGMP pathway involving DAF-2 insulin receptor in ASER and INS-1-dependent feedback from AIA to ASER, switching salt attraction to repulsion during food withdrawal (Milward et al., 2011; Tomioka et al., 2006). Primary CO2 sensors along with AFD and BAG; both ASEL and ASER activated when CO2 rises, unlike their asymmetric NaCl response (Bretscher et al., 2011). Premier model for studying left-right asymmetry in nervous system, essential for understanding gustatory sensation, ion sensing mechanisms, and guanylyl cyclase signaling.",Unknown - function not yet characterized in this dataset,ASER; aser; ASER,Located in the nervous system,,,https://wormbase.org/species/all/anatomy_term/WBbt:0003903,WormFindr Information Cards (Nov 2024),[Imported from WormFindr],review,,
ASGL,ASGL cell,ASGL,cell,,WBbt:0003892,c-elegans,NCBITaxon:6239,L1,hermaphrodite,"ASGL (Amphid Single-ciliated G) - Sensory neurons (chemosensory [gustatory]). Located in lateral ganglia of head. Born from AB lineage: AB plaapapap. Amphid neurons with single ciliated ending. Like all amphid neurons, born near the presumptive nose during embryonic development, then anchor a short projection there before cell body migrates away, stretching the dendrite out behind in a process dependent on DEX-1 or DYF-7 secreted extracellular matrix proteins (Heiman and Shaham, 2010). ASG axon projects into nerve ring via amphid commissure where primary synaptic partner is AIA. Developmental default state of ASG neurons is AWA-like, requiring active repression for ASG fate adoption; ALR-1 acts in parallel to UNC-130 and upstream of LIN-11 to specify AWA and ASG neurons (Melkman and Sengupta, 2005; Sarafi-Reinach and Sengupta, 2000). Use betaine, glutamate, and serotonin (under hypoxic conditions) as neurotransmitters and release FLP-6, FLP-13, FLP-22, INS-1 neuropeptides (Wang et al., 2024; Pereira et al., 2015; Pocock and Hobert, 2010; Li and Kim, 2008). Express receptors DOP-4 (dopamine receptor), GCY-15, GCY-21 (transmembrane guanylyl cyclases), NPR-1, NPR-5, NPR-15 (peptide receptors), OSM-9 (TRPV channel), TYRA-2 (tyramine receptor), and innexins CHE-7 (early larva), INX-1a, INX-1b, INX-7, INX-10a, INX-14, INX-18a (Wormbase; Mills et al., 2012; Altun, 2011; Ortiz et al., 2006; Rex et al., 2005; Sugiura et al., 2005; Coates and De Bono, 2002; Colbert et al., 1997; Altun et al., 2009; Bhattacharya et al., 2019). Mediate chemotaxis to water-soluble attractants including Na+, Cl-, cAMP, biotin, lysine; under normoxic conditions, simultaneous ablation of all amphid and phasmid neurons except ASE spares chemotaxis (ASE most important), with ADF, ASG, ASI, ASK, ASJ carrying weak residual response without ASE (Bargmann, 2006). Under hypoxic conditions, additional latent circuit involving ADF and ASG activates for processing chemosensory information, with pharyngeal neuron M4 and AQR/PQR/URX functioning downstream for behavioral response (Pocock and Hobert, 2010). Control dauer entry and lifespan regulation: ADF, ASI, ASG inhibit dauer entry while ASJ, ASK promote it (Kim et al., 2009; Ouellett et al., 2008; Schackwitz et al., 1996; Bargmann and Horvitz, 1991). Functional loss of ASI and ASG promotes lifespan with ASJ and ASK ablation suppressing this effect (ADF loss does not prolong lifespan); lifespan modulation dependent on DAF-2 (insulin receptor) hormonal signaling negatively regulating DAF-16 (FOXO transcription factor) (Alcedo and Kenyon, 2004). Required for starvation-dependent salt avoidance (Jang et al., 2019). Important model for understanding cell fate specification, hypoxia-induced circuit plasticity, and neuroendocrine regulation of aging.",Unknown - function not yet characterized in this dataset,ASGL; asgl; ASGL,Located in the nervous system,,,https://wormbase.org/species/all/anatomy_term/WBbt:0003892,WormFindr Information Cards (Nov 2024),[Imported from WormFindr],review,,
ASGR,ASGR cell,ASGR,cell,,WBbt:0003891,c-elegans,NCBITaxon:6239,L1,hermaphrodite,"ASGR (Amphid Single-ciliated G) - Sensory neurons (chemosensory [gustatory]). Located in lateral ganglia of head. Born from AB lineage: AB praapapap. Amphid neurons with single ciliated ending. Like all amphid neurons, born near the presumptive nose during embryonic development, then anchor a short projection there before cell body migrates away, stretching the dendrite out behind in a process dependent on DEX-1 or DYF-7 secreted extracellular matrix proteins (Heiman and Shaham, 2010). ASG axon projects into nerve ring via amphid commissure where primary synaptic partner is AIA. Developmental default state of ASG neurons is AWA-like, requiring active repression for ASG fate adoption; ALR-1 acts in parallel to UNC-130 and upstream of LIN-11 to specify AWA and ASG neurons (Melkman and Sengupta, 2005; Sarafi-Reinach and Sengupta, 2000). Use betaine, glutamate, and serotonin (under hypoxic conditions) as neurotransmitters and release FLP-6, FLP-13, FLP-22, INS-1 neuropeptides (Wang et al., 2024; Pereira et al., 2015; Pocock and Hobert, 2010; Li and Kim, 2008). Express receptors DOP-4 (dopamine receptor), GCY-15, GCY-21 (transmembrane guanylyl cyclases), NPR-1, NPR-5, NPR-15 (peptide receptors), OSM-9 (TRPV channel), TYRA-2 (tyramine receptor), and innexins CHE-7 (early larva), INX-1a, INX-1b, INX-7, INX-10a, INX-14, INX-18a (Wormbase; Mills et al., 2012; Altun, 2011; Ortiz et al., 2006; Rex et al., 2005; Sugiura et al., 2005; Coates and De Bono, 2002; Colbert et al., 1997; Altun et al., 2009; Bhattacharya et al., 2019). Mediate chemotaxis to water-soluble attractants including Na+, Cl-, cAMP, biotin, lysine; under normoxic conditions, simultaneous ablation of all amphid and phasmid neurons except ASE spares chemotaxis (ASE most important), with ADF, ASG, ASI, ASK, ASJ carrying weak residual response without ASE (Bargmann, 2006). Under hypoxic conditions, additional latent circuit involving ADF and ASG activates for processing chemosensory information, with pharyngeal neuron M4 and AQR/PQR/URX functioning downstream for behavioral response (Pocock and Hobert, 2010). Control dauer entry and lifespan regulation: ADF, ASI, ASG inhibit dauer entry while ASJ, ASK promote it (Kim et al., 2009; Ouellett et al., 2008; Schackwitz et al., 1996; Bargmann and Horvitz, 1991). Functional loss of ASI and ASG promotes lifespan with ASJ and ASK ablation suppressing this effect (ADF loss does not prolong lifespan); lifespan modulation dependent on DAF-2 (insulin receptor) hormonal signaling negatively regulating DAF-16 (FOXO transcription factor) (Alcedo and Kenyon, 2004). Required for starvation-dependent salt avoidance (Jang et al., 2019). Important model for understanding cell fate specification, hypoxia-induced circuit plasticity, and neuroendocrine regulation of aging.",Unknown - function not yet characterized in this dataset,ASGR; asgr; ASGR,Located in the nervous system,,,https://wormbase.org/species/all/anatomy_term/WBbt:0003891,WormFindr Information Cards (Nov 2024),[Imported from WormFindr],review,,
ASHL,ASHL cell,ASHL,cell,,WBbt:0003890,c-elegans,NCBITaxon:6239,L1,hermaphrodite,"ASHL (Amphid Single-ciliated H) - Sensory neurons (polymodal nociceptive for osmo-, mechano-, electro-, photo- and odorsensation). Located in lateral ganglia of head. Born from AB lineage: AB plpaappaa. Amphid neurons with single ciliated endings. Like all amphid neurons, born near the presumptive nose during embryonic development, then anchor a short projection there before cell body migrates away, stretching the dendrite out behind in a process dependent on DEX-1 or DYF-7 secreted extracellular matrix proteins (Heiman and Shaham, 2010). Dendritic process takes up FITC. Axon projects into ventral cord via same-side amphid commissure, then grows into nerve ring making diverse synaptic connections in ring neuropil. Use glutamate as neurotransmitter and release FLP-21, INS-1 (insulin-like peptide), NLP-3, and NLP-15 neuropeptides (Li and Kim, 2008; Nathoo et al., 2001; Lee et al., 1999; Serrano-Saiz et al., 2013). Express extensive receptor repertoire including DCAR-1 (dihydrocaffeic acid receptor), DOP-4 (dopamine receptor), NPR-1 (peptide receptor), OCTR-1 (octopamine receptor), OCR-2, OSM-9 (TRPV channels), SER-3 (octopamine receptor), SER-5 (serotonin receptor), SRA-6, SRB-6 (GPCRs), TMC-1 (Na+-sensitive channel for salt chemosensation), TRPA-1, TYRA-2 (tyramine receptor), UNC-8 (DEG/ENaC mechanosensory channel), and innexins CHE-7 (early larva), INX-1a, INX-1b, INX-7, INX-10, INX-14, INX-19, UNC-7, UNC-9 (Wormbase; Chatzigeorgiou et al., 2013; Altun, 2011; Ezcurra et al., 2011; Aoki et al., 2011; Tobin et al., 2002; Coates and de Bono, 2002; de Bono et al., 2002; Tavernarakis et al., 1997; Troemel et al., 1995; Altun et al., 2009; Bhattacharya et al., 2019; Chuang et al., 2007). Main nociceptor mediating avoidance responses to noxious stimuli including hyperosmolarity, nose touch, volatile repellents (1-octanol), heavy metals (Cd2+, Cu2+), detergents/SDS, protons, high salt, and alkaloids like quinine, with stimulus-specific downstream signaling (GLR-1 for nose touch but not osmotic repellents; ITR-1 for nose touch and benzaldehyde avoidance but not other behaviors) (Chatzigeorgiou et al., 2013; Komuniecki et al., 2011; Walker et al., 2009; Bargmann, 2006; Hart et al., 1999; Sambongi et al., 2000; Troemel et al., 1995; Bargmann et al., 1990; Culotti and Russell, 1978). ASH-mediated aversive responses modulated by monoamines and peptides through receptors SER-5 (5-HT), DOP-3, DOP-4 (DA), OCTR-1, SER-3 (OA); food or 5-HT enhances subset of responses (nose touch), DA enhances via DOP-4, while TA and OA delay/inhibit responses requiring neuropeptide release from additional neurons creating global peptidergic signaling cascades (Ezcurra et al., 2011; Hilliard et al., 2004; de Bono & Villu Maricq, 2005). Contribute to light sensation (350-470 nm) head avoidance response with functional redundancy among ASJ, AWB, ASK, ASH (Ward et al., 2008). Mediate electrosensory navigation toward negative pole with ASJ (Gabel et al., 2007). With ADL, mediate social feeding behavior in response to repulsive cues (high O2): ablation transforms social to solitary feeders, with OCR-2, OSM-9, ODR-4 in ASH/ADL transmitting aversive environmental information to aggregation circuits (Rogers et al., 2006; de Bono et al., 2002). Modulate innate immune response to pathogenic bacteria by controlling UPR and p38 MAPK pathways; OCTR-1 in ASH/ASI actively suppresses innate immunity by down-regulating noncanonical UPR genes (Sun et al., 2011; Singh and Aballay, 2012). Play role in establishing asymmetric AWCL/R fates during development via NSY-5/INX-19 gap junctions (Schumacher et al., 2012). Most important neuron for avoidance behavior and nociception studies, essential model for polymodal sensory integration and neuromodulation.",Unknown - function not yet characterized in this dataset,ASHL; ashl; ASHL,Located in the nervous system,,,https://wormbase.org/species/all/anatomy_term/WBbt:0003890,WormFindr Information Cards (Nov 2024),[Imported from WormFindr],review,,
ASHR,ASHR cell,ASHR,cell,,WBbt:0003889,c-elegans,NCBITaxon:6239,L1,hermaphrodite,"ASHR (Amphid Single-ciliated H) - Sensory neurons (polymodal nociceptive for osmo-, mechano-, electro-, photo- and odorsensation). Located in lateral ganglia of head. Born from AB lineage: AB prpaappaa. Amphid neurons with single ciliated endings. Like all amphid neurons, born near the presumptive nose during embryonic development, then anchor a short projection there before cell body migrates away, stretching the dendrite out behind in a process dependent on DEX-1 or DYF-7 secreted extracellular matrix proteins (Heiman and Shaham, 2010). Dendritic process takes up FITC. Axon projects into ventral cord via same-side amphid commissure, then grows into nerve ring making diverse synaptic connections in ring neuropil. Use glutamate as neurotransmitter and release FLP-21, INS-1 (insulin-like peptide), NLP-3, and NLP-15 neuropeptides (Li and Kim, 2008; Nathoo et al., 2001; Lee et al., 1999; Serrano-Saiz et al., 2013). Express extensive receptor repertoire including DCAR-1 (dihydrocaffeic acid receptor), DOP-4 (dopamine receptor), NPR-1 (peptide receptor), OCTR-1 (octopamine receptor), OCR-2, OSM-9 (TRPV channels), SER-3 (octopamine receptor), SER-5 (serotonin receptor), SRA-6, SRB-6 (GPCRs), TMC-1 (Na+-sensitive channel for salt chemosensation), TRPA-1, TYRA-2 (tyramine receptor), UNC-8 (DEG/ENaC mechanosensory channel), and innexins CHE-7 (early larva), INX-1a, INX-1b, INX-7, INX-10, INX-14, INX-19, UNC-7, UNC-9 (Wormbase; Chatzigeorgiou et al., 2013; Altun, 2011; Ezcurra et al., 2011; Aoki et al., 2011; Tobin et al., 2002; Coates and de Bono, 2002; de Bono et al., 2002; Tavernarakis et al., 1997; Troemel et al., 1995; Altun et al., 2009; Bhattacharya et al., 2019; Chuang et al., 2007). Main nociceptor mediating avoidance responses to noxious stimuli including hyperosmolarity, nose touch, volatile repellents (1-octanol), heavy metals (Cd2+, Cu2+), detergents/SDS, protons, high salt, and alkaloids like quinine, with stimulus-specific downstream signaling (GLR-1 for nose touch but not osmotic repellents; ITR-1 for nose touch and benzaldehyde avoidance but not other behaviors) (Chatzigeorgiou et al., 2013; Komuniecki et al., 2011; Walker et al., 2009; Bargmann, 2006; Hart et al., 1999; Sambongi et al., 2000; Troemel et al., 1995; Bargmann et al., 1990; Culotti and Russell, 1978). ASH-mediated aversive responses modulated by monoamines and peptides through receptors SER-5 (5-HT), DOP-3, DOP-4 (DA), OCTR-1, SER-3 (OA); food or 5-HT enhances subset of responses (nose touch), DA enhances via DOP-4, while TA and OA delay/inhibit responses requiring neuropeptide release from additional neurons creating global peptidergic signaling cascades (Ezcurra et al., 2011; Hilliard et al., 2004; de Bono & Villu Maricq, 2005). Contribute to light sensation (350-470 nm) head avoidance response with functional redundancy among ASJ, AWB, ASK, ASH (Ward et al., 2008). Mediate electrosensory navigation toward negative pole with ASJ (Gabel et al., 2007). With ADL, mediate social feeding behavior in response to repulsive cues (high O2): ablation transforms social to solitary feeders, with OCR-2, OSM-9, ODR-4 in ASH/ADL transmitting aversive environmental information to aggregation circuits (Rogers et al., 2006; de Bono et al., 2002). Modulate innate immune response to pathogenic bacteria by controlling UPR and p38 MAPK pathways; OCTR-1 in ASH/ASI actively suppresses innate immunity by down-regulating noncanonical UPR genes (Sun et al., 2011; Singh and Aballay, 2012). Play role in establishing asymmetric AWCL/R fates during development via NSY-5/INX-19 gap junctions (Schumacher et al., 2012). Most important neuron for avoidance behavior and nociception studies, essential model for polymodal sensory integration and neuromodulation.",Unknown - function not yet characterized in this dataset,ASHR; ashr; ASHR,Located in the nervous system,,,https://wormbase.org/species/all/anatomy_term/WBbt:0003889,WormFindr Information Cards (Nov 2024),[Imported from WormFindr],review,,
ASIL,ASIL cell,ASIL,cell,,WBbt:0003888,c-elegans,NCBITaxon:6239,L1,hermaphrodite,"ASIL (Amphid Single-ciliated I) - Sensory neurons (chemosensory [gustatory], thermosensory). Located in lateral ganglia of head. Born from AB lineage: AB plaapapppa. Amphid neurons with single ciliated endings. Like all amphid neurons, born near the presumptive nose during embryonic development, then anchor a short projection there before cell body migrates away, stretching the dendrite out behind in a process dependent on DEX-1 or DYF-7 secreted extracellular matrix proteins (Heiman and Shaham, 2010). Dendritic process takes up FITC. Projects into ventral cord via amphid commissure then into nerve ring making diverse synaptic connections. Main synaptic output onto AIA interneurons. Use betaine as neurotransmitter and release extensive neuropeptide repertoire including DAF-28 (beta-type insulin, sole source in C. elegans), FLP-2, FLP-10, FLP-21, INS-1, INS-3, INS-4, INS-6, INS-7, INS-9, INS-22, INS-26, INS-32, NLP-1, NLP-5, NLP-6, NLP-7, NLP-9, NLP-14, NLP-18, NLP-24, NLP-27, PDF-1 (pigment dispensing factor) (Wang et al., 2024; Pierce et al., 2013; Cornils et al., 2011; Janssen et al., 2009; Takayama et al., 2009; Li and Kim, 2008; Kodama et al., 2006; Tomioka et al., 2006; Li et al., 2003; Nathoo et al., 2001). Express receptors DAF-11 (transmembrane guanylyl cyclase), DAF-37, DAF-38 (GPCRs mediating ascaroside perception cooperatively), DCAR-1 (dihydrocaffeic acid receptor), GCY-1, GCY-2, GCY-3, GCY-27 (guanylyl cyclases), NPR-5, NPR-15 (peptide receptors), SER-6 (octopamine receptor), SRD-1, STR-2, STR-3 (GPCRs), and innexins CHE-7, INX-1a, INX-1b, INX-18, INX-19, UNC-7, UNC-9 (Wormbase; Mills et al., 2011; Park et al., 2012; Altun, 2011; Aoki et al., 2011; Ortiz et al., 2006; Peckol et al., 2001; Birnby et al., 2000; Altun et al., 2009; Bhattacharya et al., 2019; Chuang et al., 2007). Modulate behavior in multiple contexts by integrating environmental information (population density, food availability, CO2 level, sex pheromone) and adjusting neural circuit function via DAF-7/TGF-β, which ASI neurons are sole source of in C. elegans (White and Jorgensen, 2012). Suppress omega turns and reversals enhancing dispersal after food removal (~30 min post-removal), promoting dispersal phase after initial local search behavior triggered by AWC/ASK/AIB, with ASI and AIY promoting dispersal (Gray et al., 2005). Involved in chemotaxis to lysine and contribute to residual chemotactic response to cAMP, biotin, Cl-, Na+ after ASE ablation (Bargmann and Horvitz, 1991). Sense temperature along with AFD and AWC for cultivation temperature (Tc) memory and thermotaxis; unlike AFD's deterministic graded responses, ASI exhibits temperature-induced stochastic Ca2+ transients in defined operating range with decreased responses close to or far from Tc (Beverly et al., 2011; Kuhara et al., 2008; Biron et al., 2008). Sense pheromones (ascaroside mixtures regulating dauer entry and adult behaviors including sexual attraction and social behavior); ASI inhibits dauer entry along with ADF and ASG while ASJ and ASK promote it (Park et al., 2012; Kim et al., 2009; Ouellett et al., 2008; Schackwitz et al., 1996; Bargmann and Horvitz, 1991). ASI represses pheromone actions (e.g., sexual attraction) in hermaphrodites through DAF-7; daf-7 mutation or ASI ablation reveals male-specific sexual attraction in hermaphrodites, while pheromone induces dauer by repressing DAF-7/TGF-β expression in ASI (White and Jorgensen, 2012). Modulate innate immune response to pathogenic bacteria along with ASH, AQR, PQR, URX by controlling UPR and p38 MAPK pathways; OCTR-1 in ASH and ASI actively suppresses innate immunity by down-regulating noncanonical UPR genes in nonneuronal tissues (Sun et al., 2011; Singh and Aballay, 2012). Critical for understanding neuroendocrine regulation of development, essential for dauer formation studies, important model for insulin/IGF and TGF-β signaling, demonstrates how single neuron pair can profoundly influence developmental and behavioral decisions.",Unknown - function not yet characterized in this dataset,ASIL; asil; ASIL,Located in the nervous system,,,https://wormbase.org/species/all/anatomy_term/WBbt:0003888,WormFindr Information Cards (Nov 2024),[Imported from WormFindr],review,,
ASIR,ASIR cell,ASIR,cell,,WBbt:0003887,c-elegans,NCBITaxon:6239,L1,hermaphrodite,"ASIR (Amphid Single-ciliated I) - Sensory neurons (chemosensory [gustatory], thermosensory). Located in lateral ganglia of head. Born from AB lineage: AB praapapppa. Amphid neurons with single ciliated endings. Like all amphid neurons, born near the presumptive nose during embryonic development, then anchor a short projection there before cell body migrates away, stretching the dendrite out behind in a process dependent on DEX-1 or DYF-7 secreted extracellular matrix proteins (Heiman and Shaham, 2010). Dendritic process takes up FITC. Projects into ventral cord via amphid commissure then into nerve ring making diverse synaptic connections. Main synaptic output onto AIA interneurons. Use betaine as neurotransmitter and release extensive neuropeptide repertoire including DAF-28 (beta-type insulin, sole source in C. elegans), FLP-2, FLP-10, FLP-21, INS-1, INS-3, INS-4, INS-6, INS-7, INS-9, INS-22, INS-26, INS-32, NLP-1, NLP-5, NLP-6, NLP-7, NLP-9, NLP-14, NLP-18, NLP-24, NLP-27, PDF-1 (pigment dispensing factor) (Wang et al., 2024; Pierce et al., 2013; Cornils et al., 2011; Janssen et al., 2009; Takayama et al., 2009; Li and Kim, 2008; Kodama et al., 2006; Tomioka et al., 2006; Li et al., 2003; Nathoo et al., 2001). Express receptors DAF-11 (transmembrane guanylyl cyclase), DAF-37, DAF-38 (GPCRs mediating ascaroside perception cooperatively), DCAR-1 (dihydrocaffeic acid receptor), GCY-1, GCY-2, GCY-3, GCY-27 (guanylyl cyclases), NPR-5, NPR-15 (peptide receptors), SER-6 (octopamine receptor), SRD-1, STR-2, STR-3 (GPCRs), and innexins CHE-7, INX-1a, INX-1b, INX-18, INX-19, UNC-7, UNC-9 (Wormbase; Mills et al., 2011; Park et al., 2012; Altun, 2011; Aoki et al., 2011; Ortiz et al., 2006; Peckol et al., 2001; Birnby et al., 2000; Altun et al., 2009; Bhattacharya et al., 2019; Chuang et al., 2007). Modulate behavior in multiple contexts by integrating environmental information (population density, food availability, CO2 level, sex pheromone) and adjusting neural circuit function via DAF-7/TGF-β, which ASI neurons are sole source of in C. elegans (White and Jorgensen, 2012). Suppress omega turns and reversals enhancing dispersal after food removal (~30 min post-removal), promoting dispersal phase after initial local search behavior triggered by AWC/ASK/AIB, with ASI and AIY promoting dispersal (Gray et al., 2005). Involved in chemotaxis to lysine and contribute to residual chemotactic response to cAMP, biotin, Cl-, Na+ after ASE ablation (Bargmann and Horvitz, 1991). Sense temperature along with AFD and AWC for cultivation temperature (Tc) memory and thermotaxis; unlike AFD's deterministic graded responses, ASI exhibits temperature-induced stochastic Ca2+ transients in defined operating range with decreased responses close to or far from Tc (Beverly et al., 2011; Kuhara et al., 2008; Biron et al., 2008). Sense pheromones (ascaroside mixtures regulating dauer entry and adult behaviors including sexual attraction and social behavior); ASI inhibits dauer entry along with ADF and ASG while ASJ and ASK promote it (Park et al., 2012; Kim et al., 2009; Ouellett et al., 2008; Schackwitz et al., 1996; Bargmann and Horvitz, 1991). ASI represses pheromone actions (e.g., sexual attraction) in hermaphrodites through DAF-7; daf-7 mutation or ASI ablation reveals male-specific sexual attraction in hermaphrodites, while pheromone induces dauer by repressing DAF-7/TGF-β expression in ASI (White and Jorgensen, 2012). Modulate innate immune response to pathogenic bacteria along with ASH, AQR, PQR, URX by controlling UPR and p38 MAPK pathways; OCTR-1 in ASH and ASI actively suppresses innate immunity by down-regulating noncanonical UPR genes in nonneuronal tissues (Sun et al., 2011; Singh and Aballay, 2012). Critical for understanding neuroendocrine regulation of development, essential for dauer formation studies, important model for insulin/IGF and TGF-β signaling, demonstrates how single neuron pair can profoundly influence developmental and behavioral decisions.",Unknown - function not yet characterized in this dataset,ASIR; asir; ASIR,Located in the nervous system,,,https://wormbase.org/species/all/anatomy_term/WBbt:0003887,WormFindr Information Cards (Nov 2024),[Imported from WormFindr],review,,
ASJL,ASJL cell,ASJL,cell,,WBbt:0003886,c-elegans,NCBITaxon:6239,L1,hermaphrodite,"ASJL (Amphid Single-ciliated J) - Sensory neurons (dauer entry, electrosensory and photosensory). Located in lateral ganglia of head. Born from AB lineage: AB alpppppppa. Amphid neurons with single (AsG) ciliated endings. Like all amphid neurons, born near the presumptive nose during embryonic development, then anchor a short projection there before cell body migrates away, stretching the dendrite out behind in a process dependent on DEX-1 or DYF-7 secreted extracellular matrix proteins (Heiman and Shaham, 2010). Dendritic process takes up FITC. Axons project into ventral cord via amphid commissure then into nerve ring where primary synaptic output is to PVQ. Release NLP-3 neuropeptide (not glutamatergic as earlier reports suggested) (Serrano-Saiz et al., 2013; Ohnishi et al., 2011; Nathoo et al., 2001). Express receptors OSM-9 (TRPV channel), SRE-1 (GPCR), DAF-11 (transmembrane guanylyl cyclase), and innexins CHE-7, INX-7, INX-10a, INX-14, INX-18a, UNC-9 (Birnby et al., 2000; Colbert et al., 1997; Troemel et al., 1995; Bhattacharya et al., 2019). Control entry into dauer stage: ADF, ASI, ASG inhibit dauer entry while ASJ and ASK promote it (Kim et al., 2009; Ouellett et al., 2008; Schackwitz et al., 1996). Control exit from dauer stage by promoting dauer recovery (Bargmann and Horvitz, 1991). Contribute to light sensation (350-470 nm) with functional redundancy among ASJ, AWB, ASK, ASH (Ward et al., 2008). Mediate electrosensory navigation with ASJ or ASH killing causing significant electrotaxis disruption while ASK, AWB, AWC killing has weaker effect (Gabel et al., 2007). Mediate temperature habituation allowing cold shock survival following cultivation at 15°C (Ohta et al., 2014). Essential for understanding dauer regulation and developmental plasticity.",Unknown - function not yet characterized in this dataset,ASJL; asjl; ASJL,Located in the nervous system,,,https://wormbase.org/species/all/anatomy_term/WBbt:0003886,WormFindr Information Cards (Nov 2024),[Imported from WormFindr],review,,
ASJR,ASJR cell,ASJR,cell,,WBbt:0003885,c-elegans,NCBITaxon:6239,L1,hermaphrodite,"ASJR (Amphid Single-ciliated J) - Sensory neurons (dauer entry, electrosensory and photosensory). Located in lateral ganglia of head. Born from AB lineage: AB praaappppa. Amphid neurons with single (AsG) ciliated endings. Like all amphid neurons, born near the presumptive nose during embryonic development, then anchor a short projection there before cell body migrates away, stretching the dendrite out behind in a process dependent on DEX-1 or DYF-7 secreted extracellular matrix proteins (Heiman and Shaham, 2010). Dendritic process takes up FITC. Axons project into ventral cord via amphid commissure then into nerve ring where primary synaptic output is to PVQ. Release NLP-3 neuropeptide (not glutamatergic as earlier reports suggested) (Serrano-Saiz et al., 2013; Ohnishi et al., 2011; Nathoo et al., 2001). Express receptors OSM-9 (TRPV channel), SRE-1 (GPCR), DAF-11 (transmembrane guanylyl cyclase), and innexins CHE-7, INX-7, INX-10a, INX-14, INX-18a, UNC-9 (Birnby et al., 2000; Colbert et al., 1997; Troemel et al., 1995; Bhattacharya et al., 2019). Control entry into dauer stage: ADF, ASI, ASG inhibit dauer entry while ASJ and ASK promote it (Kim et al., 2009; Ouellett et al., 2008; Schackwitz et al., 1996). Control exit from dauer stage by promoting dauer recovery (Bargmann and Horvitz, 1991). Contribute to light sensation (350-470 nm) with functional redundancy among ASJ, AWB, ASK, ASH (Ward et al., 2008). Mediate electrosensory navigation with ASJ or ASH killing causing significant electrotaxis disruption while ASK, AWB, AWC killing has weaker effect (Gabel et al., 2007). Mediate temperature habituation allowing cold shock survival following cultivation at 15°C (Ohta et al., 2014). Essential for understanding dauer regulation and developmental plasticity.",Unknown - function not yet characterized in this dataset,ASJR; asjr; ASJR,Located in the nervous system,,,https://wormbase.org/species/all/anatomy_term/WBbt:0003885,WormFindr Information Cards (Nov 2024),[Imported from WormFindr],review,,
ASKL,ASKL cell,ASKL,cell,,WBbt:0003884,c-elegans,NCBITaxon:6239,L1,hermaphrodite,"ASKL (Amphid Single-ciliated K) - Sensory neurons (chemosensory [gustatory], pheromone-sensory, electrosensory and photosensory). Located in lateral ganglia of head. Born from AB lineage: AB alpppapppa. Amphid neurons with single ciliated endings. Like all amphid neurons, born near the presumptive nose during embryonic development, then anchor a short projection there before cell body migrates away, stretching the dendrite out behind in a process dependent on DEX-1 or DYF-7 secreted extracellular matrix proteins (Heiman and Shaham, 2010). Dendritic process takes up FITC. Axons project into ventral cord via amphid commissure then grow into nerve ring where primary synaptic output is AIA. Use glutamate as neurotransmitter and release FLP-21, NLP-8, NLP-10, NLP-14, and possibly PDF-1 (pigment dispensing factor) neuropeptides (Barrios et al., 2012; Li and Kim, 2008; Nathoo et al., 2001; Lee et al., 1999). Express receptors OSM-9 (TRPV channel), SRA-7, SRA-9, SRG-2, SRG-8 (GPCRs), DAF-11 (transmembrane guanylyl cyclase), and innexins CHE-7, INX-1a, INX-1b, INX-2, INX-7, INX-10a, INX-14, INX-18, INX-19, UNC-7, UNC-9 (Birnby et al., 2000; Troemel et al., 1995; Colbert et al., 1997; Altun et al., 2009; Bhattacharya et al., 2019; Chuang et al., 2007). Involved in chemotaxis to lysine (Bargmann and Horvitz, 1991). Play minor role in avoidance from chemical repellents (protons, detergents, quinine) evident when ASH missing, with ASH being main sensor (Hilliard et al., 2004; Hilliard et al., 2002; Sambongi et al., 1999; Bargmann et al., 1990). Trigger local search behavior after food removal along with AWC olfactory neurons and AIB interneurons, followed by dispersal ~30 min later promoted by ASI and AIY (Gray et al., 2005). Sense pheromones (ascaroside mixtures) and promote dauer entry along with ASJ while ADF, ASI, ASG inhibit it (Kim et al., 2009; Ouellett et al., 2008; Schackwitz et al., 1996; Bargmann and Horvitz, 1991). One of three core sensory neurons (AWA, AWC, ASK) required for male sexual attraction (White and Jorgensen, 2012). Contribute to light sensation (350-470 nm) and electrosensory navigation with functional redundancy (Ward et al., 2008; Gabel et al., 2007). Important for understanding multimodal sensory integration and behavioral context switching.",Unknown - function not yet characterized in this dataset,ASKL; askl; ASKL,Located in the nervous system,,,https://wormbase.org/species/all/anatomy_term/WBbt:0003884,WormFindr Information Cards (Nov 2024),[Imported from WormFindr],review,,
ASKR,ASKR cell,ASKR,cell,,WBbt:0003883,c-elegans,NCBITaxon:6239,L1,hermaphrodite,"ASKR (Amphid Single-ciliated K) - Sensory neurons (chemosensory [gustatory], pheromone-sensory, electrosensory and photosensory). Located in lateral ganglia of head. Born from AB lineage: AB praaaapppa. Amphid neurons with single ciliated endings. Like all amphid neurons, born near the presumptive nose during embryonic development, then anchor a short projection there before cell body migrates away, stretching the dendrite out behind in a process dependent on DEX-1 or DYF-7 secreted extracellular matrix proteins (Heiman and Shaham, 2010). Dendritic process takes up FITC. Axons project into ventral cord via amphid commissure then grow into nerve ring where primary synaptic output is AIA. Use glutamate as neurotransmitter and release FLP-21, NLP-8, NLP-10, NLP-14, and possibly PDF-1 (pigment dispensing factor) neuropeptides (Barrios et al., 2012; Li and Kim, 2008; Nathoo et al., 2001; Lee et al., 1999). Express receptors OSM-9 (TRPV channel), SRA-7, SRA-9, SRG-2, SRG-8 (GPCRs), DAF-11 (transmembrane guanylyl cyclase), and innexins CHE-7, INX-1a, INX-1b, INX-2, INX-7, INX-10a, INX-14, INX-18, INX-19, UNC-7, UNC-9 (Birnby et al., 2000; Troemel et al., 1995; Colbert et al., 1997; Altun et al., 2009; Bhattacharya et al., 2019; Chuang et al., 2007). Involved in chemotaxis to lysine (Bargmann and Horvitz, 1991). Play minor role in avoidance from chemical repellents (protons, detergents, quinine) evident when ASH missing, with ASH being main sensor (Hilliard et al., 2004; Hilliard et al., 2002; Sambongi et al., 1999; Bargmann et al., 1990). Trigger local search behavior after food removal along with AWC olfactory neurons and AIB interneurons, followed by dispersal ~30 min later promoted by ASI and AIY (Gray et al., 2005). Sense pheromones (ascaroside mixtures) and promote dauer entry along with ASJ while ADF, ASI, ASG inhibit it (Kim et al., 2009; Ouellett et al., 2008; Schackwitz et al., 1996; Bargmann and Horvitz, 1991). One of three core sensory neurons (AWA, AWC, ASK) required for male sexual attraction (White and Jorgensen, 2012). Contribute to light sensation (350-470 nm) and electrosensory navigation with functional redundancy (Ward et al., 2008; Gabel et al., 2007). Important for understanding multimodal sensory integration and behavioral context switching.",Unknown - function not yet characterized in this dataset,ASKR; askr; ASKR,Located in the nervous system,,,https://wormbase.org/species/all/anatomy_term/WBbt:0003883,WormFindr Information Cards (Nov 2024),[Imported from WormFindr],review,,
AUAL,AUAL cell,AUAL,cell,,WBbt:0003872,c-elegans,NCBITaxon:6239,L1,hermaphrodite,AUAL is a neuron cell in the nervous system of C. elegans. Sensory neuron located in left lateral ganglion. Sends anterior process along amphid bundle and ventrally directed process that enters nerve ring. Embryonic lineage: ABalpppppppp,Unknown - function not yet characterized in this dataset,AUAL; aual; AUAL,Located in the nervous system,,,https://wormbase.org/species/all/anatomy_term/WBbt:0003872,WormFindr Information Cards (Nov 2024),[Imported from WormFindr],review,,
AUAR,AUAR cell,AUAR,cell,,WBbt:0003871,c-elegans,NCBITaxon:6239,L1,hermaphrodite,AUAR is a neuron cell in the nervous system of C. elegans. Sensory neuron located in right lateral ganglion. Sends anterior process along amphid bundle and ventrally directed process that enters nerve ring. Embryonic lineage: ABpraaappppp,Unknown - function not yet characterized in this dataset,AUAR; auar; AUAR,Located in the nervous system,,,https://wormbase.org/species/all/anatomy_term/WBbt:0003871,WormFindr Information Cards (Nov 2024),[Imported from WormFindr],review,,
AVAL,AVAL cell,AVAL,cell,,WBbt:0003870,c-elegans,NCBITaxon:6239,L1,hermaphrodite,"AVAL (Anterior Ventral A) - Interneurons. Located in lateral ganglia of head. Born from AB lineage: AB alppaaapa. One of four bilaterally symmetric interneuron pairs (AVA, AVB, AVD, and PVC) with large-diameter axons that run the entire length of the ventral nerve cord and provide input to ventral cord motor neurons. Synapse onto A-type motor neurons (VA, DA) and AS motor neurons. Formerly called alpha. In males, AVAL receives input from PQR, PVY and PVX (Jarrell et al., 2012). Use acetylcholine as neurotransmitter (not glutamatergic as earlier reports suggested) and release FLP-1 and FLP-18 neuropeptides (Pereira et al., 2015; Serrano-Saiz et al., 2013; Ohnishi et al., 2011; Rogers et al., 2003; Nelson et al., 1998). Express receptors possibly GGR-3 (GABA-A/glycine receptor-like), GLR-1, GLR-2, GLR-4, GLR-5 (glutamate receptor subunits), NMR-1, NMR-2 (NMDA receptor subunits), UNC-8 (DEG/ENaC mechanically-gated channel), and innexins INX-1a, INX-1b, INX-7, INX-10a, INX-14, INX-18a, INX-19, UNC-7, UNC-9 (Wormbase; Altun, 2011; Brockie et al., 2001; Tavernarakis et al., 1997; Fujiwara et al., 1996; Maricq et al., 1995; Altun et al., 2009; Bhattacharya et al., 2019). Function as command interneurons and driver cells for backward locomotion (reversal). Drive backward movement of the animal along with touch modulator AVD neuron, AVE and A-type motor neurons. Although AVA/AVD/AVE are important for initiating reversals, they are not essential since worms lacking these neurons can still initiate reversals at reduced frequency (Piggott et al., 2011). Single most studied interneuron pair in C. elegans. Foundational for understanding command neuron function, featured prominently in connectome papers, essential for optogenetics studies, and premier model for motor pattern generation and backward locomotion control.",Unknown - function not yet characterized in this dataset,AVAL; aval; AVAL,Located in the nervous system,,,https://wormbase.org/species/all/anatomy_term/WBbt:0003870,WormFindr Information Cards (Nov 2024),[Imported from WormFindr],review,,
AVAR,AVAR cell,AVAR,cell,,WBbt:0003869,c-elegans,NCBITaxon:6239,L1,hermaphrodite,"AVAR (Anterior Ventral A) - Interneurons. Located in lateral ganglia of head. Born from AB lineage: AB alaappapa. One of four bilaterally symmetric interneuron pairs (AVA, AVB, AVD, and PVC) with large-diameter axons that run the entire length of the ventral nerve cord and provide input to ventral cord motor neurons. Synapse onto A-type motor neurons (VA, DA) and AS motor neurons. Formerly called alpha. In males, AVAL receives input from PQR, PVY and PVX (Jarrell et al., 2012). Use acetylcholine as neurotransmitter (not glutamatergic as earlier reports suggested) and release FLP-1 and FLP-18 neuropeptides (Pereira et al., 2015; Serrano-Saiz et al., 2013; Ohnishi et al., 2011; Rogers et al., 2003; Nelson et al., 1998). Express receptors possibly GGR-3 (GABA-A/glycine receptor-like), GLR-1, GLR-2, GLR-4, GLR-5 (glutamate receptor subunits), NMR-1, NMR-2 (NMDA receptor subunits), UNC-8 (DEG/ENaC mechanically-gated channel), and innexins INX-1a, INX-1b, INX-7, INX-10a, INX-14, INX-18a, INX-19, UNC-7, UNC-9 (Wormbase; Altun, 2011; Brockie et al., 2001; Tavernarakis et al., 1997; Fujiwara et al., 1996; Maricq et al., 1995; Altun et al., 2009; Bhattacharya et al., 2019). Function as command interneurons and driver cells for backward locomotion (reversal). Drive backward movement of the animal along with touch modulator AVD neuron, AVE and A-type motor neurons. Although AVA/AVD/AVE are important for initiating reversals, they are not essential since worms lacking these neurons can still initiate reversals at reduced frequency (Piggott et al., 2011). Single most studied interneuron pair in C. elegans. Foundational for understanding command neuron function, featured prominently in connectome papers, essential for optogenetics studies, and premier model for motor pattern generation and backward locomotion control.",Unknown - function not yet characterized in this dataset,AVAR; avar; AVAR,Located in the nervous system,,,https://wormbase.org/species/all/anatomy_term/WBbt:0003869,WormFindr Information Cards (Nov 2024),[Imported from WormFindr],review,,
AVBL,AVBL cell,AVBL,cell,,WBbt:0003868,c-elegans,NCBITaxon:6239,L1,hermaphrodite,"AVBL (Anterior Ventral B) - Interneurons. Located in lateral ganglia of head. Born from AB lineage: AB plpaapaap. One of four bilaterally symmetric interneuron pairs (AVA, AVB, AVD, and PVC) with large-diameter axons that run the entire length of the ventral nerve cord and provide input to ventral cord motor neurons. Synapse onto B-type motor neurons (VB, DB) and AS motor neurons. Formerly called beta. In males, AVBR receives input from male-specific interneurons (Jarrell et al., 2012). Use acetylcholine as neurotransmitter and release PDF-1 (pigment dispensing factor homolog) neuropeptide (Pereira et al., 2015; Barrios et al., 2012). Express receptors GLR-1, GLR-5 (glutamate receptor subunits), SRA-11 (GPCR), possibly GGR-3 (GABA-A/glycine receptor-like), UNC-8 (DEG/ENaC mechanically-gated channel), and innexins INX-1a, INX-1b, INX-2, INX-10a, INX-18a, INX-19, UNC-7, UNC-9 (Brockie et al., 2001; Tavernarakis et al., 1997; Fujiwara et al., 1996; Maricq et al., 1995; Troemel et al., 1995; Altun et al., 2009; Bhattacharya et al., 2019). Function as command interneurons and driver cells for forward locomotion. Drive forward movement of the animal along with touch modulator PVC and B-type motor neurons (Chalfie et al., 1985). Complementary partner to AVA for understanding motor control, essential for forward-backward motor state studies, used extensively in optogenetics research, important for understanding how attractive vs. aversive stimuli bias motor output, and critical model for studying neural state transitions and mutual inhibition between motor states.",Unknown - function not yet characterized in this dataset,AVBL; avbl; AVBL,Located in the nervous system,,,https://wormbase.org/species/all/anatomy_term/WBbt:0003868,WormFindr Information Cards (Nov 2024),[Imported from WormFindr],review,,
AVBR,AVBR cell,AVBR,cell,,WBbt:0003867,c-elegans,NCBITaxon:6239,L1,hermaphrodite,"AVBR (Anterior Ventral B) - Interneurons. Located in lateral ganglia of head. Born from AB lineage: AB prpaapaap. One of four bilaterally symmetric interneuron pairs (AVA, AVB, AVD, and PVC) with large-diameter axons that run the entire length of the ventral nerve cord and provide input to ventral cord motor neurons. Synapse onto B-type motor neurons (VB, DB) and AS motor neurons. Formerly called beta. In males, AVBR receives input from male-specific interneurons (Jarrell et al., 2012). Use acetylcholine as neurotransmitter and release PDF-1 (pigment dispensing factor homolog) neuropeptide (Pereira et al., 2015; Barrios et al., 2012). Express receptors GLR-1, GLR-5 (glutamate receptor subunits), SRA-11 (GPCR), possibly GGR-3 (GABA-A/glycine receptor-like), UNC-8 (DEG/ENaC mechanically-gated channel), and innexins INX-1a, INX-1b, INX-2, INX-10a, INX-18a, INX-19, UNC-7, UNC-9 (Brockie et al., 2001; Tavernarakis et al., 1997; Fujiwara et al., 1996; Maricq et al., 1995; Troemel et al., 1995; Altun et al., 2009; Bhattacharya et al., 2019). Function as command interneurons and driver cells for forward locomotion. Drive forward movement of the animal along with touch modulator PVC and B-type motor neurons (Chalfie et al., 1985). Complementary partner to AVA for understanding motor control, essential for forward-backward motor state studies, used extensively in optogenetics research, important for understanding how attractive vs. aversive stimuli bias motor output, and critical model for studying neural state transitions and mutual inhibition between motor states.",Unknown - function not yet characterized in this dataset,AVBR; avbr; AVBR,Located in the nervous system,,,https://wormbase.org/species/all/anatomy_term/WBbt:0003867,WormFindr Information Cards (Nov 2024),[Imported from WormFindr],review,,
AVDL,AVDL cell,AVDL,cell,,WBbt:0003866,c-elegans,NCBITaxon:6239,L1,hermaphrodite,"AVDL (Anterior Ventral D) - Interneurons. Located in lateral ganglia of head. Born from AB lineage: AB alaaapalr for AVDL. One of four bilaterally symmetric interneuron pairs (AVA, AVB, AVD, and PVC) with large-diameter axons that run the entire length of the ventral nerve cord and provide input to ventral cord motor neurons (VA, DA, and AS). Use acetylcholine as neurotransmitter (Pereira et al., 2015). Express receptors GLR-1, GLR-2, GLR-5 (glutamate receptor subunits), NMR-1, NMR-2 (NMDA receptor subunits), PDFR-1 (pigment dispersing factor receptor), UNC-8 (DEG/ENaC mechanically-gated channel), and innexins INX-1a, INX-1b, INX-2, INX-6, INX-10a, INX-14, INX-18a, INX-19, UNC-7, UNC-9 (Wormbase; Barrios et al., 2012; Brockie et al., 2001; Tavernarakis et al., 1997; Maricq et al., 1995; Altun et al., 2009; Bhattacharya et al., 2019). Function as command interneurons and modulators for backward locomotion induced by head-touch. Drive backward movement (reversal) along with driver cell AVA neuron, AVE and A-type motor neurons. Although AVA/AVD/AVE are important for initiating reversals, they are not essential since worms lacking these neurons can still initiate reversals at reduced frequency (Piggott et al., 2011). Important model for understanding command interneuron function and modulation of backward locomotion.",Unknown - function not yet characterized in this dataset,AVDL; avdl; AVDL,Located in the nervous system,,,https://wormbase.org/species/all/anatomy_term/WBbt:0003866,WormFindr Information Cards (Nov 2024),[Imported from WormFindr],review,,
AVDR,AVDR cell,AVDR,cell,,WBbt:0003865,c-elegans,NCBITaxon:6239,L1,hermaphrodite,"AVDR (Anterior Ventral D) - Interneurons. Located in lateral ganglia of head. Born from AB lineage: AB alaaapprl for AVDR. One of four bilaterally symmetric interneuron pairs (AVA, AVB, AVD, and PVC) with large-diameter axons that run the entire length of the ventral nerve cord and provide input to ventral cord motor neurons (VA, DA, and AS). Use acetylcholine as neurotransmitter (Pereira et al., 2015). Express receptors GLR-1, GLR-2, GLR-5 (glutamate receptor subunits), NMR-1, NMR-2 (NMDA receptor subunits), PDFR-1 (pigment dispersing factor receptor), UNC-8 (DEG/ENaC mechanically-gated channel), and innexins INX-1a, INX-1b, INX-2, INX-6, INX-10a, INX-14, INX-18a, INX-19, UNC-7, UNC-9 (Wormbase; Barrios et al., 2012; Brockie et al., 2001; Tavernarakis et al., 1997; Maricq et al., 1995; Altun et al., 2009; Bhattacharya et al., 2019). Function as command interneurons and modulators for backward locomotion induced by head-touch. Drive backward movement (reversal) along with driver cell AVA neuron, AVE and A-type motor neurons. Although AVA/AVD/AVE are important for initiating reversals, they are not essential since worms lacking these neurons can still initiate reversals at reduced frequency (Piggott et al., 2011). Important model for understanding command interneuron function and modulation of backward locomotion.",Unknown - function not yet characterized in this dataset,AVDR; avdr; AVDR,Located in the nervous system,,,https://wormbase.org/species/all/anatomy_term/WBbt:0003865,WormFindr Information Cards (Nov 2024),[Imported from WormFindr],review,,
AVEL,AVEL cell,AVEL,cell,,WBbt:0003864,c-elegans,NCBITaxon:6239,L1,hermaphrodite,"AVEL (Anterior Ventral E) - Interneurons. Located in lateral ganglia of head. Born from AB lineage: AB alpppaaaa for AVEL. Ventral cord interneurons that send processes into nerve ring where they receive synaptic input from sensory and interneurons. Processes exit nerve ring into ventral cord extending to anterior of vulva. Ventral cord process is predominantly presynaptic with same synaptic partners as AVD. Use acetylcholine as neurotransmitter (not glutamatergic as earlier reports suggested) and release FLP-1 neuropeptide (Pereira et al., 2015; Serrano-Saiz et al., 2013; Ohnishi et al., 2011; Nelson et al., 1998). Express receptors GLR-1, GLR-2, GLR-5 (glutamate receptor subunits), NMR-1, NMR-2 (NMDA receptor subunits), and innexins INX-1a, INX-1b, INX-2, INX-10a, INX-14, INX-19, UNC-7, UNC-9 (Maricq et al., 1995; Brockie et al., 2001; Bhattacharya et al., 2019). Function as command interneurons driving backward movement of animal along with AVA, AVD and A-type motor neurons. Important model for understanding command interneuron function and backward locomotion control, sharing synaptic partners with AVD.",Unknown - function not yet characterized in this dataset,AVEL; avel; AVEL,Located in the nervous system,,,https://wormbase.org/species/all/anatomy_term/WBbt:0003864,WormFindr Information Cards (Nov 2024),[Imported from WormFindr],review,,
AVER,AVER cell,AVER,cell,,WBbt:0003863,c-elegans,NCBITaxon:6239,L1,hermaphrodite,"AVER (Anterior Ventral E) - Interneurons. Located in lateral ganglia of head. Born from AB lineage: AB praaaaaaa for AVER. Ventral cord interneurons that send processes into nerve ring where they receive synaptic input from sensory and interneurons. Processes exit nerve ring into ventral cord extending to anterior of vulva. Ventral cord process is predominantly presynaptic with same synaptic partners as AVD. Use acetylcholine as neurotransmitter (not glutamatergic as earlier reports suggested) and release FLP-1 neuropeptide (Pereira et al., 2015; Serrano-Saiz et al., 2013; Ohnishi et al., 2011; Nelson et al., 1998). Express receptors GLR-1, GLR-2, GLR-5 (glutamate receptor subunits), NMR-1, NMR-2 (NMDA receptor subunits), and innexins INX-1a, INX-1b, INX-2, INX-10a, INX-14, INX-19, UNC-7, UNC-9 (Maricq et al., 1995; Brockie et al., 2001; Bhattacharya et al., 2019). Function as command interneurons driving backward movement of animal along with AVA, AVD and A-type motor neurons. Important model for understanding command interneuron function and backward locomotion control, sharing synaptic partners with AVD.",Unknown - function not yet characterized in this dataset,AVER; aver; AVER,Located in the nervous system,,,https://wormbase.org/species/all/anatomy_term/WBbt:0003863,WormFindr Information Cards (Nov 2024),[Imported from WormFindr],review,,
AVFL,AVFL cell,AVFL,cell,,WBbt:0005657,c-elegans,NCBITaxon:6239,L1,hermaphrodite,AVFL is a neuron cell in the nervous system of C. elegans. Interneuron in left retrovesicular ganglion. This specimen sends only an anteriorly directed process towards the nerve ring. Post-embryonic lineage: P1.aaaa or W.aaa,Unknown - function not yet characterized in this dataset,AVFL; avfl; AVFL,Located in the nervous system,,,https://wormbase.org/species/all/anatomy_term/WBbt:0005657,WormFindr Information Cards (Nov 2024),[Imported from WormFindr],review,,
AVFR,AVFR cell,AVFR,cell,,WBbt:0005658,c-elegans,NCBITaxon:6239,L1,hermaphrodite,AVFR is a neuron cell in the nervous system of C. elegans. Interneuron in right retrovesicular ganglion. This specimen sends only an anteriorly directed process towards the nerve ring. Post-embryonic lineage: P1.aaaa or W.aaa,Unknown - function not yet characterized in this dataset,AVFR; avfr; AVFR,Located in the nervous system,,,https://wormbase.org/species/all/anatomy_term/WBbt:0005658,WormFindr Information Cards (Nov 2024),[Imported from WormFindr],review,,
AVG,AVG cell,AVG,cell,,WBbt:0003850,c-elegans,NCBITaxon:6239,L1,hermaphrodite,AVG is a neuron cell in the nervous system of C. elegans. Interneuron located in retrovesicular ganglion. Sends posterior process along ventral cord. Embryonic lineage: ABprpapppap,Unknown - function not yet characterized in this dataset,AVG; avg; AVG,Located in the nervous system,,,https://wormbase.org/species/all/anatomy_term/WBbt:0003850,WormFindr Information Cards (Nov 2024),[Imported from WormFindr],review,,
AVHL,AVHL cell,AVHL,cell,,WBbt:0003849,c-elegans,NCBITaxon:6239,L1,hermaphrodite,AVHL is a neuron cell in the nervous system of C. elegans. Ventral cord interneuron in left lateral ganglion. Sends anterior process into nerve ring that then travels along ventral cord. Embryonic lineage: ABalapaaaaa,Unknown - function not yet characterized in this dataset,AVHL; avhl; AVHL,Located in the nervous system,,,https://wormbase.org/species/all/anatomy_term/WBbt:0003849,WormFindr Information Cards (Nov 2024),[Imported from WormFindr],review,,
AVHR,AVHR cell,AVHR,cell,,WBbt:0003848,c-elegans,NCBITaxon:6239,L1,hermaphrodite,AVHR is a neuron cell in the nervous system of C. elegans. Ventral cord interneuron in right lateral ganglion. Sends anterior process into nerve ring that then travels along ventral cord. Embryonic lineage: ABalappapaa,Unknown - function not yet characterized in this dataset,AVHR; avhr; AVHR,Located in the nervous system,,,https://wormbase.org/species/all/anatomy_term/WBbt:0003848,WormFindr Information Cards (Nov 2024),[Imported from WormFindr],review,,
AVJL,AVJL cell,AVJL,cell,,WBbt:0003847,c-elegans,NCBITaxon:6239,L1,hermaphrodite,AVJL is a neuron cell in the nervous system of C. elegans. Ventral cord interneuron in left lateral ganglion. Sends anterior process into nerve ring that then travels along ventral cord. Embryonic lineage: ABalapapppa,Unknown - function not yet characterized in this dataset,AVJL; avjl; AVJL,Located in the nervous system,,,https://wormbase.org/species/all/anatomy_term/WBbt:0003847,WormFindr Information Cards (Nov 2024),[Imported from WormFindr],review,,
AVJR,AVJR cell,AVJR,cell,,WBbt:0003846,c-elegans,NCBITaxon:6239,L1,hermaphrodite,AVJR is a neuron cell in the nervous system of C. elegans. Ventral cord interneuron in right lateral ganglion. Sends anterior process into nerve ring that then travels along ventral cord. Embryonic lineage: ABalapppppa,Unknown - function not yet characterized in this dataset,AVJR; avjr; AVJR,Located in the nervous system,,,https://wormbase.org/species/all/anatomy_term/WBbt:0003846,WormFindr Information Cards (Nov 2024),[Imported from WormFindr],review,,
AVKL,AVKL cell,AVKL,cell,,WBbt:0003845,c-elegans,NCBITaxon:6239,L1,hermaphrodite,AVKL is a neuron cell in the nervous system of C. elegans. Ventral cord interneuron located in left ventral ganglion. Sends anterior process into nerve ring that travels to ventral cord. Embryonic lineage: ABplpapapap,Unknown - function not yet characterized in this dataset,AVKL; avkl; AVKL,Located in the nervous system,,,https://wormbase.org/species/all/anatomy_term/WBbt:0003845,WormFindr Information Cards (Nov 2024),[Imported from WormFindr],review,,
AVKR,AVKR cell,AVKR,cell,,WBbt:0003844,c-elegans,NCBITaxon:6239,L1,hermaphrodite,AVKR is a neuron cell in the nervous system of C. elegans. Ventral cord interneuron located in right ventral ganglion. Sends anterior process into nerve ring that travels to ventral cord. Embryonic lineage: ABprpapapap,Unknown - function not yet characterized in this dataset,AVKR; avkr; AVKR,Located in the nervous system,,,https://wormbase.org/species/all/anatomy_term/WBbt:0003844,WormFindr Information Cards (Nov 2024),[Imported from WormFindr],review,,
AVL,AVL cell,AVL,cell,,WBbt:0003843,c-elegans,NCBITaxon:6239,L1,hermaphrodite,AVL is a neuron cell in the nervous system of C. elegans. Polymodal neuron located in ventral ganglion. Sends anterior process into nerve ring that exits and runs along the ventral cord. Embryonic lineage: ABprpappaap,Unknown - function not yet characterized in this dataset,AVL; avl; AVL,Located in the nervous system,,,https://wormbase.org/species/all/anatomy_term/WBbt:0003843,WormFindr Information Cards (Nov 2024),[Imported from WormFindr],review,,
AVM,AVM cell,AVM,cell,,WBbt:0003832,c-elegans,NCBITaxon:6239,L1,hermaphrodite,"AVM (Anterior Ventral Microtubule Cell) - Sensory neuron (mechanosensory) detecting gentle touch to the anterior body, postembryonically born touch receptor. Located laterally on the right side of the anterior half of the body. Born from QR.paa lineage approximately 9 hours after hatching at 20°C. Along with ALM and PLM, AVM senses gentle (low threshold) mechanical stimulus and provides input to command interneurons (PVC, AVB, AVD, AVA) via both synaptic connections and gap junctions. Forms gap junctions with backward movement interneuron AVD (agonist) and provides inhibitory synaptic input to forward interneurons AVB and PVC (antagonists) in the escape response circuit (Chalfie et al., 1985; Kaplan and Driscoll, 1997; Goodman, 2006; Pirri and Alkema, 2011). Uses glutamate as neurotransmitter (Lee et al., 1999; Serrano-Saiz et al., 2013). Expresses innexins INX-1a, INX-1b, INX-7, INX-10a, INX-14 (dauer only), and UNC-9 (Altun et al., 2009; Bhattacharya et al., 2019). Expresses PDFR-1 (pigment dispersing factor receptor) (Barrios et al., 2012). Core member of the six touch receptor neurons essential for mechanosensory behavior studies and featured in Chalfie's Nobel Prize-winning mechanotransduction research.",Unknown - function not yet characterized in this dataset,AVM; avm; AVM,Located in the nervous system,,,https://wormbase.org/species/all/anatomy_term/WBbt:0003832,WormFindr Information Cards (Nov 2024),[Imported from WormFindr],review,,
AWAL,AWAL cell,AWAL,cell,,WBbt:0003831,c-elegans,NCBITaxon:6239,L1,hermaphrodite,"AWAL (Amphid Wing Cells A) - Sensory neurons (odorsensory). Located in lateral ganglia of head. Born from AB lineage: AB plaapapaa. Amphid wing ""A"" cells with ciliated sheet-like sensory endings closely associated with amphid sheath (Doroquez et al., 2014). Like all amphid neurons, born near the presumptive nose during embryonic development, then anchor a short projection there before cell body migrates away, stretching the dendrite out behind in a process dependent on DEX-1 or DYF-7 secreted extracellular matrix proteins; mutants lacking these proteins fail to anchor dendrite at nose, producing short dendritic stub (Heiman and Shaham, 2010). Use acetylcholine as neurotransmitter (Wang et al., 2024). Express receptors OCR-1, OCR-2, OSM-9 (TRPV channels), ODR-10 (7-TM diacetyl receptor), and innexins CHE-7, EAT-5, INX-7, UNC-7, UNC-9 (Tobin et al., 2002; Sengupta et al., 1996; Colbert et al., 1997; Zhang et al., 1997; Bhattacharya et al., 2019). Mediate chemotaxis to diacetyl, pyrazine, and trimethylthiazole (Bargmann et al., 1993). One of three core sensory neurons (AWA, AWC, ASK) required for male sexual attraction (White and Jorgensen, 2012). Classic model for specific odor-receptor pairs (ODR-10-diacetyl) and understanding labeled-line olfactory coding. Essential for studying attractant detection and GPCR signaling in chemosensory neurons.",Unknown - function not yet characterized in this dataset,AWAL; awal; AWAL,Located in the nervous system,,,https://wormbase.org/species/all/anatomy_term/WBbt:0003831,WormFindr Information Cards (Nov 2024),[Imported from WormFindr],review,,
AWAR,AWAR cell,AWAR,cell,,WBbt:0003830,c-elegans,NCBITaxon:6239,L1,hermaphrodite,"AWAR (Amphid Wing Cells A) - Sensory neurons (odorsensory). Located in lateral ganglia of head. Born from AB lineage: AB praapapaa. Amphid wing ""A"" cells with ciliated sheet-like sensory endings closely associated with amphid sheath (Doroquez et al., 2014). Like all amphid neurons, born near the presumptive nose during embryonic development, then anchor a short projection there before cell body migrates away, stretching the dendrite out behind in a process dependent on DEX-1 or DYF-7 secreted extracellular matrix proteins; mutants lacking these proteins fail to anchor dendrite at nose, producing short dendritic stub (Heiman and Shaham, 2010). Use acetylcholine as neurotransmitter (Wang et al., 2024). Express receptors OCR-1, OCR-2, OSM-9 (TRPV channels), ODR-10 (7-TM diacetyl receptor), and innexins CHE-7, EAT-5, INX-7, UNC-7, UNC-9 (Tobin et al., 2002; Sengupta et al., 1996; Colbert et al., 1997; Zhang et al., 1997; Bhattacharya et al., 2019). Mediate chemotaxis to diacetyl, pyrazine, and trimethylthiazole (Bargmann et al., 1993). One of three core sensory neurons (AWA, AWC, ASK) required for male sexual attraction (White and Jorgensen, 2012). Classic model for specific odor-receptor pairs (ODR-10-diacetyl) and understanding labeled-line olfactory coding. Essential for studying attractant detection and GPCR signaling in chemosensory neurons.",Unknown - function not yet characterized in this dataset,AWAR; awar; AWAR,Located in the nervous system,,,https://wormbase.org/species/all/anatomy_term/WBbt:0003830,WormFindr Information Cards (Nov 2024),[Imported from WormFindr],review,,
AWBL,AWBL cell,AWBL,cell,,WBbt:0003829,c-elegans,NCBITaxon:6239,L1,hermaphrodite,"AWBL (Amphid Wing Cells B) - Sensory neurons (odorsensory, electrosensory and photosensory). Located in lateral ganglia of head. Born from AB lineage: AB alpppppap. Amphid wing ""B"" cells with ciliated sheet-like sensory endings closely associated with amphid sheath. Like all amphid neurons, born near the presumptive nose during embryonic development, then anchor a short projection there before cell body migrates away, stretching the dendrite out behind in a process dependent on DEX-1 or DYF-7 secreted extracellular matrix proteins (Heiman and Shaham, 2010). Use acetylcholine as neurotransmitter and release NLP-3 and NLP-9 neuropeptides (Pereira et al., 2015; Nathoo et al., 2001). Express receptors STR-1 (GPCR), DAF-11 (transmembrane guanylyl cyclase), possibly AEX-2 (7-transmembrane GPCR family), and innexins CHE-7, INX-1a, INX-7, INX-10a, INX-14, INX-18a, INX-19, UNC-7, UNC-9 (Mahoney et al., 2008; Birnby et al., 2000; Troemel et al., 1997; Chuang et al., 2007; Altun et al., 2009; Bhattacharya et al., 2019). Mediate avoidance of 2-nonanone and 1-octanol (Troemel et al., 1997). Contribute to light sensation (350-470 nm): ablation of ASJ, AWB, ASK, ASH together causes severe deficit in head avoidance response to light flash, with functional redundancy evident since individual ablations yield no significant defect (Ward et al., 2008). Contribute to electrosensory navigation toward negative pole, with killing ASJ or ASH causing significant disruption while killing ASK, AWB, or AWC has weaker effect (Gabel et al., 2007). Important for understanding volatile repellent detection and multimodal sensory integration.",Unknown - function not yet characterized in this dataset,AWBL; awbl; AWBL,Located in the nervous system,,,https://wormbase.org/species/all/anatomy_term/WBbt:0003829,WormFindr Information Cards (Nov 2024),[Imported from WormFindr],review,,
AWBR,AWBR cell,AWBR,cell,,WBbt:0003828,c-elegans,NCBITaxon:6239,L1,hermaphrodite,"AWBR (Amphid Wing Cells B) - Sensory neurons (odorsensory, electrosensory and photosensory). Located in lateral ganglia of head. Born from AB lineage: AB praaappap. Amphid wing ""B"" cells with ciliated sheet-like sensory endings closely associated with amphid sheath. Like all amphid neurons, born near the presumptive nose during embryonic development, then anchor a short projection there before cell body migrates away, stretching the dendrite out behind in a process dependent on DEX-1 or DYF-7 secreted extracellular matrix proteins (Heiman and Shaham, 2010). Use acetylcholine as neurotransmitter and release NLP-3 and NLP-9 neuropeptides (Pereira et al., 2015; Nathoo et al., 2001). Express receptors STR-1 (GPCR), DAF-11 (transmembrane guanylyl cyclase), possibly AEX-2 (7-transmembrane GPCR family), and innexins CHE-7, INX-1a, INX-7, INX-10a, INX-14, INX-18a, INX-19, UNC-7, UNC-9 (Mahoney et al., 2008; Birnby et al., 2000; Troemel et al., 1997; Chuang et al., 2007; Altun et al., 2009; Bhattacharya et al., 2019). Mediate avoidance of 2-nonanone and 1-octanol (Troemel et al., 1997). Contribute to light sensation (350-470 nm): ablation of ASJ, AWB, ASK, ASH together causes severe deficit in head avoidance response to light flash, with functional redundancy evident since individual ablations yield no significant defect (Ward et al., 2008). Contribute to electrosensory navigation toward negative pole, with killing ASJ or ASH causing significant disruption while killing ASK, AWB, or AWC has weaker effect (Gabel et al., 2007). Important for understanding volatile repellent detection and multimodal sensory integration.",Unknown - function not yet characterized in this dataset,AWBR; awbr; AWBR,Located in the nervous system,,,https://wormbase.org/species/all/anatomy_term/WBbt:0003828,WormFindr Information Cards (Nov 2024),[Imported from WormFindr],review,,
AWCL,AWCL cell,AWCL,cell,,WBbt:0003827,c-elegans,NCBITaxon:6239,L1,hermaphrodite,"AWCL (Amphid Wing Cells C Left) - The AWC neurons are ciliated amphid sensory neurons (odorsensory, photosensory, electrosensory and thermosensory). The cell bodies of the AWCs are located near the ventral edge of the lateral ganglia. The AWCs have anterior dendritic processes that end near the amphid pore. The distal endings of the AWC dendrites are ciliated with sheet-like sensory endings embedded within the amphid sheath glia. These sheet-like wings expand during the dauer stage in response to amphid sheath cell remodeling (Albert and Riddle, 1983; Procko et al., 2011). The axons of the AWCs extend ventrally via the amphid commissure and then towards and into the nerve ring where its main  synaptic outputs include AIB, AIY, and AIA. AWCL is born from AB lineage (AB plpaaaaap) at approximately 300 minutes after first cleavage at 20° C and is sister to SAAVL. The AWC cell bodies are born near the presumptive nose during embryonic development, then anchor a short projection there before the cell body migrates away, stretching the dendrite out behind (Heiman and Shaham, 2010). ","Display functional asymmetry where one AWC stochastically expresses chemoreceptor STR-2 (AWC^ON state), creating left-right asymmetry (Troemel et al., 1999). Use glutamate as neurotransmitter (AWC-AIA synapse is inhibitory glutamatergic, modulated by NLP-1/NPR-11 signaling) and release NLP-1 neuropeptide (Chalasani et al., 2010; Serrano-Saiz et al., 2013). Express receptors OSM-9 (TRPV channel), DAF-11 (guanylyl cyclase), STR-2 (GPCR, asymmetrically expressed), and innexins CHE-7, INX-1a, INX-1b, INX-7, INX-10a, INX-14, INX-18a, INX-19, UNC-7, UNC-9 (Birnby et al., 2000; Troemel et al., 1999; Colbert et al., 1997; Chuang et al., 2007; Bhattacharya et al., 2019). Critical for chemotaxis to volatile odorants (benzaldehyde, butanone, isoamylalcohol, 2,3 pentanedione, 2,4,5 trimethylthiazole). Function as odor-OFF neurons activated by odor removal and inhibited by continued odor presence. Trigger local search behavior after food removal, synapsing onto AIB (activating through AMPA receptors, enhancing turning) and AIY (inhibiting through glutamate-gated chloride channels, suppressing turning), with NLP-1 required for food-evoked behaviors and odor adaptation (Chalasani et al., 2010; Gray et al., 2005; L'Etoile and Bargmann, 2000; Bargmann et al., 1993). Serve as thermosensors along with AFD and ASI for temperature cultivation (Tc) memory and thermotaxis: Ca2+ increases via ODR-1 cGMP production and TAX-4 channel activation at temperatures above Tc, exhibiting stochastic temperature-evoked Ca2+ changes with stimulus-correlated temporal kinetics, becoming more active as temperatures diverge from Tc (Beverly et al., 2011; Kuhara et al., 2008; Biron et al., 2008). GPCR SRTX-1 required in both AFD and AWC for isothermal tracking (Liu et al., 2012). Contribute to electrosensory navigation toward negative pole (Gabel et al., 2007). One of three core sensory neurons (AWA, AWC, ASK) required for male sexual attraction (White and Jorgensen, 2012). Most extensively studied chemosensory neuron and paradigm for understanding olfactory coding, stochastic left-right asymmetry, and sensory adaptation.",AWCL; awcl; AWCL,Located in the nervous system,,,https://wormbase.org/species/all/anatomy_term/WBbt:0003827,WormFindr Information Cards (Nov 2024),[Imported from WormFindr],review,,
AWCR,AWCR cell,AWCR,cell,,WBbt:0003826,c-elegans,NCBITaxon:6239,L1,hermaphrodite,"AWCR (Amphid Wing Cells C Right) - The AWC neurons are ciliated amphid sensory neurons (odorsensory, photosensory, electrosensory and thermosensory). The cell bodies of the AWCs are located near the ventral edge of the lateral ganglia. The AWCs have anterior dendritic processes that end near the amphid pore. The distal endings of the AWC dendrites are ciliated with sheet-like sensory endings embedded within the amphid sheath glia. These sheet-like wings expand during the dauer stage in response to amphid sheath cell remodeling (Albert and Riddle, 1983; Procko et al., 2011). The axons of the AWCs extend ventrally via the amphid commissure and then towards and into the nerve ring where its main  synaptic outputs include AIB, AIY, and AIA. AWCR is born from AB lineage (AB prpaaaaap) at approximately 300 minutes after the first cell cleavage at 20° C and is sister to SAAVR. The AWC cell bodies are born near the presumptive nose during embryonic development, then anchor a short projection there before the cell body migrates away, stretching the dendrite out behind (Heiman and Shaham, 2010). ","Display functional asymmetry where one AWC stochastically expresses chemoreceptor STR-2 (AWC^ON state), creating left-right asymmetry (Troemel et al., 1999). Use glutamate as neurotransmitter (AWC-AIA synapse is inhibitory glutamatergic, modulated by NLP-1/NPR-11 signaling) and release NLP-1 neuropeptide (Chalasani et al., 2010; Serrano-Saiz et al., 2013). Express receptors OSM-9 (TRPV channel), DAF-11 (guanylyl cyclase), STR-2 (GPCR, asymmetrically expressed), and innexins CHE-7, INX-1a, INX-1b, INX-7, INX-10a, INX-14, INX-18a, INX-19, UNC-7, UNC-9 (Birnby et al., 2000; Troemel et al., 1999; Colbert et al., 1997; Chuang et al., 2007; Bhattacharya et al., 2019). Critical for chemotaxis to volatile odorants (benzaldehyde, butanone, isoamylalcohol, 2,3 pentanedione, 2,4,5 trimethylthiazole). Function as odor-OFF neurons activated by odor removal and inhibited by continued odor presence. Trigger local search behavior after food removal, synapsing onto AIB (activating through AMPA receptors, enhancing turning) and AIY (inhibiting through glutamate-gated chloride channels, suppressing turning), with NLP-1 required for food-evoked behaviors and odor adaptation (Chalasani et al., 2010; Gray et al., 2005; L'Etoile and Bargmann, 2000; Bargmann et al., 1993). Serve as thermosensors along with AFD and ASI for temperature cultivation (Tc) memory and thermotaxis: Ca2+ increases via ODR-1 cGMP production and TAX-4 channel activation at temperatures above Tc, exhibiting stochastic temperature-evoked Ca2+ changes with stimulus-correlated temporal kinetics, becoming more active as temperatures diverge from Tc (Beverly et al., 2011; Kuhara et al., 2008; Biron et al., 2008). GPCR SRTX-1 required in both AFD and AWC for isothermal tracking (Liu et al., 2012). Contribute to electrosensory navigation toward negative pole (Gabel et al., 2007). One of three core sensory neurons (AWA, AWC, ASK) required for male sexual attraction (White and Jorgensen, 2012). Most extensively studied chemosensory neuron and paradigm for understanding olfactory coding, stochastic left-right asymmetry, and sensory adaptation.",AWCR; awcr; AWCR,Located in the nervous system,,,https://wormbase.org/species/all/anatomy_term/WBbt:0003826,WormFindr Information Cards (Nov 2024),[Imported from WormFindr],review,,
B,B cell,B,cell,,WBbt:0008063,c-elegans,NCBITaxon:6239,L1,hermaphrodite,B is a epithelial cell in the alimentary system of C. elegans. Epithelial cell on posterior side of rectum. Embryonic lineage: ABprppppapa,Unknown - function not yet characterized in this dataset,B; b; B,Located in the alimentary system,,,https://wormbase.org/species/all/anatomy_term/WBbt:0008063,WormFindr Information Cards (Nov 2024),[Imported from WormFindr],review,,
BAGL,BAGL cell,BAGL,cell,,WBbt:0003824,c-elegans,NCBITaxon:6239,L1,hermaphrodite,BAGL is a neuron cell in the nervous system of C. elegans. Left sensory neuron in the head with enlarged ciliated dendritic ending Embryonic lineage: ABalppappap,Unknown - function not yet characterized in this dataset,BAGL; bagl; BAGL,Located in the nervous system,,,https://wormbase.org/species/all/anatomy_term/WBbt:0003824,WormFindr Information Cards (Nov 2024),[Imported from WormFindr],review,,
BAGR,BAGR cell,BAGR,cell,,WBbt:0003823,c-elegans,NCBITaxon:6239,L1,hermaphrodite,BAGR is a neuron cell in the nervous system of C. elegans. Right sensory neuron in the head with enlarged ciliated dendritic ending Embryonic lineage: ABarappppap,Unknown - function not yet characterized in this dataset,BAGR; bagr; BAGR,Located in the nervous system,,,https://wormbase.org/species/all/anatomy_term/WBbt:0003823,WormFindr Information Cards (Nov 2024),[Imported from WormFindr],review,,
BDUL,BDUL cell,BDUL,cell,,WBbt:0003812,c-elegans,NCBITaxon:6239,L1,hermaphrodite,BDUL is a neuron cell in the nervous system of C. elegans. Interneuron located on left side of anterior midbody. Sends processes anterior and posterior along excretory canal. Embryonic lineage: ABarppaappp,Unknown - function not yet characterized in this dataset,BDUL; bdul; BDUL,Located in the nervous system,,,https://wormbase.org/species/all/anatomy_term/WBbt:0003812,WormFindr Information Cards (Nov 2024),[Imported from WormFindr],review,,
BDUR,BDUR cell,BDUR,cell,,WBbt:0003811,c-elegans,NCBITaxon:6239,L1,hermaphrodite,BDUR is a neuron cell in the nervous system of C. elegans. Interneuron located on right side of anterior midbody. Sends processes anterior and posterior along excretory canal. Embryonic lineage: ABarpppappp,Unknown - function not yet characterized in this dataset,BDUR; bdur; BDUR,Located in the nervous system,,,https://wormbase.org/species/all/anatomy_term/WBbt:0003811,WormFindr Information Cards (Nov 2024),[Imported from WormFindr],review,,
C,C blastomere,C,cell,,,c-elegans,NCBITaxon:6239,embryo,both,"C is an early embryonic founder blastomere, the anterior daughter of P2.",,C cell,,,IntFIG3,,WormAtlas IntFIG3 cataloguing,[to fill],draft,,
CANL,CANL cell,CANL,cell,,WBbt:0004949,c-elegans,NCBITaxon:6239,L1,hermaphrodite,CANL is a neuron cell in the nervous system of C. elegans. Neuron with unknown function located midbody on left side. Sends anterior and posterior processes along the excretory canal. Embryonic lineage: ABalapaaapa,Unknown - function not yet characterized in this dataset,CANL; canl; CANL,Located in the nervous system,,,https://wormbase.org/species/all/anatomy_term/WBbt:0004949,WormFindr Information Cards (Nov 2024),[Imported from WormFindr],review,,
CANR,CANR cell,CANR,cell,,WBbt:0004947,c-elegans,NCBITaxon:6239,L1,hermaphrodite,CANR is a neuron cell in the nervous system of C. elegans. Neuron with unknown function located midbody on right side. Sends anterior and posterior processes along the excretory canal. Embryonic lineage: ABalappappa,Unknown - function not yet characterized in this dataset,CANR; canr; CANR,Located in the nervous system,,,https://wormbase.org/species/all/anatomy_term/WBbt:0004947,WormFindr Information Cards (Nov 2024),[Imported from WormFindr],review,,
ccAL,ccAL cell,ccAL,cell,,WBbt:0004561,c-elegans,NCBITaxon:6239,L1,hermaphrodite,ccAL is a coelomocyte cell in the coelomocyte system of C. elegans. Anterior coeolomocyte of pair located near midbody on left side. Embryonic lineage: MSapapaaa,Unknown - function not yet characterized in this dataset,ccAL; ccal; CCAL,Located in the coelomocyte system,,,https://wormbase.org/species/all/anatomy_term/WBbt:0004561,WormFindr Information Cards (Nov 2024),[Imported from WormFindr],review,,
ccAR,ccAR cell,ccAR,cell,,WBbt:0004560,c-elegans,NCBITaxon:6239,L1,hermaphrodite,ccAR is a coelomocyte cell in the coelomocyte system of C. elegans. Anterior coeolomocyte of pair located near head on right side. Embryonic lineage: MSppapaaa,Unknown - function not yet characterized in this dataset,ccAR; ccar; CCAR,Located in the coelomocyte system,,,https://wormbase.org/species/all/anatomy_term/WBbt:0004560,WormFindr Information Cards (Nov 2024),[Imported from WormFindr],review,,
ccDL,ccDL cell,ccDL,cell,,WBbt:0004564,c-elegans,NCBITaxon:6239,L1,hermaphrodite,ccDL is a coelomocyte cell in the coelomocyte system of C. elegans. Left coelomocyte of pair located on dorsal side in posterior. Post-embryonic lineage: M.dlpa,Unknown - function not yet characterized in this dataset,ccDL; ccdl; CCDL,Located in the coelomocyte system,,,https://wormbase.org/species/all/anatomy_term/WBbt:0004564,WormFindr Information Cards (Nov 2024),[Imported from WormFindr],review,,
ccDR,ccDR cell,ccDR,cell,,WBbt:0004563,c-elegans,NCBITaxon:6239,L1,hermaphrodite,ccDR is a coelomocyte cell in the coelomocyte system of C. elegans. Right coelomocyte of pair located on dorsal side in posterior. Post-embryonic lineage: M.drpa,Unknown - function not yet characterized in this dataset,ccDR; ccdr; CCDR,Located in the coelomocyte system,,,https://wormbase.org/species/all/anatomy_term/WBbt:0004563,WormFindr Information Cards (Nov 2024),[Imported from WormFindr],review,,
ccPL,ccPL cell,ccPL,cell,,WBbt:0004559,c-elegans,NCBITaxon:6239,L1,hermaphrodite,ccPL is a coelomocyte cell in the coelomocyte system of C. elegans. Posterior coeolomocyte of pair located near midbody on left side. Embryonic lineage: MSapapaap,Unknown - function not yet characterized in this dataset,ccPL; ccpl; CCPL,Located in the coelomocyte system,,,https://wormbase.org/species/all/anatomy_term/WBbt:0004559,WormFindr Information Cards (Nov 2024),[Imported from WormFindr],review,,
ccPR,ccPR cell,ccPR,cell,,WBbt:0004558,c-elegans,NCBITaxon:6239,L1,hermaphrodite,ccPR is a coelomocyte cell in the coelomocyte system of C. elegans. Posterior coeolomocyte of pair located near head on right side. Embryonic lineage: MSppapaap,Unknown - function not yet characterized in this dataset,ccPR; ccpr; CCPR,Located in the coelomocyte system,,,https://wormbase.org/species/all/anatomy_term/WBbt:0004558,WormFindr Information Cards (Nov 2024),[Imported from WormFindr],review,,
CEPDL,CEPDL cell,CEPDL,cell,,WBbt:0004938,c-elegans,NCBITaxon:6239,L1,hermaphrodite,"CEPDL (Cephalic Neurons) - Sensory neurons (mechanosensory). Located in head with dorsal CEP cell bodies just posterior of nerve ring, ventral CEP cell bodies just anterior of nerve ring. Born from AB lineage: AB plaaaaappa for CEPDL. Neurons of cephalic sensilla with dendrite extending to nose tip within corresponding labial nerve. CEPD neurons directly exposed to pseudocoelomic body fluid. Express acetylcholinesterase of class A, ACE-1 (Culetto et al., 1999). Use dopamine as neurotransmitter (Lints and Emmons, 1999). Express receptor DOP-2 (dopamine receptor) and innexins INX-1a, INX-1b, INX-10a, INX-11, INX-14, UNC-7, UNC-9 (Suo et al., 2003; Altun et al., 2009; Bhattacharya et al., 2019). Function in mechanosensation in head: deflection of single cilium by pressure application produces ion currents in CEP neuron consistent with mechanosensory function (Kang et al., 2010). Three classes of dopaminergic neurons (CEP, ADE, PDE) function redundantly to sense mechanosensory stimulus from bacteria and mediate motor circuit to control ""basal slowing response"": when well-fed C. elegans hermaphrodites washed clean of bacteria then reintroduced to bacterial lawn, they move more slowly than when transferred to environment without bacteria (Sawin et al., 2000). Important model for understanding dopaminergic mechanosensation, food-related motor plasticity, and redundant sensory pathways.",Unknown - function not yet characterized in this dataset,CEPDL; cepdl; CEPDL,Located in the nervous system,,,https://wormbase.org/species/all/anatomy_term/WBbt:0004938,WormFindr Information Cards (Nov 2024),[Imported from WormFindr],review,,
CEPDR,CEPDR cell,CEPDR,cell,,WBbt:0004937,c-elegans,NCBITaxon:6239,L1,hermaphrodite,"CEPDR (Cephalic Neurons) - Sensory neurons (mechanosensory). Located in head with dorsal CEP cell bodies just posterior of nerve ring, ventral CEP cell bodies just anterior of nerve ring. Born from AB lineage: AB arpapaappa for CEPDR. Neurons of cephalic sensilla with dendrite extending to nose tip within corresponding labial nerve. CEPD neurons directly exposed to pseudocoelomic body fluid. Express acetylcholinesterase of class A, ACE-1 (Culetto et al., 1999). Use dopamine as neurotransmitter (Lints and Emmons, 1999). Express receptor DOP-2 (dopamine receptor) and innexins INX-1a, INX-1b, INX-10a, INX-11, INX-14, UNC-7, UNC-9 (Suo et al., 2003; Altun et al., 2009; Bhattacharya et al., 2019). Function in mechanosensation in head: deflection of single cilium by pressure application produces ion currents in CEP neuron consistent with mechanosensory function (Kang et al., 2010). Three classes of dopaminergic neurons (CEP, ADE, PDE) function redundantly to sense mechanosensory stimulus from bacteria and mediate motor circuit to control ""basal slowing response"": when well-fed C. elegans hermaphrodites washed clean of bacteria then reintroduced to bacterial lawn, they move more slowly than when transferred to environment without bacteria (Sawin et al., 2000). Important model for understanding dopaminergic mechanosensation, food-related motor plasticity, and redundant sensory pathways.",Unknown - function not yet characterized in this dataset,CEPDR; cepdr; CEPDR,Located in the nervous system,,,https://wormbase.org/species/all/anatomy_term/WBbt:0004937,WormFindr Information Cards (Nov 2024),[Imported from WormFindr],review,,
CEPshDL,CEPshDL cell,CEPshDL,cell,,WBbt:0004929,c-elegans,NCBITaxon:6239,L1,hermaphrodite,"CEPshDL (Cephalic sheath glia dorsal left) is a sheath glial cell the wraps the ciliated ending of the cephalic sensilla. The CEPshDL cell body is located in the subdorsal left region just anterior of nerve ring. The CEPsh cells extend anterior processes to the cephalic sensilla that wraps around the CEP ciliated ending in hermaphrodites and both the CEP and CEM ciliated endings in males. The CEPsh cells also extend a posterior process that enlarges into a sheet-like ending that wraps around the outer edge of the nerve ring. CEPshDL is born from the AB lineage (ABarpaaaap) at approximately 325 minutes at 20° C and is the sister cell of OLQshDL. Anterior process surrounds CEPDL cilia, and in males CEMDL cilia. Posterior process wraps outer edge of nerve ring.  ","Required for proper nerve ring assembly during embryogenesis (Rapti et al., 2017). ",CEPshDL; cepshdl; CEPSHDL,Located in the nervous system,,,https://wormbase.org/species/all/anatomy_term/WBbt:0004929,WormFindr Information Cards (Nov 2024),[Imported from WormFindr],review,,
CEPshDR,CEPshDR cell,CEPshDR,cell,,WBbt:0004927,c-elegans,NCBITaxon:6239,L1,hermaphrodite,CEPshDR (Cephalic sheath glia dorsal right) is a sheath glial cell the wraps the ciliated ending of the cephalic sensilla. The CEPshDR cell body is located in the subdorsal right region just anterior of nerve ring. The CEPsh cells extend anterior processes to the cephalic sensilla that wraps around the CEP ciliated ending in hermaphrodites and both the CEP and CEM ciliated endings in males. The CEPsh cells also extend a posterior process that enlarges into a sheet-like ending that wraps around the outer edge of the nerve ring. CEPshDR is born from the AB (ABarpaaapa) lineage at approximately 325 minutes after first cell cleavage at 20° C and is the sister cell to OLQshDR. ,"Required for proper nerve ring assembly during embryogenesis (Rapti et al., 2017). ",CEPshDR; cepshdr; CEPSHDR,Located in the nervous system,,,https://wormbase.org/species/all/anatomy_term/WBbt:0004927,WormFindr Information Cards (Nov 2024),[Imported from WormFindr],review,,
CEPshVL,CEPshVL cell,CEPshVL,cell,,WBbt:0004925,c-elegans,NCBITaxon:6239,L1,hermaphrodite,CEPshVL (Cephalic sheath glia ventral left) is a sheath glial cell that wraps the ciliated ending of the cephalic sensilla. The CEPshVL cell body is located in the subventral left region just anterior of nerve ring. The CEPsh cells extend anterior processes to the cephalic sensilla that wraps around the CEP ciliated ending in hermaphrodites and both the CEP and CEM ciliated endings in males. The CEPsh cells also extend a posterior process that enlarges into a sheet-like ending that wraps around the outer edge of the nerve ring. CEPshVL is born from the AB (ABplpaaapa) lineage at approximately 300 minutes after first cell cleavage at 20° C and is the sister cell to URAVL. ,"Required for proper nerve ring assembly during embryogenesis (Rapti et al., 2017). ",CEPshVL; cepshvl; CEPSHVL,Located in the nervous system,,,https://wormbase.org/species/all/anatomy_term/WBbt:0004925,WormFindr Information Cards (Nov 2024),[Imported from WormFindr],review,,
CEPshVR,CEPshVR cell,CEPshVR,cell,,WBbt:0004923,c-elegans,NCBITaxon:6239,L1,hermaphrodite,CEPshVR (Cephalic sheath glia ventral right) is a sheath glial cell that wraps the ciliated ending of the cephalic sensilla. The CEPshVR cell body is located in the subventral left region just anterior of nerve ring. The CEPsh cells extend anterior processes to the cephalic sensilla that wraps around the CEP ciliated ending in hermaphrodites and both the CEP and CEM ciliated endings in males. The CEPsh cells also extend a posterior process that enlarges into a sheet-like ending that wraps around the outer edge of the nerve ring. CEPshVR is born from the AB (ABprpaaapa) lineage at approximately 300 minutes after first cell cleavage at 20° C and is the sister cell to URAVR.,"Required for proper nerve ring assembly during embryogenesis (Rapti et al., 2017). ",CEPshVR; cepshvr; CEPSHVR,Located in the nervous system,,,https://wormbase.org/species/all/anatomy_term/WBbt:0004923,WormFindr Information Cards (Nov 2024),[Imported from WormFindr],review,,
CEPsoDL,CEPsoDL cell,CEPsoDL,cell,,WBbt:0004921,c-elegans,NCBITaxon:6239,L1,hermaphrodite,CEPsoDL is a glia cell in the nervous system of C. elegans. Dorsal left cephalic socket cell. Wraps around distal tip of CEPDL. Embryonic lineage: ABalapapppp,Unknown - function not yet characterized in this dataset,CEPsoDL; cepsodl; CEPSODL,Located in the nervous system,,,https://wormbase.org/species/all/anatomy_term/WBbt:0004921,WormFindr Information Cards (Nov 2024),[Imported from WormFindr],review,,
CEPsoDR,CEPsoDR cell,CEPsoDR,cell,,WBbt:0004919,c-elegans,NCBITaxon:6239,L1,hermaphrodite,CEPsoDR is a glia cell in the nervous system of C. elegans. Dorsal right cephalic socket cell. Wraps around distal tip of CEPDR. Embryonic lineage: ABalapppppp,Unknown - function not yet characterized in this dataset,CEPsoDR; cepsodr; CEPSODR,Located in the nervous system,,,https://wormbase.org/species/all/anatomy_term/WBbt:0004919,WormFindr Information Cards (Nov 2024),[Imported from WormFindr],review,,
CEPsoVL,CEPsoVL cell,CEPsoVL,cell,,WBbt:0004918,c-elegans,NCBITaxon:6239,L1,hermaphrodite,CEPsoVL is a glia cell in the nervous system of C. elegans. Ventral left cephalic socket cell. Wraps around distal tip of CEPVL. Embyronic lineage: ABalppaappp,Unknown - function not yet characterized in this dataset,CEPsoVL; cepsovl; CEPSOVL,Located in the nervous system,,,https://wormbase.org/species/all/anatomy_term/WBbt:0004918,WormFindr Information Cards (Nov 2024),[Imported from WormFindr],review,,
CEPsoVR,CEPsoVR cell,CEPsoVR,cell,,WBbt:0004917,c-elegans,NCBITaxon:6239,L1,hermaphrodite,CEPsoVR is a glia cell in the nervous system of C. elegans. Ventral right cephalic socket cell. Wraps around distal tip of CEPVL. Embryonic lineage: ABalaapappp,Unknown - function not yet characterized in this dataset,CEPsoVR; cepsovr; CEPSOVR,Located in the nervous system,,,https://wormbase.org/species/all/anatomy_term/WBbt:0004917,WormFindr Information Cards (Nov 2024),[Imported from WormFindr],review,,
CEPVL,CEPVL cell,CEPVL,cell,,WBbt:0004933,c-elegans,NCBITaxon:6239,L1,hermaphrodite,"CEPVL (Cephalic Neurons) - Sensory neurons (mechanosensory). Located in head with dorsal CEP cell bodies just posterior of nerve ring, ventral CEP cell bodies just anterior of nerve ring. Born from AB lineage: AB plpaappppa for CEPVL. Neurons of cephalic sensilla with dendrite extending to nose tip within corresponding labial nerve. CEPD neurons directly exposed to pseudocoelomic body fluid. Express acetylcholinesterase of class A, ACE-1 (Culetto et al., 1999). Use dopamine as neurotransmitter (Lints and Emmons, 1999). Express receptor DOP-2 (dopamine receptor) and innexins INX-1a, INX-1b, INX-10a, INX-11, INX-14, UNC-7, UNC-9 (Suo et al., 2003; Altun et al., 2009; Bhattacharya et al., 2019). Function in mechanosensation in head: deflection of single cilium by pressure application produces ion currents in CEP neuron consistent with mechanosensory function (Kang et al., 2010). Three classes of dopaminergic neurons (CEP, ADE, PDE) function redundantly to sense mechanosensory stimulus from bacteria and mediate motor circuit to control ""basal slowing response"": when well-fed C. elegans hermaphrodites washed clean of bacteria then reintroduced to bacterial lawn, they move more slowly than when transferred to environment without bacteria (Sawin et al., 2000). Important model for understanding dopaminergic mechanosensation, food-related motor plasticity, and redundant sensory pathways.",Unknown - function not yet characterized in this dataset,CEPVL; cepvl; CEPVL,Located in the nervous system,,,https://wormbase.org/species/all/anatomy_term/WBbt:0004933,WormFindr Information Cards (Nov 2024),[Imported from WormFindr],review,,
CEPVR,CEPVR cell,CEPVR,cell,,WBbt:0004931,c-elegans,NCBITaxon:6239,L1,hermaphrodite,"CEPVR (Cephalic Neurons) - Sensory neurons (mechanosensory). Located in head with dorsal CEP cell bodies just posterior of nerve ring, ventral CEP cell bodies just anterior of nerve ring. Born from AB lineage: AB prpaappppa for CEPVR. Neurons of cephalic sensilla with dendrite extending to nose tip within corresponding labial nerve. CEPD neurons directly exposed to pseudocoelomic body fluid. Express acetylcholinesterase of class A, ACE-1 (Culetto et al., 1999). Use dopamine as neurotransmitter (Lints and Emmons, 1999). Express receptor DOP-2 (dopamine receptor) and innexins INX-1a, INX-1b, INX-10a, INX-11, INX-14, UNC-7, UNC-9 (Suo et al., 2003; Altun et al., 2009; Bhattacharya et al., 2019). Function in mechanosensation in head: deflection of single cilium by pressure application produces ion currents in CEP neuron consistent with mechanosensory function (Kang et al., 2010). Three classes of dopaminergic neurons (CEP, ADE, PDE) function redundantly to sense mechanosensory stimulus from bacteria and mediate motor circuit to control ""basal slowing response"": when well-fed C. elegans hermaphrodites washed clean of bacteria then reintroduced to bacterial lawn, they move more slowly than when transferred to environment without bacteria (Sawin et al., 2000). Important model for understanding dopaminergic mechanosensation, food-related motor plasticity, and redundant sensory pathways.",Unknown - function not yet characterized in this dataset,CEPVR; cepvr; CEPVR,Located in the nervous system,,,https://wormbase.org/species/all/anatomy_term/WBbt:0004931,WormFindr Information Cards (Nov 2024),[Imported from WormFindr],review,,
D,D blastomere,D,cell,,,c-elegans,NCBITaxon:6239,embryo,both,"D is an early embryonic founder blastomere, the anterior daughter of P3.",,D cell,,,IntFIG3,,WormAtlas IntFIG3 cataloguing,[to fill],draft,,
DA1,DA1 cell,DA1,cell,,WBbt:0004871,c-elegans,NCBITaxon:6239,L1,hermaphrodite,"DA1 (Dorsal A Motor Neurons) - Motor neurons. Located in body (ventral nerve cord). Born from AB lineage: AB prppapaap  Ventral cord ""dorsal A"" motor neurons that predominantly innervate dorsal body wall muscles and VD neurons. Hermaphrodites and males exhibit some differences in DA connectivity. Use acetylcholine and betaine as neurotransmitters (Duerr et al., 2008; Rand and Nonet, 1997; Wang et al., 2024). Express receptors ACR-14 (nicotinic AChR alpha subunit), UNC-8 (DEG/ENaC mechanically-gated channel), and SER-2 (tyramine receptor, DA9 splice variant), along with innexins INX-1a, INX-1b, INX-2, INX-3, INX-7, INX-10a, INX-14, UNC-7, UNC-9 (Goodman, 2006; Tsalik et al., 2003; Tavernarakis et al., 1997; Altun et al., 2009; Bhattacharya et al., 2019). Function in backward locomotion, receiving input from driver interneuron AVA and modulator interneurons AVD and AVE. Representative of A-class motor neurons essential for backward locomotion. Important for understanding how command neuron output transforms into muscle activation, neuromuscular junction formation, motor neuron organization, and segmental organization of motor system.",Unknown - function not yet characterized in this dataset,DA1; da1; DA1,Located in the nervous system,,,https://wormbase.org/species/all/anatomy_term/WBbt:0004871,WormFindr Information Cards (Nov 2024),[Imported from WormFindr],review,,
DA2,DA2 cell,DA2,cell,,WBbt:0004869,c-elegans,NCBITaxon:6239,L1,hermaphrodite,"DA2 (Dorsal A Motor Neurons) - Motor neurons. Located in body (ventral nerve cord). Born from AB lineage: AB plppapapa. Ventral cord ""dorsal A"" motor neurons that predominantly innervate dorsal body wall muscles and VD neurons. Hermaphrodites and males exhibit some differences in DA connectivity. Use acetylcholine and betaine as neurotransmitters (Duerr et al., 2008; Rand and Nonet, 1997; Wang et al., 2024). Express receptors ACR-14 (nicotinic AChR alpha subunit), UNC-8 (DEG/ENaC mechanically-gated channel), and SER-2 (tyramine receptor, DA9 splice variant), along with innexins INX-1a, INX-1b, INX-2, INX-3, INX-7, INX-10a, INX-14, UNC-7, UNC-9 (Goodman, 2006; Tsalik et al., 2003; Tavernarakis et al., 1997; Altun et al., 2009; Bhattacharya et al., 2019). Function in backward locomotion, receiving input from driver interneuron AVA and modulator interneurons AVD and AVE. Representative of A-class motor neurons essential for backward locomotion. Important for understanding how command neuron output transforms into muscle activation, neuromuscular junction formation, motor neuron organization, and segmental organization of motor system.",Unknown - function not yet characterized in this dataset,DA2; da2; DA2,Located in the nervous system,,,https://wormbase.org/species/all/anatomy_term/WBbt:0004869,WormFindr Information Cards (Nov 2024),[Imported from WormFindr],review,,
DA3,DA3 cell,DA3,cell,,WBbt:0004867,c-elegans,NCBITaxon:6239,L1,hermaphrodite,"DA3 (Dorsal A Motor Neurons) - Motor neurons. Located in body (ventral nerve cord). Born from AB lineage: AB prppapapa. Ventral cord ""dorsal A"" motor neurons that predominantly innervate dorsal body wall muscles and VD neurons. Hermaphrodites and males exhibit some differences in DA connectivity. Use acetylcholine and betaine as neurotransmitters (Duerr et al., 2008; Rand and Nonet, 1997; Wang et al., 2024). Express receptors ACR-14 (nicotinic AChR alpha subunit), UNC-8 (DEG/ENaC mechanically-gated channel), and SER-2 (tyramine receptor, DA9 splice variant), along with innexins INX-1a, INX-1b, INX-2, INX-3, INX-7, INX-10a, INX-14, UNC-7, UNC-9 (Goodman, 2006; Tsalik et al., 2003; Tavernarakis et al., 1997; Altun et al., 2009; Bhattacharya et al., 2019). Function in backward locomotion, receiving input from driver interneuron AVA and modulator interneurons AVD and AVE. Representative of A-class motor neurons essential for backward locomotion. Important for understanding how command neuron output transforms into muscle activation, neuromuscular junction formation, motor neuron organization, and segmental organization of motor system.",Unknown - function not yet characterized in this dataset,DA3; da3; DA3,Located in the nervous system,,,https://wormbase.org/species/all/anatomy_term/WBbt:0004867,WormFindr Information Cards (Nov 2024),[Imported from WormFindr],review,,
DA4,DA4 cell,DA4,cell,,WBbt:0004865,c-elegans,NCBITaxon:6239,L1,hermaphrodite,"DA4 (Dorsal A Motor Neurons) - Motor neurons. Located in body (ventral nerve cord). Born from AB lineage : AB plppapapp. Ventral cord ""dorsal A"" motor neurons that predominantly innervate dorsal body wall muscles and VD neurons. Hermaphrodites and males exhibit some differences in DA connectivity. Use acetylcholine and betaine as neurotransmitters (Duerr et al., 2008; Rand and Nonet, 1997; Wang et al., 2024). Express receptors ACR-14 (nicotinic AChR alpha subunit), UNC-8 (DEG/ENaC mechanically-gated channel), and SER-2 (tyramine receptor, DA9 splice variant), along with innexins INX-1a, INX-1b, INX-2, INX-3, INX-7, INX-10a, INX-14, UNC-7, UNC-9 (Goodman, 2006; Tsalik et al., 2003; Tavernarakis et al., 1997; Altun et al., 2009; Bhattacharya et al., 2019). Function in backward locomotion, receiving input from driver interneuron AVA and modulator interneurons AVD and AVE. Representative of A-class motor neurons essential for backward locomotion. Important for understanding how command neuron output transforms into muscle activation, neuromuscular junction formation, motor neuron organization, and segmental organization of motor system.",Unknown - function not yet characterized in this dataset,DA4; da4; DA4,Located in the nervous system,,,https://wormbase.org/species/all/anatomy_term/WBbt:0004865,WormFindr Information Cards (Nov 2024),[Imported from WormFindr],review,,
DA5,DA5 cell,DA5,cell,,WBbt:0004863,c-elegans,NCBITaxon:6239,L1,hermaphrodite,"DA5 (Dorsal A Motor Neurons) - Motor neurons. Located in body (ventral nerve cord). Born from AB lineage: AB prppapapp. Ventral cord ""dorsal A"" motor neurons that predominantly innervate dorsal body wall muscles and VD neurons. Hermaphrodites and males exhibit some differences in DA connectivity. Use acetylcholine and betaine as neurotransmitters (Duerr et al., 2008; Rand and Nonet, 1997; Wang et al., 2024). Express receptors ACR-14 (nicotinic AChR alpha subunit), UNC-8 (DEG/ENaC mechanically-gated channel), and SER-2 (tyramine receptor, DA9 splice variant), along with innexins INX-1a, INX-1b, INX-2, INX-3, INX-7, INX-10a, INX-14, UNC-7, UNC-9 (Goodman, 2006; Tsalik et al., 2003; Tavernarakis et al., 1997; Altun et al., 2009; Bhattacharya et al., 2019). Function in backward locomotion, receiving input from driver interneuron AVA and modulator interneurons AVD and AVE. Representative of A-class motor neurons essential for backward locomotion. Important for understanding how command neuron output transforms into muscle activation, neuromuscular junction formation, motor neuron organization, and segmental organization of motor system.",Unknown - function not yet characterized in this dataset,DA5; da5; DA5,Located in the nervous system,,,https://wormbase.org/species/all/anatomy_term/WBbt:0004863,WormFindr Information Cards (Nov 2024),[Imported from WormFindr],review,,
DA6,DA6 cell,DA6,cell,,WBbt:0004861,c-elegans,NCBITaxon:6239,L1,hermaphrodite,"DA6 (Dorsal A Motor Neurons) - Motor neurons. Located in body (ventral nerve cord). Born from AB lineage: AB plpppaaap. Ventral cord ""dorsal A"" motor neurons that predominantly innervate dorsal body wall muscles and VD neurons. Hermaphrodites and males exhibit some differences in DA connectivity. Use acetylcholine and betaine as neurotransmitters (Duerr et al., 2008; Rand and Nonet, 1997; Wang et al., 2024). Express receptors ACR-14 (nicotinic AChR alpha subunit), UNC-8 (DEG/ENaC mechanically-gated channel), and SER-2 (tyramine receptor, DA9 splice variant), along with innexins INX-1a, INX-1b, INX-2, INX-3, INX-7, INX-10a, INX-14, UNC-7, UNC-9 (Goodman, 2006; Tsalik et al., 2003; Tavernarakis et al., 1997; Altun et al., 2009; Bhattacharya et al., 2019). Function in backward locomotion, receiving input from driver interneuron AVA and modulator interneurons AVD and AVE. Representative of A-class motor neurons essential for backward locomotion. Important for understanding how command neuron output transforms into muscle activation, neuromuscular junction formation, motor neuron organization, and segmental organization of motor system.",Unknown - function not yet characterized in this dataset,DA6; da6; DA6,Located in the nervous system,,,https://wormbase.org/species/all/anatomy_term/WBbt:0004861,WormFindr Information Cards (Nov 2024),[Imported from WormFindr],review,,
DA7,DA7 cell,DA7,cell,,WBbt:0004859,c-elegans,NCBITaxon:6239,L1,hermaphrodite,"DA7 (Dorsal A Motor Neurons) - Motor neurons. Located in body (ventral nerve cord). Born from AB lineage: AB prpppaaap. Ventral cord ""dorsal A"" motor neurons that predominantly innervate dorsal body wall muscles and VD neurons. Hermaphrodites and males exhibit some differences in DA connectivity. Use acetylcholine and betaine as neurotransmitters (Duerr et al., 2008; Rand and Nonet, 1997; Wang et al., 2024). Express receptors ACR-14 (nicotinic AChR alpha subunit), UNC-8 (DEG/ENaC mechanically-gated channel), and SER-2 (tyramine receptor, DA9 splice variant), along with innexins INX-1a, INX-1b, INX-2, INX-3, INX-7, INX-10a, INX-14, UNC-7, UNC-9 (Goodman, 2006; Tsalik et al., 2003; Tavernarakis et al., 1997; Altun et al., 2009; Bhattacharya et al., 2019). Function in backward locomotion, receiving input from driver interneuron AVA and modulator interneurons AVD and AVE. Representative of A-class motor neurons essential for backward locomotion. Important for understanding how command neuron output transforms into muscle activation, neuromuscular junction formation, motor neuron organization, and segmental organization of motor system.",Unknown - function not yet characterized in this dataset,DA7; da7; DA7,Located in the nervous system,,,https://wormbase.org/species/all/anatomy_term/WBbt:0004859,WormFindr Information Cards (Nov 2024),[Imported from WormFindr],review,,
DA8,DA8 cell,DA8,cell,,WBbt:0004858,c-elegans,NCBITaxon:6239,L1,hermaphrodite,"DA8 (Dorsal A Motor Neurons) - Motor neurons. Located in body (ventral nerve cord). Born from AB lineage: AB prpapappp. Ventral cord ""dorsal A"" motor neurons that predominantly innervate dorsal body wall muscles and VD neurons. Hermaphrodites and males exhibit some differences in DA connectivity. Use acetylcholine and betaine as neurotransmitters (Duerr et al., 2008; Rand and Nonet, 1997; Wang et al., 2024). Express receptors ACR-14 (nicotinic AChR alpha subunit), UNC-8 (DEG/ENaC mechanically-gated channel), and SER-2 (tyramine receptor, DA9 splice variant), along with innexins INX-1a, INX-1b, INX-2, INX-3, INX-7, INX-10a, INX-14, UNC-7, UNC-9 (Goodman, 2006; Tsalik et al., 2003; Tavernarakis et al., 1997; Altun et al., 2009; Bhattacharya et al., 2019). Function in backward locomotion, receiving input from driver interneuron AVA and modulator interneurons AVD and AVE. Representative of A-class motor neurons essential for backward locomotion. Important for understanding how command neuron output transforms into muscle activation, neuromuscular junction formation, motor neuron organization, and segmental organization of motor system.",Unknown - function not yet characterized in this dataset,DA8; da8; DA8,Located in the nervous system,,,https://wormbase.org/species/all/anatomy_term/WBbt:0004858,WormFindr Information Cards (Nov 2024),[Imported from WormFindr],review,,
DA9,DA9 cell,DA9,cell,,WBbt:0004857,c-elegans,NCBITaxon:6239,L1,hermaphrodite,"DA9 (Dorsal A Motor Neurons) - Motor neurons. Located in body (ventral nerve cord). Born from AB lineage: AB plpppaaaa. Ventral cord ""dorsal A"" motor neurons that predominantly innervate dorsal body wall muscles and VD neurons. Hermaphrodites and males exhibit some differences in DA connectivity. Use acetylcholine and betaine as neurotransmitters (Duerr et al., 2008; Rand and Nonet, 1997; Wang et al., 2024). Express receptors ACR-14 (nicotinic AChR alpha subunit), UNC-8 (DEG/ENaC mechanically-gated channel), and SER-2 (tyramine receptor, DA9 splice variant), along with innexins INX-1a, INX-1b, INX-2, INX-3, INX-7, INX-10a, INX-14, UNC-7, UNC-9 (Goodman, 2006; Tsalik et al., 2003; Tavernarakis et al., 1997; Altun et al., 2009; Bhattacharya et al., 2019). Function in backward locomotion, receiving input from driver interneuron AVA and modulator interneurons AVD and AVE. Representative of A-class motor neurons essential for backward locomotion. Important for understanding how command neuron output transforms into muscle activation, neuromuscular junction formation, motor neuron organization, and segmental organization of motor system.",Unknown - function not yet characterized in this dataset,DA9; da9; DA9,Located in the nervous system,,,https://wormbase.org/species/all/anatomy_term/WBbt:0004857,WormFindr Information Cards (Nov 2024),[Imported from WormFindr],review,,
DB1,DB1 cell,DB1,cell,,WBbt:0004846,c-elegans,NCBITaxon:6239,L1,hermaphrodite,"DB1-DB7 (Dorsal B Motor Neurons 1-7) - Ventral cord motor neurons, proprioceptive neurons. Located in body (ventral nerve cord). Born from AB lineage (AB plpaaaapp or AB prpaaaapp for DB1/3, AB arappappa for DB2, AB prpaaaapp or AB plpaaaapp for DB3/1, AB prpappapp for DB4, AB plpapappp for DB5, AB plppaappp for DB6, AB prppaappp for DB7). Ventral cord ""dorsal B"" motor neurons receiving extensive input from PVC and innervating dorsal muscles and VD neurons. Use acetylcholine as neurotransmitter (Duerr et al., 2008; Rand and Nonet, 1997). Express receptors ACR-14 (nicotinic AChR non-alpha subunit), possibly PDFR-1 (pigment dispersing factor receptor in DB2), and innexins INX-1a, INX-1b, INX-2, INX-3, INX-14, UNC-7, UNC-9 (Barrios et al., 2012; Fox et al., 2005; Altun et al., 2009; Bhattacharya et al., 2019). Function in forward locomotion: VD neurons activated during forward movement (Haspel et al., 2010); ablation of five of seven DB neurons causes defects in larval forward movement (Chalfie et al., 1985). Function in proprioception involving propagation of rhythmic activities along body during forward locomotion: ventral and dorsal bending of anterior body region directly activates VB and DB motor neurons (Wen et al., 2012); gap junctions between neighbors and overlapping process segments propagate bending signal from anterior to posterior, with mechanosensitive-proprioceptive receptors likely localized near anterior of processes. Make chemical synapses to other motor neurons (AS, DD, VD), receive chemical synapses from DVA, PVC, PVR, and form gap junctions with DB, VB, AVB (Haspel & Donovan, 2011). Representative of B-class motor neurons essential for forward locomotion. Important for understanding proprioception, rhythmic motor pattern generation, and mechanosensitive feedback during locomotion.",Unknown - function not yet characterized in this dataset,DB1; db1; DB1,Located in the nervous system,,,https://wormbase.org/species/all/anatomy_term/WBbt:0004846,WormFindr Information Cards (Nov 2024),[Imported from WormFindr],review,,
DB2,DB2 cell,DB2,cell,,WBbt:0004845,c-elegans,NCBITaxon:6239,L1,hermaphrodite,"DB1-DB7 (Dorsal B Motor Neurons 1-7) - Ventral cord motor neurons, proprioceptive neurons. Located in body (ventral nerve cord). Born from AB lineage (AB plpaaaapp or AB prpaaaapp for DB1/3, AB arappappa for DB2, AB prpaaaapp or AB plpaaaapp for DB3/1, AB prpappapp for DB4, AB plpapappp for DB5, AB plppaappp for DB6, AB prppaappp for DB7). Ventral cord ""dorsal B"" motor neurons receiving extensive input from PVC and innervating dorsal muscles and VD neurons. Use acetylcholine as neurotransmitter (Duerr et al., 2008; Rand and Nonet, 1997). Express receptors ACR-14 (nicotinic AChR non-alpha subunit), possibly PDFR-1 (pigment dispersing factor receptor in DB2), and innexins INX-1a, INX-1b, INX-2, INX-3, INX-14, UNC-7, UNC-9 (Barrios et al., 2012; Fox et al., 2005; Altun et al., 2009; Bhattacharya et al., 2019). Function in forward locomotion: VD neurons activated during forward movement (Haspel et al., 2010); ablation of five of seven DB neurons causes defects in larval forward movement (Chalfie et al., 1985). Function in proprioception involving propagation of rhythmic activities along body during forward locomotion: ventral and dorsal bending of anterior body region directly activates VB and DB motor neurons (Wen et al., 2012); gap junctions between neighbors and overlapping process segments propagate bending signal from anterior to posterior, with mechanosensitive-proprioceptive receptors likely localized near anterior of processes. Make chemical synapses to other motor neurons (AS, DD, VD), receive chemical synapses from DVA, PVC, PVR, and form gap junctions with DB, VB, AVB (Haspel & Donovan, 2011). Representative of B-class motor neurons essential for forward locomotion. Important for understanding proprioception, rhythmic motor pattern generation, and mechanosensitive feedback during locomotion.",Unknown - function not yet characterized in this dataset,DB2; db2; DB2,Located in the nervous system,,,https://wormbase.org/species/all/anatomy_term/WBbt:0004845,WormFindr Information Cards (Nov 2024),[Imported from WormFindr],review,,
DB3,DB3 cell,DB3,cell,,WBbt:0004844,c-elegans,NCBITaxon:6239,L1,hermaphrodite,"DB1-DB7 (Dorsal B Motor Neurons 1-7) - Ventral cord motor neurons, proprioceptive neurons. Located in body (ventral nerve cord). Born from AB lineage (AB plpaaaapp or AB prpaaaapp for DB1/3, AB arappappa for DB2, AB prpaaaapp or AB plpaaaapp for DB3/1, AB prpappapp for DB4, AB plpapappp for DB5, AB plppaappp for DB6, AB prppaappp for DB7). Ventral cord ""dorsal B"" motor neurons receiving extensive input from PVC and innervating dorsal muscles and VD neurons. Use acetylcholine as neurotransmitter (Duerr et al., 2008; Rand and Nonet, 1997). Express receptors ACR-14 (nicotinic AChR non-alpha subunit), possibly PDFR-1 (pigment dispersing factor receptor in DB2), and innexins INX-1a, INX-1b, INX-2, INX-3, INX-14, UNC-7, UNC-9 (Barrios et al., 2012; Fox et al., 2005; Altun et al., 2009; Bhattacharya et al., 2019). Function in forward locomotion: VD neurons activated during forward movement (Haspel et al., 2010); ablation of five of seven DB neurons causes defects in larval forward movement (Chalfie et al., 1985). Function in proprioception involving propagation of rhythmic activities along body during forward locomotion: ventral and dorsal bending of anterior body region directly activates VB and DB motor neurons (Wen et al., 2012); gap junctions between neighbors and overlapping process segments propagate bending signal from anterior to posterior, with mechanosensitive-proprioceptive receptors likely localized near anterior of processes. Make chemical synapses to other motor neurons (AS, DD, VD), receive chemical synapses from DVA, PVC, PVR, and form gap junctions with DB, VB, AVB (Haspel & Donovan, 2011). Representative of B-class motor neurons essential for forward locomotion. Important for understanding proprioception, rhythmic motor pattern generation, and mechanosensitive feedback during locomotion.",Unknown - function not yet characterized in this dataset,DB3; db3; DB3,Located in the nervous system,,,https://wormbase.org/species/all/anatomy_term/WBbt:0004844,WormFindr Information Cards (Nov 2024),[Imported from WormFindr],review,,
DB4,DB4 cell,DB4,cell,,WBbt:0004843,c-elegans,NCBITaxon:6239,L1,hermaphrodite,"DB1-DB7 (Dorsal B Motor Neurons 1-7) - Ventral cord motor neurons, proprioceptive neurons. Located in body (ventral nerve cord). Born from AB lineage (AB plpaaaapp or AB prpaaaapp for DB1/3, AB arappappa for DB2, AB prpaaaapp or AB plpaaaapp for DB3/1, AB prpappapp for DB4, AB plpapappp for DB5, AB plppaappp for DB6, AB prppaappp for DB7). Ventral cord ""dorsal B"" motor neurons receiving extensive input from PVC and innervating dorsal muscles and VD neurons. Use acetylcholine as neurotransmitter (Duerr et al., 2008; Rand and Nonet, 1997). Express receptors ACR-14 (nicotinic AChR non-alpha subunit), possibly PDFR-1 (pigment dispersing factor receptor in DB2), and innexins INX-1a, INX-1b, INX-2, INX-3, INX-14, UNC-7, UNC-9 (Barrios et al., 2012; Fox et al., 2005; Altun et al., 2009; Bhattacharya et al., 2019). Function in forward locomotion: VD neurons activated during forward movement (Haspel et al., 2010); ablation of five of seven DB neurons causes defects in larval forward movement (Chalfie et al., 1985). Function in proprioception involving propagation of rhythmic activities along body during forward locomotion: ventral and dorsal bending of anterior body region directly activates VB and DB motor neurons (Wen et al., 2012); gap junctions between neighbors and overlapping process segments propagate bending signal from anterior to posterior, with mechanosensitive-proprioceptive receptors likely localized near anterior of processes. Make chemical synapses to other motor neurons (AS, DD, VD), receive chemical synapses from DVA, PVC, PVR, and form gap junctions with DB, VB, AVB (Haspel & Donovan, 2011). Representative of B-class motor neurons essential for forward locomotion. Important for understanding proprioception, rhythmic motor pattern generation, and mechanosensitive feedback during locomotion.",Unknown - function not yet characterized in this dataset,DB4; db4; DB4,Located in the nervous system,,,https://wormbase.org/species/all/anatomy_term/WBbt:0004843,WormFindr Information Cards (Nov 2024),[Imported from WormFindr],review,,
DB5,DB5 cell,DB5,cell,,WBbt:0004842,c-elegans,NCBITaxon:6239,L1,hermaphrodite,"DB1-DB7 (Dorsal B Motor Neurons 1-7) - Ventral cord motor neurons, proprioceptive neurons. Located in body (ventral nerve cord). Born from AB lineage (AB plpaaaapp or AB prpaaaapp for DB1/3, AB arappappa for DB2, AB prpaaaapp or AB plpaaaapp for DB3/1, AB prpappapp for DB4, AB plpapappp for DB5, AB plppaappp for DB6, AB prppaappp for DB7). Ventral cord ""dorsal B"" motor neurons receiving extensive input from PVC and innervating dorsal muscles and VD neurons. Use acetylcholine as neurotransmitter (Duerr et al., 2008; Rand and Nonet, 1997). Express receptors ACR-14 (nicotinic AChR non-alpha subunit), possibly PDFR-1 (pigment dispersing factor receptor in DB2), and innexins INX-1a, INX-1b, INX-2, INX-3, INX-14, UNC-7, UNC-9 (Barrios et al., 2012; Fox et al., 2005; Altun et al., 2009; Bhattacharya et al., 2019). Function in forward locomotion: VD neurons activated during forward movement (Haspel et al., 2010); ablation of five of seven DB neurons causes defects in larval forward movement (Chalfie et al., 1985). Function in proprioception involving propagation of rhythmic activities along body during forward locomotion: ventral and dorsal bending of anterior body region directly activates VB and DB motor neurons (Wen et al., 2012); gap junctions between neighbors and overlapping process segments propagate bending signal from anterior to posterior, with mechanosensitive-proprioceptive receptors likely localized near anterior of processes. Make chemical synapses to other motor neurons (AS, DD, VD), receive chemical synapses from DVA, PVC, PVR, and form gap junctions with DB, VB, AVB (Haspel & Donovan, 2011). Representative of B-class motor neurons essential for forward locomotion. Important for understanding proprioception, rhythmic motor pattern generation, and mechanosensitive feedback during locomotion.",Unknown - function not yet characterized in this dataset,DB5; db5; DB5,Located in the nervous system,,,https://wormbase.org/species/all/anatomy_term/WBbt:0004842,WormFindr Information Cards (Nov 2024),[Imported from WormFindr],review,,
DB6,DB6 cell,DB6,cell,,WBbt:0004841,c-elegans,NCBITaxon:6239,L1,hermaphrodite,"DB1-DB7 (Dorsal B Motor Neurons 1-7) - Ventral cord motor neurons, proprioceptive neurons. Located in body (ventral nerve cord). Born from AB lineage (AB plpaaaapp or AB prpaaaapp for DB1/3, AB arappappa for DB2, AB prpaaaapp or AB plpaaaapp for DB3/1, AB prpappapp for DB4, AB plpapappp for DB5, AB plppaappp for DB6, AB prppaappp for DB7). Ventral cord ""dorsal B"" motor neurons receiving extensive input from PVC and innervating dorsal muscles and VD neurons. Use acetylcholine as neurotransmitter (Duerr et al., 2008; Rand and Nonet, 1997). Express receptors ACR-14 (nicotinic AChR non-alpha subunit), possibly PDFR-1 (pigment dispersing factor receptor in DB2), and innexins INX-1a, INX-1b, INX-2, INX-3, INX-14, UNC-7, UNC-9 (Barrios et al., 2012; Fox et al., 2005; Altun et al., 2009; Bhattacharya et al., 2019). Function in forward locomotion: VD neurons activated during forward movement (Haspel et al., 2010); ablation of five of seven DB neurons causes defects in larval forward movement (Chalfie et al., 1985). Function in proprioception involving propagation of rhythmic activities along body during forward locomotion: ventral and dorsal bending of anterior body region directly activates VB and DB motor neurons (Wen et al., 2012); gap junctions between neighbors and overlapping process segments propagate bending signal from anterior to posterior, with mechanosensitive-proprioceptive receptors likely localized near anterior of processes. Make chemical synapses to other motor neurons (AS, DD, VD), receive chemical synapses from DVA, PVC, PVR, and form gap junctions with DB, VB, AVB (Haspel & Donovan, 2011). Representative of B-class motor neurons essential for forward locomotion. Important for understanding proprioception, rhythmic motor pattern generation, and mechanosensitive feedback during locomotion.",Unknown - function not yet characterized in this dataset,DB6; db6; DB6,Located in the nervous system,,,https://wormbase.org/species/all/anatomy_term/WBbt:0004841,WormFindr Information Cards (Nov 2024),[Imported from WormFindr],review,,
DB7,DB7 cell,DB7,cell,ABprppaapp,WBbt:0004840,c-elegans,NCBITaxon:6239,L1,hermaphrodite,"DB1-DB7 (Dorsal B Motor Neurons 1-7) - Ventral cord motor neurons, proprioceptive neurons. Located in body (ventral nerve cord). Born from AB lineage (AB plpaaaapp or AB prpaaaapp for DB1/3, AB arappappa for DB2, AB prpaaaapp or AB plpaaaapp for DB3/1, AB prpappapp for DB4, AB plpapappp for DB5, AB plppaappp for DB6, AB prppaappp for DB7). Ventral cord ""dorsal B"" motor neurons receiving extensive input from PVC and innervating dorsal muscles and VD neurons. Use acetylcholine as neurotransmitter (Duerr et al., 2008; Rand and Nonet, 1997). Express receptors ACR-14 (nicotinic AChR non-alpha subunit), possibly PDFR-1 (pigment dispersing factor receptor in DB2), and innexins INX-1a, INX-1b, INX-2, INX-3, INX-14, UNC-7, UNC-9 (Barrios et al., 2012; Fox et al., 2005; Altun et al., 2009; Bhattacharya et al., 2019). Function in forward locomotion: VD neurons activated during forward movement (Haspel et al., 2010); ablation of five of seven DB neurons causes defects in larval forward movement (Chalfie et al., 1985). Function in proprioception involving propagation of rhythmic activities along body during forward locomotion: ventral and dorsal bending of anterior body region directly activates VB and DB motor neurons (Wen et al., 2012); gap junctions between neighbors and overlapping process segments propagate bending signal from anterior to posterior, with mechanosensitive-proprioceptive receptors likely localized near anterior of processes. Make chemical synapses to other motor neurons (AS, DD, VD), receive chemical synapses from DVA, PVC, PVR, and form gap junctions with DB, VB, AVB (Haspel & Donovan, 2011). Representative of B-class motor neurons essential for forward locomotion. Important for understanding proprioception, rhythmic motor pattern generation, and mechanosensitive feedback during locomotion.",Unknown - function not yet characterized in this dataset,DB7; db7; DB7,Located in the nervous system,,,https://wormbase.org/species/all/anatomy_term/WBbt:0004840,WormFindr Information Cards (Nov 2024),[Imported from WormFindr],review,,
DD1,DD1 cell,DD1,cell,,WBbt:0004839,c-elegans,NCBITaxon:6239,L1,hermaphrodite,"DD1-DD6 (Dorsal D Motor Neurons 1-6) - Motor neurons. Located in body (ventral nerve cord). Born from AB lineage (AB plppappap for DD1, AB prppappap for DD2, AB plppapppa for DD3, AB prppapppa for DD4, AB plppapppp for DD5, AB prppapppp for DD6). GABAergic inhibitory ventral cord motor neurons receiving dyadic synapses from excitatory ventral cord motor neurons along with body wall muscles. Initial synaptic pattern is presynaptic and inhibitory to ventral body wall muscles while being postsynaptic to neurons activating dorsal body wall muscles. During late L1, after VD motor neuron birth, DD neurons change synaptic pattern such that dorsal branches become presynaptic and inhibitory to dorsal body wall muscles while ventral branches become postsynaptic to excitatory neurons synapsing on ventral body wall muscles (White et al., 1978; Walthall et al., 1993). Hermaphrodites and males exhibit some differences in DD connectivity. Use GABA as neurotransmitter (McIntire et al., 1993; Rand and Nonet, 1997). Express receptor ACR-14 (nicotinic AChR non-alpha subunit) and innexins INX-1a, INX-1b, INX-2, INX-3, INX-10, INX-14, UNC-7, UNC-9 (Fox et al., 2005; Altun et al., 2009; Bhattacharya et al., 2019). Function in sinusoidal body movement-locomotion: ablation causes uncoordinated movement in larvae (Chalfie et al., 1985); optogenetic activation reduces ventral body wall muscle activity in L1 and lesser reduction of dorsal body wall activity (Lu et al., 2022). Make chemical synapses to other motor neurons (VD), receive chemical synapses from RID and VC1-3, and form gap junctions with DD and VD. Important model for understanding GABAergic inhibitory motor control, synaptic remodeling during development, and reciprocal inhibition in locomotion circuits.",Unknown - function not yet characterized in this dataset,DD1; dd1; DD1,Located in the nervous system,,,https://wormbase.org/species/all/anatomy_term/WBbt:0004839,WormFindr Information Cards (Nov 2024),[Imported from WormFindr],review,,
DD2,DD2 cell,DD2,cell,,WBbt:0004838,c-elegans,NCBITaxon:6239,L1,hermaphrodite,"DD1-DD6 (Dorsal D Motor Neurons 1-6) - Motor neurons. Located in body (ventral nerve cord). Born from AB lineage (AB plppappap for DD1, AB prppappap for DD2, AB plppapppa for DD3, AB prppapppa for DD4, AB plppapppp for DD5, AB prppapppp for DD6). GABAergic inhibitory ventral cord motor neurons receiving dyadic synapses from excitatory ventral cord motor neurons along with body wall muscles. Initial synaptic pattern is presynaptic and inhibitory to ventral body wall muscles while being postsynaptic to neurons activating dorsal body wall muscles. During late L1, after VD motor neuron birth, DD neurons change synaptic pattern such that dorsal branches become presynaptic and inhibitory to dorsal body wall muscles while ventral branches become postsynaptic to excitatory neurons synapsing on ventral body wall muscles (White et al., 1978; Walthall et al., 1993). Hermaphrodites and males exhibit some differences in DD connectivity. Use GABA as neurotransmitter (McIntire et al., 1993; Rand and Nonet, 1997). Express receptor ACR-14 (nicotinic AChR non-alpha subunit) and innexins INX-1a, INX-1b, INX-2, INX-3, INX-10, INX-14, UNC-7, UNC-9 (Fox et al., 2005; Altun et al., 2009; Bhattacharya et al., 2019). Function in sinusoidal body movement-locomotion: ablation causes uncoordinated movement in larvae (Chalfie et al., 1985); optogenetic activation reduces ventral body wall muscle activity in L1 and lesser reduction of dorsal body wall activity (Lu et al., 2022). Make chemical synapses to other motor neurons (VD), receive chemical synapses from RID and VC1-3, and form gap junctions with DD and VD. Important model for understanding GABAergic inhibitory motor control, synaptic remodeling during development, and reciprocal inhibition in locomotion circuits.",Unknown - function not yet characterized in this dataset,DD2; dd2; DD2,Located in the nervous system,,,https://wormbase.org/species/all/anatomy_term/WBbt:0004838,WormFindr Information Cards (Nov 2024),[Imported from WormFindr],review,,
DD3,DD3 cell,DD3,cell,,WBbt:0004837,c-elegans,NCBITaxon:6239,L1,hermaphrodite,"DD1-DD6 (Dorsal D Motor Neurons 1-6) - Motor neurons. Located in body (ventral nerve cord). Born from AB lineage (AB plppappap for DD1, AB prppappap for DD2, AB plppapppa for DD3, AB prppapppa for DD4, AB plppapppp for DD5, AB prppapppp for DD6). GABAergic inhibitory ventral cord motor neurons receiving dyadic synapses from excitatory ventral cord motor neurons along with body wall muscles. Initial synaptic pattern is presynaptic and inhibitory to ventral body wall muscles while being postsynaptic to neurons activating dorsal body wall muscles. During late L1, after VD motor neuron birth, DD neurons change synaptic pattern such that dorsal branches become presynaptic and inhibitory to dorsal body wall muscles while ventral branches become postsynaptic to excitatory neurons synapsing on ventral body wall muscles (White et al., 1978; Walthall et al., 1993). Hermaphrodites and males exhibit some differences in DD connectivity. Use GABA as neurotransmitter (McIntire et al., 1993; Rand and Nonet, 1997). Express receptor ACR-14 (nicotinic AChR non-alpha subunit) and innexins INX-1a, INX-1b, INX-2, INX-3, INX-10, INX-14, UNC-7, UNC-9 (Fox et al., 2005; Altun et al., 2009; Bhattacharya et al., 2019). Function in sinusoidal body movement-locomotion: ablation causes uncoordinated movement in larvae (Chalfie et al., 1985); optogenetic activation reduces ventral body wall muscle activity in L1 and lesser reduction of dorsal body wall activity (Lu et al., 2022). Make chemical synapses to other motor neurons (VD), receive chemical synapses from RID and VC1-3, and form gap junctions with DD and VD. Important model for understanding GABAergic inhibitory motor control, synaptic remodeling during development, and reciprocal inhibition in locomotion circuits.",Unknown - function not yet characterized in this dataset,DD3; dd3; DD3,Located in the nervous system,,,https://wormbase.org/species/all/anatomy_term/WBbt:0004837,WormFindr Information Cards (Nov 2024),[Imported from WormFindr],review,,
DD4,DD4 cell,DD4,cell,,WBbt:0004826,c-elegans,NCBITaxon:6239,L1,hermaphrodite,"DD1-DD6 (Dorsal D Motor Neurons 1-6) - Motor neurons. Located in body (ventral nerve cord). Born from AB lineage (AB plppappap for DD1, AB prppappap for DD2, AB plppapppa for DD3, AB prppapppa for DD4, AB plppapppp for DD5, AB prppapppp for DD6). GABAergic inhibitory ventral cord motor neurons receiving dyadic synapses from excitatory ventral cord motor neurons along with body wall muscles. Initial synaptic pattern is presynaptic and inhibitory to ventral body wall muscles while being postsynaptic to neurons activating dorsal body wall muscles. During late L1, after VD motor neuron birth, DD neurons change synaptic pattern such that dorsal branches become presynaptic and inhibitory to dorsal body wall muscles while ventral branches become postsynaptic to excitatory neurons synapsing on ventral body wall muscles (White et al., 1978; Walthall et al., 1993). Hermaphrodites and males exhibit some differences in DD connectivity. Use GABA as neurotransmitter (McIntire et al., 1993; Rand and Nonet, 1997). Express receptor ACR-14 (nicotinic AChR non-alpha subunit) and innexins INX-1a, INX-1b, INX-2, INX-3, INX-10, INX-14, UNC-7, UNC-9 (Fox et al., 2005; Altun et al., 2009; Bhattacharya et al., 2019). Function in sinusoidal body movement-locomotion: ablation causes uncoordinated movement in larvae (Chalfie et al., 1985); optogenetic activation reduces ventral body wall muscle activity in L1 and lesser reduction of dorsal body wall activity (Lu et al., 2022). Make chemical synapses to other motor neurons (VD), receive chemical synapses from RID and VC1-3, and form gap junctions with DD and VD. Important model for understanding GABAergic inhibitory motor control, synaptic remodeling during development, and reciprocal inhibition in locomotion circuits.",Unknown - function not yet characterized in this dataset,DD4; dd4; DD4,Located in the nervous system,,,https://wormbase.org/species/all/anatomy_term/WBbt:0004826,WormFindr Information Cards (Nov 2024),[Imported from WormFindr],review,,
DD5,DD5 cell,DD5,cell,,WBbt:0004825,c-elegans,NCBITaxon:6239,L1,hermaphrodite,"DD1-DD6 (Dorsal D Motor Neurons 1-6) - Motor neurons. Located in body (ventral nerve cord). Born from AB lineage (AB plppappap for DD1, AB prppappap for DD2, AB plppapppa for DD3, AB prppapppa for DD4, AB plppapppp for DD5, AB prppapppp for DD6). GABAergic inhibitory ventral cord motor neurons receiving dyadic synapses from excitatory ventral cord motor neurons along with body wall muscles. Initial synaptic pattern is presynaptic and inhibitory to ventral body wall muscles while being postsynaptic to neurons activating dorsal body wall muscles. During late L1, after VD motor neuron birth, DD neurons change synaptic pattern such that dorsal branches become presynaptic and inhibitory to dorsal body wall muscles while ventral branches become postsynaptic to excitatory neurons synapsing on ventral body wall muscles (White et al., 1978; Walthall et al., 1993). Hermaphrodites and males exhibit some differences in DD connectivity. Use GABA as neurotransmitter (McIntire et al., 1993; Rand and Nonet, 1997). Express receptor ACR-14 (nicotinic AChR non-alpha subunit) and innexins INX-1a, INX-1b, INX-2, INX-3, INX-10, INX-14, UNC-7, UNC-9 (Fox et al., 2005; Altun et al., 2009; Bhattacharya et al., 2019). Function in sinusoidal body movement-locomotion: ablation causes uncoordinated movement in larvae (Chalfie et al., 1985); optogenetic activation reduces ventral body wall muscle activity in L1 and lesser reduction of dorsal body wall activity (Lu et al., 2022). Make chemical synapses to other motor neurons (VD), receive chemical synapses from RID and VC1-3, and form gap junctions with DD and VD. Important model for understanding GABAergic inhibitory motor control, synaptic remodeling during development, and reciprocal inhibition in locomotion circuits.",Unknown - function not yet characterized in this dataset,DD5; dd5; DD5,Located in the nervous system,,,https://wormbase.org/species/all/anatomy_term/WBbt:0004825,WormFindr Information Cards (Nov 2024),[Imported from WormFindr],review,,
DD6,DD6 cell,DD6,cell,,WBbt:0004824,c-elegans,NCBITaxon:6239,L1,hermaphrodite,"DD1-DD6 (Dorsal D Motor Neurons 1-6) - Motor neurons. Located in body (ventral nerve cord). Born from AB lineage (AB plppappap for DD1, AB prppappap for DD2, AB plppapppa for DD3, AB prppapppa for DD4, AB plppapppp for DD5, AB prppapppp for DD6). GABAergic inhibitory ventral cord motor neurons receiving dyadic synapses from excitatory ventral cord motor neurons along with body wall muscles. Initial synaptic pattern is presynaptic and inhibitory to ventral body wall muscles while being postsynaptic to neurons activating dorsal body wall muscles. During late L1, after VD motor neuron birth, DD neurons change synaptic pattern such that dorsal branches become presynaptic and inhibitory to dorsal body wall muscles while ventral branches become postsynaptic to excitatory neurons synapsing on ventral body wall muscles (White et al., 1978; Walthall et al., 1993). Hermaphrodites and males exhibit some differences in DD connectivity. Use GABA as neurotransmitter (McIntire et al., 1993; Rand and Nonet, 1997). Express receptor ACR-14 (nicotinic AChR non-alpha subunit) and innexins INX-1a, INX-1b, INX-2, INX-3, INX-10, INX-14, UNC-7, UNC-9 (Fox et al., 2005; Altun et al., 2009; Bhattacharya et al., 2019). Function in sinusoidal body movement-locomotion: ablation causes uncoordinated movement in larvae (Chalfie et al., 1985); optogenetic activation reduces ventral body wall muscle activity in L1 and lesser reduction of dorsal body wall activity (Lu et al., 2022). Make chemical synapses to other motor neurons (VD), receive chemical synapses from RID and VC1-3, and form gap junctions with DD and VD. Important model for understanding GABAergic inhibitory motor control, synaptic remodeling during development, and reciprocal inhibition in locomotion circuits.",Unknown - function not yet characterized in this dataset,DD6; dd6; DD6,Located in the nervous system,,,https://wormbase.org/species/all/anatomy_term/WBbt:0004824,WormFindr Information Cards (Nov 2024),[Imported from WormFindr],review,,
DVA,DVA cell,DVA,cell,,WBbt:0004823,c-elegans,NCBITaxon:6239,L1,hermaphrodite,"DVA (Dorsal V neuron A) - Interneuron, stretch sensitive sensory neuron. Located in dorsorectal ganglion. Born from AB lineage (AB prppppapp). Monopolar ring interneuron with cell body located in dorsorectal ganglion, sending process the length of ventral cord and entering into right side of nerve ring. Uses acetylcholine as neurotransmitter (note: DVA is cholinergic while DVC is not) (Pereira et al., 2015; Duerr et al., 2008). Expresses receptors possibly GGR-3 (GABA-A/glycine receptor-like), GLR-4, GLR-5 (glutamate receptor subunits), NMR-1 (NMDA receptor subunit), SER-2 (tyramine receptor splice variant), SER-4 (serotonin receptor, variably expressed - neuron can be DVC instead), TRP-4 (mechanosensitive TRPN channel), and innexins INX-1a, INX-1b, INX-3, INX-7, INX-10, INX-13, INX-14, INX-17, INX-18, UNC-7, UNC-9 (Li et al., 2006; Tsalik et al., 2003; Brockie et al., 2001; Fujiwara et al., 1996; Altun et al., 2009; Bhattacharya et al., 2019). Function in mechanosensory integration: PVD and DVA neurons are presynaptic to both forward and backing interneurons, providing input to both anterior and posterior touch circuits; animals lacking these neurons respond to tap stimulus with diminished forward accelerations and reversals, suggesting these neurons maintain overall activity of touch circuit (Wicks et al., 1996; Driscoll and Kaplan, 1997; Goodman, 2007). Function in proprioception: DVA represents stretch receptor neuron regulating sensory-motor integration during C. elegans locomotion; trp-4 (mechanosensitive TRPN channel homologue) acts as stretch-sensitive proprioceptor in DVA; DVA both positively and negatively modulates locomotion, providing unique mechanism whereby single neuron can fine-tune motor activity (Li et al., 2006). Important model for understanding proprioception, stretch sensation, mechanosensory integration, and dual excitatory/inhibitory modulation of motor circuits.",Unknown - function not yet characterized in this dataset,DVA; dva; DVA,Located in the nervous system,,,https://wormbase.org/species/all/anatomy_term/WBbt:0004823,WormFindr Information Cards (Nov 2024),[Imported from WormFindr],review,,
DVB,DVB cell,DVB,cell,,WBbt:0004822,c-elegans,NCBITaxon:6239,L1,hermaphrodite,DVB is a neuron cell in the nervous system of C. elegans. Polymodal neuron located in dorsorectal ganglion. This specimen sends a short anterior process towards ventral cord. Post-embryonic lineage: K.p,Unknown - function not yet characterized in this dataset,DVB; dvb; DVB,Located in the nervous system,,,https://wormbase.org/species/all/anatomy_term/WBbt:0004822,WormFindr Information Cards (Nov 2024),[Imported from WormFindr],review,,
DVC,DVC cell,DVC,cell,,WBbt:0004821,c-elegans,NCBITaxon:6239,L1,hermaphrodite,DVC is a neuron cell in the nervous system of C. elegans. Interneuron located in dorsorectal ganglion. Sends anterior process along ventral cord and into nerve ring. Embryonic lineage: Caapaa,Unknown - function not yet characterized in this dataset,DVC; dvc; DVC,Located in the nervous system,,,https://wormbase.org/species/all/anatomy_term/WBbt:0004821,WormFindr Information Cards (Nov 2024),[Imported from WormFindr],review,,
E,E (endodermal founder cell),E,cell,,,c-elegans,NCBITaxon:6239,embryo,both,"E is the endodermal founder cell, born on the embryo surface ~35 min after fertilization as the posterior daughter of EMS; the E lineage clonally generates the entire intestine.",Endodermal founder cell; the E lineage clonally produces all 20 intestinal cells.,E blastomere; E founder cell,,,IntFIG3,,WormAtlas IntFIG3 cataloguing,[to fill],draft,,
e1D,e1D cell,e1D,cell,,WBbt:0003701,c-elegans,NCBITaxon:6239,L1,hermaphrodite,e1D is a epithelial cell in the alimentary system of C. elegans. Dorsal cell of anteriormost epithelial sheet surrounding buccal cavity. Embryonic lineage: ABaraaaapap,Unknown - function not yet characterized in this dataset,e1D; e1d; E1D,Located in the alimentary system,,,https://wormbase.org/species/all/anatomy_term/WBbt:0003701,WormFindr Information Cards (Nov 2024),[Imported from WormFindr],review,,
e1VL,e1VL cell,e1VL,cell,,WBbt:0004556,c-elegans,NCBITaxon:6239,L1,hermaphrodite,e1VL is a epithelial cell in the alimentary system of C. elegans. Ventral left cell of anteriormost epithelial sheet surrounding buccal cavity. Embryonic lineage: ABaraaaaaaa,Unknown - function not yet characterized in this dataset,e1VL; e1vl; E1VL,Located in the alimentary system,,,https://wormbase.org/species/all/anatomy_term/WBbt:0004556,WormFindr Information Cards (Nov 2024),[Imported from WormFindr],review,,
e1VR,e1VR cell,e1VR,cell,,WBbt:0004555,c-elegans,NCBITaxon:6239,L1,hermaphrodite,e1VR is a epithelial cell in the alimentary system of C. elegans. Ventral right cell of anteriormost epithelial sheet surrounding buccal cavity. Embryonic lineage: ABaraaaaapa,Unknown - function not yet characterized in this dataset,e1VR; e1vr; E1VR,Located in the alimentary system,,,https://wormbase.org/species/all/anatomy_term/WBbt:0004555,WormFindr Information Cards (Nov 2024),[Imported from WormFindr],review,,
e2DL,e2DL cell,e2DL,cell,,WBbt:0004554,c-elegans,NCBITaxon:6239,L1,hermaphrodite,e2DL is a epithelial cell in the alimentary system of C. elegans. Dorsal left cell of second epithelial sheet surrounding buccal cavity. Embryonic lineage: ABalpaapaap,Unknown - function not yet characterized in this dataset,e2DL; e2dl; E2DL,Located in the alimentary system,,,https://wormbase.org/species/all/anatomy_term/WBbt:0004554,WormFindr Information Cards (Nov 2024),[Imported from WormFindr],review,,
e2DR,e2DR cell,e2DR,cell,,WBbt:0004552,c-elegans,NCBITaxon:6239,L1,hermaphrodite,e2DR is a epithelial cell in the alimentary system of C. elegans. Dorsal right cell of second epithelial sheet surrounding buccal cavity. Embryonic lineage: ABaraaapaap,Unknown - function not yet characterized in this dataset,e2DR; e2dr; E2DR,Located in the alimentary system,,,https://wormbase.org/species/all/anatomy_term/WBbt:0004552,WormFindr Information Cards (Nov 2024),[Imported from WormFindr],review,,
e2V,e2V cell,e2V,cell,,WBbt:0004550,c-elegans,NCBITaxon:6239,L1,hermaphrodite,e2V is a epithelial cell in the alimentary system of C. elegans. Ventral cell of second epithelial sheet surrounding buccal cavity. Embryonic lineage: ABalpappapa,Unknown - function not yet characterized in this dataset,e2V; e2v; E2V,Located in the alimentary system,,,https://wormbase.org/species/all/anatomy_term/WBbt:0004550,WormFindr Information Cards (Nov 2024),[Imported from WormFindr],review,,
e3D,e3D cell,e3D,cell,,WBbt:0004548,c-elegans,NCBITaxon:6239,L1,hermaphrodite,e3D is a epithelial cell in the alimentary system of C. elegans. Dorsal cell of third epithelial sheet surrounding buccal cavity. Embryonic lineage: ABaraapaaaa,Unknown - function not yet characterized in this dataset,e3D; e3d; E3D,Located in the alimentary system,,,https://wormbase.org/species/all/anatomy_term/WBbt:0004548,WormFindr Information Cards (Nov 2024),[Imported from WormFindr],review,,
e3VL,e3VL cell,e3VL,cell,,WBbt:0004546,c-elegans,NCBITaxon:6239,L1,hermaphrodite,e3VL is a epithelial cell in the alimentary system of C. elegans. Ventral left cell of third epithelial sheet surrounding buccal cavity. Embryonic lineage: ABalpaaaaaa,Unknown - function not yet characterized in this dataset,e3VL; e3vl; E3VL,Located in the alimentary system,,,https://wormbase.org/species/all/anatomy_term/WBbt:0004546,WormFindr Information Cards (Nov 2024),[Imported from WormFindr],review,,
e3VR,e3VR cell,e3VR,cell,,WBbt:0004544,c-elegans,NCBITaxon:6239,L1,hermaphrodite,e3VR is a epithelial cell in the alimentary system of C. elegans. Ventral right cell of third epithelial sheet surrounding buccal cavity. Embryonic lineage: ABarapaaaaa,Unknown - function not yet characterized in this dataset,e3VR; e3vr; E3VR,Located in the alimentary system,,,https://wormbase.org/species/all/anatomy_term/WBbt:0004544,WormFindr Information Cards (Nov 2024),[Imported from WormFindr],review,,
Ea,Ea (anterior E daughter),Ea,cell,,,c-elegans,NCBITaxon:6239,embryo,both,Ea is the anterior daughter of the E blastomere; migrates into the embryo interior at gastrulation.,,Ea cell; E.a,,,IntFIG3,,WormAtlas IntFIG3 cataloguing,[to fill],draft,,
EMS,EMS (mesendodermal precursor),EMS,cell,,,c-elegans,NCBITaxon:6239,embryo,both,EMS is the mesendodermal precursor blastomere; it divides into the anterior daughter MS (mesoderm) and the posterior daughter E (endoderm/intestine). EMS derives from P1.,Mesendodermal precursor; divides into MS and E.,EMS blastomere,,,IntFIG3,,WormAtlas IntFIG3 cataloguing,[to fill],draft,,
Ep,Ep (posterior E daughter),Ep,cell,,,c-elegans,NCBITaxon:6239,embryo,both,Ep is the posterior daughter of the E blastomere; migrates into the embryo interior at gastrulation.,,Ep cell; E.p,,,IntFIG3,,WormAtlas IntFIG3 cataloguing,[to fill],draft,,
excretory cell,Excretory canal cell cell,Excretory canal cell,cell,,WBbt:0005812,c-elegans,NCBITaxon:6239,L1,hermaphrodite,Excretory canal cell is a excretory cell in the excretory system of C. elegans. H-shaped cell with processes extending the length of the animal. Cell body located ventral of terminal bulb. Embryonic lineage: ABplpappaap,Unknown - function not yet characterized in this dataset,Excretory canal cell; excretory canal cell; EXCRETORY CANAL CELL; exc_cell; excretory cell,Located in the excretory system,,,https://wormbase.org/species/all/anatomy_term/WBbt:0005812,WormFindr Information Cards (Nov 2024),[Imported from WormFindr],review,,
excretory duct cell,Excretory duct cell cell,Excretory duct cell,cell,,WBbt:0004540,c-elegans,NCBITaxon:6239,L1,hermaphrodite,Excretory duct cell is a excretory cell in the excretory system of C. elegans. Cell with cuticle lined channel connecting excretory pore to excretory canal. Embryonic lineage: ABplpaaaapa,Unknown - function not yet characterized in this dataset,"Excretory duct cell; excretory duct cell; EXCRETORY DUCT CELL; exc duct
",Located in the excretory system,,,https://wormbase.org/species/all/anatomy_term/WBbt:0004540,WormFindr Information Cards (Nov 2024),[Imported from WormFindr],review,,
excretory gland cell,Excretory gland cell cell,Excretory gland cell,cell,,WBbt:0005776,c-elegans,NCBITaxon:6239,L1,hermaphrodite,"Excretory gland cell is a gland cell in the excretory system of C. elegans. Multinucleated gland cell located ventral of terminal bulb and connecting to excretory canal. Embryonic lineage: ABplpapapaa, ABprpapapaa",Unknown - function not yet characterized in this dataset,"Excretory gland cell; excretory gland cell; EXCRETORY GLAND CELL; exc gl
",Located in the excretory system,,,https://wormbase.org/species/all/anatomy_term/WBbt:0005776,WormFindr Information Cards (Nov 2024),[Imported from WormFindr],review,,
Excretory pore cell (G2),Excretory pore cell (G2) cell,Excretory pore cell (G2),cell,,WBbt:0004779,c-elegans,NCBITaxon:6239,L1,hermaphrodite,Excretory pore cell (G2) is a excretory cell in the excretory system of C. elegans. Pore cell for excretory system. Will divide to form G2a and G2p. Embryonic lineage: ABplapaapa,Unknown - function not yet characterized in this dataset,Excretory pore cell (G2); excretory pore cell (g2); EXCRETORY PORE CELL (G2),Located in the excretory system,,,https://wormbase.org/species/all/anatomy_term/WBbt:0004779,WormFindr Information Cards (Nov 2024),[Imported from WormFindr],review,,
F,F cell,F,cell,,WBbt:0008243,c-elegans,NCBITaxon:6239,L1,hermaphrodite,F is a epithelial cell in the alimentary system of C. elegans. Epithelial cell on posterior side of rectum. Embryonic lineage: ABplppppapp,Unknown - function not yet characterized in this dataset,F; f; F,Located in the alimentary system,,,https://wormbase.org/species/all/anatomy_term/WBbt:0008243,WormFindr Information Cards (Nov 2024),[Imported from WormFindr],review,,
FLPL,FLPL cell,FLPL,cell,,WBbt:0004798,c-elegans,NCBITaxon:6239,L1,hermaphrodite,"FLPL (Anterior Lateral Neurons) - Sensory neurons (polymodal nociceptive for mechanosensation and thermosensation). Located in the head. Born from AB lineage: AB plapaaapad. Not part of a sensillum. Multidendritic neurons with arborization structure very similar to PVD neurons, topologically covering head and neck while PVD covers the rest of the body (Hall and Treinin, 2011; Hall and Altun, 2008). Primary dendrites have ciliated endings in head which are not open to outside, wrapping around a branch of the lateral ILso cell just below the region where the socket cell surrounds the IL neurons. Use glutamate as neurotransmitter and release FLP-4 and FLP-21 neuropeptides (Loer and Rand, 2022; Li and Kim, 2008; Lee et al., 1999). Express mechanosensory channels DEL-1, MEC-10, UNC-8 (DEG/ENaC subunits), TRPV channel OSM-9, receptors DEG-3, DES-2 (nAChR subunits), GLR-4 (glutamate receptor), and PDFR-1, along with innexins CHE-7, INX-1a, INX-1b, INX-2, INX-7, INX-10a (dauer only), INX-14, INX-18a, UNC-7, UNC-9 (Wormbase; Altun, 2011; Brockie et al., 2001; Treinin et al., 1998; Colbert et al., 1997; Tavernarakis et al., 1997). Mediate harsh nose touch response accounting for 29% of normal response (Goodman, 2006; Kaplan and Driscoll, 1997). Also respond to gentle nose touch activating escape behavior, with OLQ and CEP neurons facilitating responses via RIH interneuron integration (Chatzigeorgiou and Schafer, 2011). Sense noxious temperatures (~35-38°C) inducing thermonociceptive escape reaction requiring TRPV channels (OCR-2/OSM-9), working with AFD and PHC neurons (Liu et al., 2012). Essential model for studying polymodal nociception and thermonociception in anterior body region.",Unknown - function not yet characterized in this dataset,FLPL; flpl; FLPL,Located in the nervous system,,,https://wormbase.org/species/all/anatomy_term/WBbt:0004798,WormFindr Information Cards (Nov 2024),[Imported from WormFindr],review,,
FLPR,FLPR cell,FLPR,cell,,WBbt:0004797,c-elegans,NCBITaxon:6239,L1,hermaphrodite,"FLPR (Anterior Lateral Neurons) - Sensory neurons (polymodal nociceptive for mechanosensation and thermosensation). Located in the head. Born from AB lineage: AB prapaaapad. Not part of a sensillum. Multidendritic neurons with arborization structure very similar to PVD neurons, topologically covering head and neck while PVD covers the rest of the body (Hall and Treinin, 2011; Hall and Altun, 2008). Primary dendrites have ciliated endings in head which are not open to outside, wrapping around a branch of the lateral ILso cell just below the region where the socket cell surrounds the IL neurons. Use glutamate as neurotransmitter and release FLP-4 and FLP-21 neuropeptides (Loer and Rand, 2022; Li and Kim, 2008; Lee et al., 1999). Express mechanosensory channels DEL-1, MEC-10, UNC-8 (DEG/ENaC subunits), TRPV channel OSM-9, receptors DEG-3, DES-2 (nAChR subunits), GLR-4 (glutamate receptor), and PDFR-1, along with innexins CHE-7, INX-1a, INX-1b, INX-2, INX-7, INX-10a (dauer only), INX-14, INX-18a, UNC-7, UNC-9 (Wormbase; Altun, 2011; Brockie et al., 2001; Treinin et al., 1998; Colbert et al., 1997; Tavernarakis et al., 1997). Mediate harsh nose touch response accounting for 29% of normal response (Goodman, 2006; Kaplan and Driscoll, 1997). Also respond to gentle nose touch activating escape behavior, with OLQ and CEP neurons facilitating responses via RIH interneuron integration (Chatzigeorgiou and Schafer, 2011). Sense noxious temperatures (~35-38°C) inducing thermonociceptive escape reaction requiring TRPV channels (OCR-2/OSM-9), working with AFD and PHC neurons (Liu et al., 2012). Essential model for studying polymodal nociception and thermonociception in anterior body region.",Unknown - function not yet characterized in this dataset,FLPR; flpr; FLPR,Located in the nervous system,,,https://wormbase.org/species/all/anatomy_term/WBbt:0004797,WormFindr Information Cards (Nov 2024),[Imported from WormFindr],review,,
g1AL,g1AL cell,g1AL,cell,,WBbt:0004532,c-elegans,NCBITaxon:6239,L1,hermaphrodite,g1AL is a gland cell in the alimentary system of C. elegans. Pharyngeal gland cell in left anterior ventral portion of  terminal bulb. Embryonic lineage: MSaapaapaa,Unknown - function not yet characterized in this dataset,g1AL; g1al; G1AL,Located in the alimentary system,,,https://wormbase.org/species/all/anatomy_term/WBbt:0004532,WormFindr Information Cards (Nov 2024),[Imported from WormFindr],review,,
g1AR,g1AR cell,g1AR,cell,,WBbt:0004530,c-elegans,NCBITaxon:6239,L1,hermaphrodite,g1AR is a gland cell in the alimentary system of C. elegans. Pharyngeal gland cell in right anterior ventral portion of pharyngeal terminal bulb. Embryonic lineage: MSpapaapaa,Unknown - function not yet characterized in this dataset,g1AR; g1ar; G1AR,Located in the alimentary system,,,https://wormbase.org/species/all/anatomy_term/WBbt:0004530,WormFindr Information Cards (Nov 2024),[Imported from WormFindr],review,,
g1P,g1P cell,g1P,cell,,WBbt:0004528,c-elegans,NCBITaxon:6239,L1,hermaphrodite,g1P is a gland cell in the alimentary system of C. elegans. Pharyngeal gland cell in dorsal posterior portion of terminal bulb. Embryonic lineage: MSaaaaapap,Unknown - function not yet characterized in this dataset,g1P; g1p; G1P,Located in the alimentary system,,,https://wormbase.org/species/all/anatomy_term/WBbt:0004528,WormFindr Information Cards (Nov 2024),[Imported from WormFindr],review,,
g2L,g2L cell,g2L,cell,,WBbt:0004526,c-elegans,NCBITaxon:6239,L1,hermaphrodite,g2L is a gland cell in the alimentary system of C. elegans. Pharyngeal gland cell in left posterior ventral portion of  terminal bulb. Embryonic lineage: MSaapapaa,Unknown - function not yet characterized in this dataset,g2L; g2l; G2L,Located in the alimentary system,,,https://wormbase.org/species/all/anatomy_term/WBbt:0004526,WormFindr Information Cards (Nov 2024),[Imported from WormFindr],review,,
g2R,g2R cell,g2R,cell,,WBbt:0004524,c-elegans,NCBITaxon:6239,L1,hermaphrodite,g2R is a gland cell in the alimentary system of C. elegans. Pharyngeal gland cell in right posterior ventral portion of  terminal bulb. Embryonic lineage: MSpapapaa,Unknown - function not yet characterized in this dataset,g2R; g2r; G2R,Located in the alimentary system,,,https://wormbase.org/species/all/anatomy_term/WBbt:0004524,WormFindr Information Cards (Nov 2024),[Imported from WormFindr],review,,
Gonad,Gonad cell,Gonad,cell,,WBbt:0005785,c-elegans,NCBITaxon:6239,L1,hermaphrodite,"Gonad is a blast cells and germline cell in the reproductive system of C. elegans. Mixture of 8 germline and 4 somatic gonad blast cells excluding distal dip cells, Z1.pp and Z4.aa. The identity of the other cells could not be determined. Mixture",Unknown - function not yet characterized in this dataset,Gonad; gonad; GONAD,Located in the reproductive system,,,https://wormbase.org/species/all/anatomy_term/WBbt:0005785,WormFindr Information Cards (Nov 2024),[Imported from WormFindr],review,,
H0L,H0L cell,H0L,cell,,WBbt:0004778,c-elegans,NCBITaxon:6239,L1,hermaphrodite,H0L is a epithelial cell in the seam system of C. elegans. Anteriormost epithelial seam cell covering left lateral chord. Embryonic lineage: ABplaaappa,Unknown - function not yet characterized in this dataset,H0L; h0l; H0L,Located in the seam system,,,https://wormbase.org/species/all/anatomy_term/WBbt:0004778,WormFindr Information Cards (Nov 2024),[Imported from WormFindr],review,,
H0R,H0R cell,H0R,cell,,WBbt:0004777,c-elegans,NCBITaxon:6239,L1,hermaphrodite,H0R is a epithelial cell in the seam system of C. elegans. Anteriormost epithelial seam cell covering right lateral chord. Embryonic lineage: ABarpapppa,Unknown - function not yet characterized in this dataset,H0R; h0r; H0R,Located in the seam system,,,https://wormbase.org/species/all/anatomy_term/WBbt:0004777,WormFindr Information Cards (Nov 2024),[Imported from WormFindr],review,,
H1L.a,H1La cell,H1La,cell,,WBbt:0007146,c-elegans,NCBITaxon:6239,L1,hermaphrodite,H1La is a epithelial cell in the seam system of C. elegans. Second from anterior epithelial seam cell with stem cell-like properties covering right lateral cord. Will divide at each molt to produce a daughter that remains a seam cell and one that fuse with hyp7. Post-embryonic lineage: H1L.a,Unknown - function not yet characterized in this dataset,H1La; h1la; H1LA; H1L.a,Located in the seam system,,,https://wormbase.org/species/all/anatomy_term/WBbt:0007146,WormFindr Information Cards (Nov 2024),[Imported from WormFindr],review,,
H1R.a,H1Ra cell,H1Ra,cell,,WBbt:0007149,c-elegans,NCBITaxon:6239,L1,hermaphrodite,H1Ra is a epithelial cell in the seam system of C. elegans. Second from anterior epithelial seam cell with stem cell-like properties covering left lateral cord. Will divide at each molt to produce a daughter that remains a seam cell and one that fuse with hyp7. Post-embryonic lineage: H1R.a,Unknown - function not yet characterized in this dataset,H1Ra; h1ra; H1RA; H1R.a,Located in the seam system,,,https://wormbase.org/species/all/anatomy_term/WBbt:0007149,WormFindr Information Cards (Nov 2024),[Imported from WormFindr],review,,
H2L.p,H2Lp cell,H2Lp,cell,,WBbt:0007153,c-elegans,NCBITaxon:6239,L1,hermaphrodite,H2Lp is a epithelial cell in the seam system of C. elegans. Third epithelial seam cell with stem cell-like properties covering left lateral cord. Post-embryonic lineage: H2L.p,Unknown - function not yet characterized in this dataset,H2Lp; h2lp; H2LP; H2L.p,Located in the seam system,,,https://wormbase.org/species/all/anatomy_term/WBbt:0007153,WormFindr Information Cards (Nov 2024),[Imported from WormFindr],review,,
H2R.p,H2Rp cell,H2Rp,cell,,WBbt:0007157,c-elegans,NCBITaxon:6239,L1,hermaphrodite,H2Rp is a epithelial cell in the seam system of C. elegans. Third epithelial seam cell with stem cell-like properties covering right lateral cord. Post-embryonic lineage: H2R.p,Unknown - function not yet characterized in this dataset,H2Rp; h2rp; H2RP; H2R.p,Located in the seam system,,,https://wormbase.org/species/all/anatomy_term/WBbt:0007157,WormFindr Information Cards (Nov 2024),[Imported from WormFindr],review,,
HSNL,HSNL cell,HSNL,cell,,WBbt:0004758,c-elegans,NCBITaxon:6239,L1,hermaphrodite,HSNL is a neuron cell in the nervous system of C. elegans. Motor neuron located midbody on left side. At this stage only short filopodia are seen emerging from the cell body. Embryonic lineage: ABplapppappa,Unknown - function not yet characterized in this dataset,HSNL; hsnl; HSNL,Located in the nervous system,,,https://wormbase.org/species/all/anatomy_term/WBbt:0004758,WormFindr Information Cards (Nov 2024),[Imported from WormFindr],review,,
HSNR,HSNR cell,HSNR,cell,,WBbt:0004757,c-elegans,NCBITaxon:6239,L1,hermaphrodite,HSNR is a neuron cell in the nervous system of C. elegans. Motor neuron located midbody on right side. At this stage only short filopodia are seen emerging from the cell body. Embryonic lineage: ABprapppappa,Unknown - function not yet characterized in this dataset,HSNR; hsnr; HSNR,Located in the nervous system,,,https://wormbase.org/species/all/anatomy_term/WBbt:0004757,WormFindr Information Cards (Nov 2024),[Imported from WormFindr],review,,
hyp1,hyp1 cell,hyp1,cell,,WBbt:0004694,c-elegans,NCBITaxon:6239,L1,hermaphrodite,"hyp1 is a epithelial cell in the hypodermis system of C. elegans. Multinucleated epithelial cell located in anterior and forming part of interfacial covering. Embryonic lineage: ABalpaapppa, ABarappaapa, ABaraaapppp",Unknown - function not yet characterized in this dataset,hyp1; hyp1; HYP1,Located in the hypodermis system,,,https://wormbase.org/species/all/anatomy_term/WBbt:0004694,WormFindr Information Cards (Nov 2024),[Imported from WormFindr],review,,
hyp10,hyp10 cell,hyp10,cell,,WBbt:0004378,c-elegans,NCBITaxon:6239,L1,hermaphrodite,"hyp10 is a epithelial cell in the hypodermis system of C. elegans. Multinucleated epithelial cell covering part of dorsal surface of tail. Embryonic lineage: ABprppppppp, ABplppppppp",Unknown - function not yet characterized in this dataset,hyp10; hyp10; HYP10,Located in the hypodermis system,,,https://wormbase.org/species/all/anatomy_term/WBbt:0004378,WormFindr Information Cards (Nov 2024),[Imported from WormFindr],review,,
hyp11,hyp11 cell,hyp11,cell,,WBbt:0004377,c-elegans,NCBITaxon:6239,L1,hermaphrodite,hyp11 is a epithelial cell in the hypodermis system of C. elegans. Epithelial cell covering part of dorsal surface of tail. Embryonic lineage: Cpappv,Unknown - function not yet characterized in this dataset,hyp11; hyp11; HYP11,Located in the hypodermis system,,,https://wormbase.org/species/all/anatomy_term/WBbt:0004377,WormFindr Information Cards (Nov 2024),[Imported from WormFindr],review,,
hyp2,hyp2 cell,hyp2,cell,,WBbt:0004692,c-elegans,NCBITaxon:6239,L1,hermaphrodite,"hyp2 is a epithelial cell in the hypodermis system of C. elegans. Multinucleated epithelial cell located in anterior and forming part of interfacial covering. Embryonic lineage: ABalpaapppp, ABalpapaaap",Unknown - function not yet characterized in this dataset,hyp2; hyp2; HYP2,Located in the hypodermis system,,,https://wormbase.org/species/all/anatomy_term/WBbt:0004692,WormFindr Information Cards (Nov 2024),[Imported from WormFindr],review,,
hyp3,hyp3 cell,hyp3,cell,,WBbt:0004690,c-elegans,NCBITaxon:6239,L1,hermaphrodite,"hyp3 is a epithelial cell in the hypodermis system of C. elegans. Multinucleated epithelial cell located in anterior and forming part of interfacial covering. Embryonic lineage: ABplaapaaaa, ABpraapaaaa",Unknown - function not yet characterized in this dataset,hyp3; hyp3; HYP3,Located in the hypodermis system,,,https://wormbase.org/species/all/anatomy_term/WBbt:0004690,WormFindr Information Cards (Nov 2024),[Imported from WormFindr],review,,
hyp4,hyp4 cell,hyp4,cell,,WBbt:0004687,c-elegans,NCBITaxon:6239,L1,hermaphrodite,"hyp4 is a epithelial cell in the hypodermis system of C. elegans. Multinucleated epithelial cell located in head. Embryonic lineage: ABarpapapa, ABplaappaa, ABpraappaa",Unknown - function not yet characterized in this dataset,hyp4; hyp4; HYP4,Located in the hypodermis system,,,https://wormbase.org/species/all/anatomy_term/WBbt:0004687,WormFindr Information Cards (Nov 2024),[Imported from WormFindr],review,,
hyp5,hyp5 cell,hyp5,cell,,WBbt:0004685,c-elegans,NCBITaxon:6239,L1,hermaphrodite,"hyp5 is a epithelial cell in the hypodermis system of C. elegans. Multinucleated epithelial cell located in head. Embryonic lineage: ABplaaapap, ABarpappap",Unknown - function not yet characterized in this dataset,hyp5; hyp5; HYP5,Located in the hypodermis system,,,https://wormbase.org/species/all/anatomy_term/WBbt:0004685,WormFindr Information Cards (Nov 2024),[Imported from WormFindr],review,,
hyp6,hyp6 cell,hyp6,cell,,WBbt:0004679,c-elegans,NCBITaxon:6239,L1,hermaphrodite,"hyp6 is a epithelial cell in the hypodermis system of C. elegans. Multinucleated epithelial cell located in anterior. Embryonic lineage: ABarpaapaa, ABplaaaapp, ABplaaaapa, ABarpapapp, ABplaappap, ABpraappap",Unknown - function not yet characterized in this dataset,hyp6; hyp6; HYP6,Located in the hypodermis system,,,https://wormbase.org/species/all/anatomy_term/WBbt:0004679,WormFindr Information Cards (Nov 2024),[Imported from WormFindr],review,,
hyp7,hyp7 cell,hyp7,cell,,WBbt:0005734,c-elegans,NCBITaxon:6239,L1,hermaphrodite,"hyp7 is a epithelial cell in the hypodermis system of C. elegans. Multinucleated epithelial cell forming majority of cuticle from neck region to tail. Lineage at L1 comprises 17 embryonically born nuclei from the AB lineage, 12 from the C lineage, and 23 post-embryonically born nuclei.",Unknown - function not yet characterized in this dataset,hyp7; hyp7; HYP7,Located in the hypodermis system,,,https://wormbase.org/species/all/anatomy_term/WBbt:0005734,WormFindr Information Cards (Nov 2024),[Imported from WormFindr],review,,
hyp8,hyp8 cell,hyp8,cell,,WBbt:0004381,c-elegans,NCBITaxon:6239,L1,hermaphrodite,hyp8 is a epithelial cell in the hypodermis system of C. elegans. Epithelial cell  covering part of ventral surface of tail. Embryonic lineage: ABplpppapap or ABprpppapap,Unknown - function not yet characterized in this dataset,hyp8; hyp8; HYP8,Located in the hypodermis system,,,https://wormbase.org/species/all/anatomy_term/WBbt:0004381,WormFindr Information Cards (Nov 2024),[Imported from WormFindr],review,,
hyp9,hyp9 cell,hyp9,cell,,WBbt:0004380,c-elegans,NCBITaxon:6239,L1,hermaphrodite,hyp9 is a epithelial cell in the hypodermis system of C. elegans. Epithelial cell form covering part of ventral surface of tail. Embryonic lineage: ABplpppapap or ABprpppapap,Unknown - function not yet characterized in this dataset,hyp9; hyp9; HYP9,Located in the hypodermis system,,,https://wormbase.org/species/all/anatomy_term/WBbt:0004380,WormFindr Information Cards (Nov 2024),[Imported from WormFindr],review,,
I1L,I1L cell,I1L,cell,,WBbt:0004746,c-elegans,NCBITaxon:6239,L1,hermaphrodite,I1L is a neuron cell in the alimentary system of C. elegans. Interneuron with putative proprioceptive endings. Cell body located in left subventral sector of metacorpus. Embryonic lineage: ABalpapppaa,Unknown - function not yet characterized in this dataset,I1L; i1l; I1L,Located in the alimentary system,,,https://wormbase.org/species/all/anatomy_term/WBbt:0004746,WormFindr Information Cards (Nov 2024),[Imported from WormFindr],review,,
I1R,I1R cell,I1R,cell,,WBbt:0004745,c-elegans,NCBITaxon:6239,L1,hermaphrodite,I1R is a neuron cell in the alimentary system of C. elegans. Interneuron with putative proprioceptive endings. Cell body located in right subventral sector of metacorpus. Embryonic lineage: ABarapappaa,Unknown - function not yet characterized in this dataset,I1R; i1r; I1R,Located in the alimentary system,,,https://wormbase.org/species/all/anatomy_term/WBbt:0004745,WormFindr Information Cards (Nov 2024),[Imported from WormFindr],review,,
I2L,I2L cell,I2L,cell,,WBbt:0004744,c-elegans,NCBITaxon:6239,L1,hermaphrodite,I2L is a neuron cell in the alimentary system of C. elegans. Interneuron with putative proprioceptive endings. Cell body located in left subventral sector of metacorpus. Embryonic lineage: ABalpappaapa,Unknown - function not yet characterized in this dataset,I2L; i2l; I2L,Located in the alimentary system,,,https://wormbase.org/species/all/anatomy_term/WBbt:0004744,WormFindr Information Cards (Nov 2024),[Imported from WormFindr],review,,
I2R,I2R cell,I2R,cell,,WBbt:0004743,c-elegans,NCBITaxon:6239,L1,hermaphrodite,I2R is a neuron cell in the alimentary system of C. elegans. Interneuron with putative proprioceptive endings. Cell body located in right subventral sector of metacorpus. Embryonic lineage: ABarapapaapa,Unknown - function not yet characterized in this dataset,I2R; i2r; I2R,Located in the alimentary system,,,https://wormbase.org/species/all/anatomy_term/WBbt:0004743,WormFindr Information Cards (Nov 2024),[Imported from WormFindr],review,,
I3,I3 cell,I3,cell,,WBbt:0004742,c-elegans,NCBITaxon:6239,L1,hermaphrodite,I3 is a neuron cell in the alimentary system of C. elegans. Interneuron located in dorsal sector of metacorpus. Embryonic lineage: MSaaaaapaa,Unknown - function not yet characterized in this dataset,I3; i3; I3,Located in the alimentary system,,,https://wormbase.org/species/all/anatomy_term/WBbt:0004742,WormFindr Information Cards (Nov 2024),[Imported from WormFindr],review,,
I4,I4 cell,I4,cell,,WBbt:0004741,c-elegans,NCBITaxon:6239,L1,hermaphrodite,I4 is a neuron cell in the alimentary system of C. elegans. Interneuron located in dorsal sector of terminal bulb. Embryonic lineage: MSaaaapaa,Unknown - function not yet characterized in this dataset,I4; i4; I4,Located in the alimentary system,,,https://wormbase.org/species/all/anatomy_term/WBbt:0004741,WormFindr Information Cards (Nov 2024),[Imported from WormFindr],review,,
I5,I5 cell,I5,cell,,WBbt:0004740,c-elegans,NCBITaxon:6239,L1,hermaphrodite,I5 is a neuron cell in the alimentary system of C. elegans. Interneuron with putative proprioceptive endings. Cell body located in dorsal sector of terminal bulb. Embryonic lineage: ABarapapapp,Unknown - function not yet characterized in this dataset,I5; i5; I5,Located in the alimentary system,,,https://wormbase.org/species/all/anatomy_term/WBbt:0004740,WormFindr Information Cards (Nov 2024),[Imported from WormFindr],review,,
I6,I6 cell,I6,cell,,WBbt:0004739,c-elegans,NCBITaxon:6239,L1,hermaphrodite,I6 is a neuron cell in the alimentary system of C. elegans. Interneuron with putative proprioceptive endings. Cell body located in dorsal sector of terminal bulb. Embryonic lineage: MSpaaapaa,Unknown - function not yet characterized in this dataset,I6; i6; I6,Located in the alimentary system,,,https://wormbase.org/species/all/anatomy_term/WBbt:0004739,WormFindr Information Cards (Nov 2024),[Imported from WormFindr],review,,
IL1DL,IL1DL cell,IL1DL,cell,,WBbt:0004738,c-elegans,NCBITaxon:6239,L1,hermaphrodite,"IL1DL (Inner Labial 1) - Polymodal neurons (sensory neuron [mechanosensory], motor neuron, interneuron). Located in head. Born from AB lineage: AB alapappaaa for IL1DL. Neurons of inner labial sensilla with ciliated endings with striated rootlets, synapsing directly onto muscle cells. IL1 dendrite ending does not protrude through hole in socket cell to outside. Use glutamate as neurotransmitter (Pereira et al., 2015). Express receptors DEG-3 (nicotinic acetylcholine receptor alpha subunit), MEC-6 (degenerin/epithelial Na+ channel complex component interacting with MEC-4), TRPA-1 (transient receptor potential ion channel), and innexins CHE-7, INX-1a, INX-1b, INX-2, INX-10a, INX-12, INX-14, INX-18, UNC-7, UNC-9 (Wormbase; Kindt et al., 2007; Chelur et al., 2002; Treinin and Chalfie, 1995; Altun et al., 2009; Bhattacharya et al., 2019). Mediate head-withdrawal reflex: when worms touched on dorsal or ventral nose sides with eyelash during forward movement, they interrupt normal foraging pattern and undergo aversive head-withdrawal reflex; simple reflex mediated by two mechanosensory neuron classes (OLQ and IL1) and their synaptic targets (RMD motor neurons), with killing any of these cells alone or in combination diminishing reflex (Goodman, 2006; Kaplan and Driscoll, 1997; Hart et al., 1995). IL1, OLQ, and RMD also regulate spontaneous foraging movements; laser-operated animals lacking IL1 and OLQ forage abnormally slowly and make exaggerated dorsal and ventral nose turns (Hart et al., 1995). TRPA-1 function in IL1 and OLQ and GLR-1 function in RMD neurons facilitate both foraging rate and head withdrawal (Kindt et al., 2007). Important model for understanding polymodal neuron function, mechanosensory processing in head, and simple reflex circuits.",Unknown - function not yet characterized in this dataset,IL1DL; il1dl; IL1DL,Located in the nervous system,,,https://wormbase.org/species/all/anatomy_term/WBbt:0004738,WormFindr Information Cards (Nov 2024),[Imported from WormFindr],review,,
IL1DR,IL1DR cell,IL1DR,cell,,WBbt:0004737,c-elegans,NCBITaxon:6239,L1,hermaphrodite,"IL1DR (Inner Labial 1) - Polymodal neurons (sensory neuron [mechanosensory], motor neuron, interneuron). Located in head. Born from AB lineage: AB alappppaaa for IL1DR. Neurons of inner labial sensilla with ciliated endings with striated rootlets, synapsing directly onto muscle cells. IL1 dendrite ending does not protrude through hole in socket cell to outside. Use glutamate as neurotransmitter (Pereira et al., 2015). Express receptors DEG-3 (nicotinic acetylcholine receptor alpha subunit), MEC-6 (degenerin/epithelial Na+ channel complex component interacting with MEC-4), TRPA-1 (transient receptor potential ion channel), and innexins CHE-7, INX-1a, INX-1b, INX-2, INX-10a, INX-12, INX-14, INX-18, UNC-7, UNC-9 (Wormbase; Kindt et al., 2007; Chelur et al., 2002; Treinin and Chalfie, 1995; Altun et al., 2009; Bhattacharya et al., 2019). Mediate head-withdrawal reflex: when worms touched on dorsal or ventral nose sides with eyelash during forward movement, they interrupt normal foraging pattern and undergo aversive head-withdrawal reflex; simple reflex mediated by two mechanosensory neuron classes (OLQ and IL1) and their synaptic targets (RMD motor neurons), with killing any of these cells alone or in combination diminishing reflex (Goodman, 2006; Kaplan and Driscoll, 1997; Hart et al., 1995). IL1, OLQ, and RMD also regulate spontaneous foraging movements; laser-operated animals lacking IL1 and OLQ forage abnormally slowly and make exaggerated dorsal and ventral nose turns (Hart et al., 1995). TRPA-1 function in IL1 and OLQ and GLR-1 function in RMD neurons facilitate both foraging rate and head withdrawal (Kindt et al., 2007). Important model for understanding polymodal neuron function, mechanosensory processing in head, and simple reflex circuits.",Unknown - function not yet characterized in this dataset,IL1DR; il1dr; IL1DR,Located in the nervous system,,,https://wormbase.org/species/all/anatomy_term/WBbt:0004737,WormFindr Information Cards (Nov 2024),[Imported from WormFindr],review,,
IL1L,IL1L cell,IL1L,cell,,WBbt:0004553,c-elegans,NCBITaxon:6239,L1,hermaphrodite,"IL1L (Inner Labial 1) - Polymodal neurons (sensory neuron [mechanosensory], motor neuron, interneuron). Located in head. Born from AB lineage: AB alapaappaa for IL1L. Neurons of inner labial sensilla with ciliated endings with striated rootlets, synapsing directly onto muscle cells. IL1 dendrite ending does not protrude through hole in socket cell to outside. Use glutamate as neurotransmitter (Pereira et al., 2015). Express receptors DEG-3 (nicotinic acetylcholine receptor alpha subunit), MEC-6 (degenerin/epithelial Na+ channel complex component interacting with MEC-4), TRPA-1 (transient receptor potential ion channel), and innexins CHE-7, INX-1a, INX-1b, INX-2, INX-10a, INX-12, INX-14, INX-18, UNC-7, UNC-9 (Wormbase; Kindt et al., 2007; Chelur et al., 2002; Treinin and Chalfie, 1995; Altun et al., 2009; Bhattacharya et al., 2019). Mediate head-withdrawal reflex: when worms touched on dorsal or ventral nose sides with eyelash during forward movement, they interrupt normal foraging pattern and undergo aversive head-withdrawal reflex; simple reflex mediated by two mechanosensory neuron classes (OLQ and IL1) and their synaptic targets (RMD motor neurons), with killing any of these cells alone or in combination diminishing reflex (Goodman, 2006; Kaplan and Driscoll, 1997; Hart et al., 1995). IL1, OLQ, and RMD also regulate spontaneous foraging movements; laser-operated animals lacking IL1 and OLQ forage abnormally slowly and make exaggerated dorsal and ventral nose turns (Hart et al., 1995). TRPA-1 function in IL1 and OLQ and GLR-1 function in RMD neurons facilitate both foraging rate and head withdrawal (Kindt et al., 2007). Important model for understanding polymodal neuron function, mechanosensory processing in head, and simple reflex circuits.",Unknown - function not yet characterized in this dataset,IL1L; il1l; IL1L,Located in the nervous system,,,https://wormbase.org/species/all/anatomy_term/WBbt:0004553,WormFindr Information Cards (Nov 2024),[Imported from WormFindr],review,,
IL1R,IL1R cell,IL1R,cell,,WBbt:0004551,c-elegans,NCBITaxon:6239,L1,hermaphrodite,"IL1R (Inner Labial 1) - Polymodal neurons (sensory neuron [mechanosensory], motor neuron, interneuron). Located in head. Born from AB lineage: AB alaappppaa for IL1R. Neurons of inner labial sensilla with ciliated endings with striated rootlets, synapsing directly onto muscle cells. IL1 dendrite ending does not protrude through hole in socket cell to outside. Use glutamate as neurotransmitter (Pereira et al., 2015). Express receptors DEG-3 (nicotinic acetylcholine receptor alpha subunit), MEC-6 (degenerin/epithelial Na+ channel complex component interacting with MEC-4), TRPA-1 (transient receptor potential ion channel), and innexins CHE-7, INX-1a, INX-1b, INX-2, INX-10a, INX-12, INX-14, INX-18, UNC-7, UNC-9 (Wormbase; Kindt et al., 2007; Chelur et al., 2002; Treinin and Chalfie, 1995; Altun et al., 2009; Bhattacharya et al., 2019). Mediate head-withdrawal reflex: when worms touched on dorsal or ventral nose sides with eyelash during forward movement, they interrupt normal foraging pattern and undergo aversive head-withdrawal reflex; simple reflex mediated by two mechanosensory neuron classes (OLQ and IL1) and their synaptic targets (RMD motor neurons), with killing any of these cells alone or in combination diminishing reflex (Goodman, 2006; Kaplan and Driscoll, 1997; Hart et al., 1995). IL1, OLQ, and RMD also regulate spontaneous foraging movements; laser-operated animals lacking IL1 and OLQ forage abnormally slowly and make exaggerated dorsal and ventral nose turns (Hart et al., 1995). TRPA-1 function in IL1 and OLQ and GLR-1 function in RMD neurons facilitate both foraging rate and head withdrawal (Kindt et al., 2007). Important model for understanding polymodal neuron function, mechanosensory processing in head, and simple reflex circuits.",Unknown - function not yet characterized in this dataset,IL1R; il1r; IL1R,Located in the nervous system,,,https://wormbase.org/species/all/anatomy_term/WBbt:0004551,WormFindr Information Cards (Nov 2024),[Imported from WormFindr],review,,
IL1VL,IL1VL cell,IL1VL,cell,,WBbt:0004549,c-elegans,NCBITaxon:6239,L1,hermaphrodite,"IL1VL (Inner Labial 1) - Polymodal neurons (sensory neuron [mechanosensory], motor neuron, interneuron). Located in head. Born from AB lineage: AB alppapppaa for IL1VL. Neurons of inner labial sensilla with ciliated endings with striated rootlets, synapsing directly onto muscle cells. IL1 dendrite ending does not protrude through hole in socket cell to outside. Use glutamate as neurotransmitter (Pereira et al., 2015). Express receptors DEG-3 (nicotinic acetylcholine receptor alpha subunit), MEC-6 (degenerin/epithelial Na+ channel complex component interacting with MEC-4), TRPA-1 (transient receptor potential ion channel), and innexins CHE-7, INX-1a, INX-1b, INX-2, INX-10a, INX-12, INX-14, INX-18, UNC-7, UNC-9 (Wormbase; Kindt et al., 2007; Chelur et al., 2002; Treinin and Chalfie, 1995; Altun et al., 2009; Bhattacharya et al., 2019). Mediate head-withdrawal reflex: when worms touched on dorsal or ventral nose sides with eyelash during forward movement, they interrupt normal foraging pattern and undergo aversive head-withdrawal reflex; simple reflex mediated by two mechanosensory neuron classes (OLQ and IL1) and their synaptic targets (RMD motor neurons), with killing any of these cells alone or in combination diminishing reflex (Goodman, 2006; Kaplan and Driscoll, 1997; Hart et al., 1995). IL1, OLQ, and RMD also regulate spontaneous foraging movements; laser-operated animals lacking IL1 and OLQ forage abnormally slowly and make exaggerated dorsal and ventral nose turns (Hart et al., 1995). TRPA-1 function in IL1 and OLQ and GLR-1 function in RMD neurons facilitate both foraging rate and head withdrawal (Kindt et al., 2007). Important model for understanding polymodal neuron function, mechanosensory processing in head, and simple reflex circuits.",Unknown - function not yet characterized in this dataset,IL1VL; il1vl; IL1VL,Located in the nervous system,,,https://wormbase.org/species/all/anatomy_term/WBbt:0004549,WormFindr Information Cards (Nov 2024),[Imported from WormFindr],review,,
IL1VR,IL1VR cell,IL1VR,cell,,WBbt:0004547,c-elegans,NCBITaxon:6239,L1,hermaphrodite,"IL1VR (Inner Labial 1) - Polymodal neurons (sensory neuron [mechanosensory], motor neuron, interneuron). Located in head. Born from AB lineage: AB arapppppaa for IL1VR. Neurons of inner labial sensilla with ciliated endings with striated rootlets, synapsing directly onto muscle cells. IL1 dendrite ending does not protrude through hole in socket cell to outside. Use glutamate as neurotransmitter (Pereira et al., 2015). Express receptors DEG-3 (nicotinic acetylcholine receptor alpha subunit), MEC-6 (degenerin/epithelial Na+ channel complex component interacting with MEC-4), TRPA-1 (transient receptor potential ion channel), and innexins CHE-7, INX-1a, INX-1b, INX-2, INX-10a, INX-12, INX-14, INX-18, UNC-7, UNC-9 (Wormbase; Kindt et al., 2007; Chelur et al., 2002; Treinin and Chalfie, 1995; Altun et al., 2009; Bhattacharya et al., 2019). Mediate head-withdrawal reflex: when worms touched on dorsal or ventral nose sides with eyelash during forward movement, they interrupt normal foraging pattern and undergo aversive head-withdrawal reflex; simple reflex mediated by two mechanosensory neuron classes (OLQ and IL1) and their synaptic targets (RMD motor neurons), with killing any of these cells alone or in combination diminishing reflex (Goodman, 2006; Kaplan and Driscoll, 1997; Hart et al., 1995). IL1, OLQ, and RMD also regulate spontaneous foraging movements; laser-operated animals lacking IL1 and OLQ forage abnormally slowly and make exaggerated dorsal and ventral nose turns (Hart et al., 1995). TRPA-1 function in IL1 and OLQ and GLR-1 function in RMD neurons facilitate both foraging rate and head withdrawal (Kindt et al., 2007). Important model for understanding polymodal neuron function, mechanosensory processing in head, and simple reflex circuits.",Unknown - function not yet characterized in this dataset,IL1VR; il1vr; IL1VR,Located in the nervous system,,,https://wormbase.org/species/all/anatomy_term/WBbt:0004547,WormFindr Information Cards (Nov 2024),[Imported from WormFindr],review,,
IL2DL,IL2DL cell,IL2DL,cell,,WBbt:0004545,c-elegans,NCBITaxon:6239,L1,hermaphrodite,"IL2DL (Inner Labial 2 Dorsal Left) is one of six sensory neuron with a ciliated dendritic ending that protrude through the inner-labial sensilla pore. The IL2 neuron cell bodies are located in the anterior ganglion. During all non-dauer stages, the IL2 neurons have a single anteriorly directed dendrite that ends in a cilia exposed to the environment.  The distal tip of the IL2s is slightly longer than the adjacent IL1s. Unlike the IL1 neurons,  IL2 dendrites lack rootlets. During dauer, the dorsal and ventral IL2 neurons exhibit dendritic branching and the extension of additional primary dendrites that are resorbed during recovery from dauer (Schroeder et al., 2013). The IL2 neurons extend a single posteriorly directed axon that passes the outer edge of the nerve ring and then turns anteriorly into the ring. The primary synaptic output of the dorsal and ventral IL2s are to the RIPs, IL1s, and RMEs.  IL2DL is born from AB lineage (AB alapappap) at approximately 300 minutes, at 20 C, after the first cell cleavage. The sister cell of IL2DL divides an additional time to form IL1DL and a cell that undergoes cell death. The IL2 neurons can stain with DiI/Ca Acetate, DiO, Di4ANEPPS and RH421 (Burket et al., 2006; Mille and Shakes, 1995).","Sensory neurons (polymodal sensory?, chemosensory?, mechanosensory?). Use acetylcholine and unknown monoamine as neurotransmitters (not glutamatergic as earlier reports suggested) (Wang et al., 2024; Zhang et al., 2014; Loer and Rand, 2022; Duerr et al., 2008; Serrano-Saiz et al., 2013; Lee et al., 1999). Express receptors DES-2 (nicotinic acetylcholine receptor alpha subunit), NPR-1 (neuropeptide Y receptor-like, in IL2L/R), and innexins CHE-7 (dauer only), INX-1a, INX-1b, INX-2, INX-10a, INX-11, INX-14, INX-18 (IL2L/R only), UNC-7, UNC-9 (Coates and de Bono, 2002; Treinin et al., 2001; Altun et al., 2009; Bhattacharya et al., 2019). Regulate nictation, a dispersal behavior seen in dauer larvae; intact IL2 cilia and cholinergic transmission in IL2 neurons required for this function (Lee et al., 2012). Targeted activation of IL2 neurons in non-dauers does not induce nictation, possibly since IL2 neurons undergo significant structural change at dauer stage which may be required for behavior control (Albert and Riddle, 1983). Important model for understanding neuroplasticity, dauer-specific structural remodeling, and stage-specific behaviors.",IL2DL; il2dl; IL2DL,Located in the nervous system,,,https://wormbase.org/species/all/anatomy_term/WBbt:0004545,WormFindr Information Cards (Nov 2024),[Imported from WormFindr],review,,
IL2DR,IL2DR cell,IL2DR,cell,,WBbt:0004543,c-elegans,NCBITaxon:6239,L1,hermaphrodite,"IL2DL (Inner Labial 2 Dorsal Right) is one of six sensory neuron with a ciliated dendritic ending that protrude through the inner-labial sensilla pore. The IL2 neuron cell bodies are located in the anterior ganglion. During all non-dauer stages, the IL2 neurons have a single anteriorly directed dendrite that ends in a cilia exposed to the environment.  The distal tip of the IL2s is slightly longer than the adjacent IL1s. Unlike the IL1 neurons,  IL2 dendrites lack rootlets. During dauer, the dorsal and ventral IL2 neurons exhibit dendritic branching and the extension of additional primary dendrites that are resorbed during recovery from dauer (Schroeder et al., 2013). The IL2 neurons extend a single posteriorly directed axon that passes the outer edge of the nerve ring and then turns anteriorly into the ring. The primary synaptic output of the dorsal and ventral IL2s are to the RIPs, IL1s, and RMEs.  IL2DR is born from AB lineage (AB alappppa) at approximately 300 minutes, at 20 C, after the first cell cleavage. The sister cell of IL2DL divides an additional time to form IL1DR and a cell that undergoes cell death. The IL2 neurons can stain with DiI/Ca Acetate, DiO, Di4ANEPPS and RH421 (Burket et al., 2006; Mille and Shakes, 1995).","Sensory neurons (polymodal sensory?, chemosensory?, mechanosensory?). Use acetylcholine and unknown monoamine as neurotransmitters (not glutamatergic as earlier reports suggested) (Wang et al., 2024; Zhang et al., 2014; Loer and Rand, 2022; Duerr et al., 2008; Serrano-Saiz et al., 2013; Lee et al., 1999). Express receptors DES-2 (nicotinic acetylcholine receptor alpha subunit), NPR-1 (neuropeptide Y receptor-like, in IL2L/R), and innexins CHE-7 (dauer only), INX-1a, INX-1b, INX-2, INX-10a, INX-11, INX-14, INX-18 (IL2L/R only), UNC-7, UNC-9 (Coates and de Bono, 2002; Treinin et al., 2001; Altun et al., 2009; Bhattacharya et al., 2019). Regulate nictation, a dispersal behavior seen in dauer larvae; intact IL2 cilia and cholinergic transmission in IL2 neurons required for this function (Lee et al., 2012). Targeted activation of IL2 neurons in non-dauers does not induce nictation, possibly since IL2 neurons undergo significant structural change at dauer stage which may be required for behavior control (Albert and Riddle, 1983). Important model for understanding neuroplasticity, dauer-specific structural remodeling, and stage-specific behaviors.",IL2DR; il2dr; IL2DR,Located in the nervous system,,,https://wormbase.org/species/all/anatomy_term/WBbt:0004543,WormFindr Information Cards (Nov 2024),[Imported from WormFindr],review,,
IL2L,IL2L cell,IL2L,cell,,WBbt:0004541,c-elegans,NCBITaxon:6239,L1,hermaphrodite,"IL2L (Inner Labial 2) - Sensory neurons (polymodal sensory?, chemosensory?, mechanosensory?). Located in head. Born from AB lineage: AB alapaappp for IL2L. Neurons of inner labial sensilla with ciliated endings without rootlets. IL2 dendrite ending protrudes through hole in socket cell to outside, suggesting chemosensory function. Stain with DiI/Ca Acetate, DiO, Di4ANEPPS and RH421 (Burket et al., 2006; Mille and Shakes, 1995). Although six IL2 neurons have similar gross structure and express many same genes, lateral IL2s display different neuronal connectivity and morphology than quadrant (dorsal & ventral) ones (Wang et al., 2010; MoW). Display neuroplasticity and stage-specific remodeling: dorsal and ventral IL2s undergo significant dendrite arborization and axon remodeling during dauer development (much less striking in lateral IL2s); when dauer larvae return to favorable conditions, dendritic arbors retract leaving remnant branches in postdauer L4 and adult animals (Schroeder et al., 2013). Use acetylcholine and unknown monoamine as neurotransmitters (not glutamatergic as earlier reports suggested) (Wang et al., 2024; Zhang et al., 2014; Loer and Rand, 2022; Duerr et al., 2008; Serrano-Saiz et al., 2013; Lee et al., 1999). Express receptors DES-2 (nicotinic acetylcholine receptor alpha subunit), NPR-1 (neuropeptide Y receptor-like, in IL2L/R), and innexins CHE-7 (dauer only), INX-1a, INX-1b, INX-2, INX-10a, INX-11, INX-14, INX-18 (IL2L/R only), UNC-7, UNC-9 (Coates and de Bono, 2002; Treinin et al., 2001; Altun et al., 2009; Bhattacharya et al., 2019). Regulate nictation, a dispersal behavior seen in dauer larvae; intact IL2 cilia and cholinergic transmission in IL2 neurons required for this function (Lee et al., 2012). Targeted activation of IL2 neurons in non-dauers does not induce nictation, possibly since IL2 neurons undergo significant structural change at dauer stage which may be required for behavior control (Albert and Riddle, 1983). Important model for understanding neuroplasticity, dauer-specific structural remodeling, and stage-specific behaviors.",Unknown - function not yet characterized in this dataset,IL2L; il2l; IL2L,Located in the nervous system,,,https://wormbase.org/species/all/anatomy_term/WBbt:0004541,WormFindr Information Cards (Nov 2024),[Imported from WormFindr],review,,
IL2R,IL2R cell,IL2R,cell,,WBbt:0004539,c-elegans,NCBITaxon:6239,L1,hermaphrodite,"IL2R (Inner Labial 2) - Sensory neurons (polymodal sensory?, chemosensory?, mechanosensory?). Located in head. Born from AB lineage: AB alaappppp for IL2R. Neurons of inner labial sensilla with ciliated endings without rootlets. IL2 dendrite ending protrudes through hole in socket cell to outside, suggesting chemosensory function. Stain with DiI/Ca Acetate, DiO, Di4ANEPPS and RH421 (Burket et al., 2006; Mille and Shakes, 1995). Although six IL2 neurons have similar gross structure and express many same genes, lateral IL2s display different neuronal connectivity and morphology than quadrant (dorsal & ventral) ones (Wang et al., 2010; MoW). Display neuroplasticity and stage-specific remodeling: dorsal and ventral IL2s undergo significant dendrite arborization and axon remodeling during dauer development (much less striking in lateral IL2s); when dauer larvae return to favorable conditions, dendritic arbors retract leaving remnant branches in postdauer L4 and adult animals (Schroeder et al., 2013). Use acetylcholine and unknown monoamine as neurotransmitters (not glutamatergic as earlier reports suggested) (Wang et al., 2024; Zhang et al., 2014; Loer and Rand, 2022; Duerr et al., 2008; Serrano-Saiz et al., 2013; Lee et al., 1999). Express receptors DES-2 (nicotinic acetylcholine receptor alpha subunit), NPR-1 (neuropeptide Y receptor-like, in IL2L/R), and innexins CHE-7 (dauer only), INX-1a, INX-1b, INX-2, INX-10a, INX-11, INX-14, INX-18 (IL2L/R only), UNC-7, UNC-9 (Coates and de Bono, 2002; Treinin et al., 2001; Altun et al., 2009; Bhattacharya et al., 2019). Regulate nictation, a dispersal behavior seen in dauer larvae; intact IL2 cilia and cholinergic transmission in IL2 neurons required for this function (Lee et al., 2012). Targeted activation of IL2 neurons in non-dauers does not induce nictation, possibly since IL2 neurons undergo significant structural change at dauer stage which may be required for behavior control (Albert and Riddle, 1983). Important model for understanding neuroplasticity, dauer-specific structural remodeling, and stage-specific behaviors.",Unknown - function not yet characterized in this dataset,IL2R; il2r; IL2R,Located in the nervous system,,,https://wormbase.org/species/all/anatomy_term/WBbt:0004539,WormFindr Information Cards (Nov 2024),[Imported from WormFindr],review,,
IL2VL,IL2VL cell,IL2VL,cell,,WBbt:0004538,c-elegans,NCBITaxon:6239,L1,hermaphrodite,"IL2VL (Inner Labial 2) - Sensory neurons (polymodal sensory?, chemosensory?, mechanosensory?). Located in head. Born from AB lineage: AB alppapppp for IL2VL. Neurons of inner labial sensilla with ciliated endings without rootlets. IL2 dendrite ending protrudes through hole in socket cell to outside, suggesting chemosensory function. Stain with DiI/Ca Acetate, DiO, Di4ANEPPS and RH421 (Burket et al., 2006; Mille and Shakes, 1995). Although six IL2 neurons have similar gross structure and express many same genes, lateral IL2s display different neuronal connectivity and morphology than quadrant (dorsal & ventral) ones (Wang et al., 2010; MoW). Display neuroplasticity and stage-specific remodeling: dorsal and ventral IL2s undergo significant dendrite arborization and axon remodeling during dauer development (much less striking in lateral IL2s); when dauer larvae return to favorable conditions, dendritic arbors retract leaving remnant branches in postdauer L4 and adult animals (Schroeder et al., 2013). Use acetylcholine and unknown monoamine as neurotransmitters (not glutamatergic as earlier reports suggested) (Wang et al., 2024; Zhang et al., 2014; Loer and Rand, 2022; Duerr et al., 2008; Serrano-Saiz et al., 2013; Lee et al., 1999). Express receptors DES-2 (nicotinic acetylcholine receptor alpha subunit), NPR-1 (neuropeptide Y receptor-like, in IL2L/R), and innexins CHE-7 (dauer only), INX-1a, INX-1b, INX-2, INX-10a, INX-11, INX-14, INX-18 (IL2L/R only), UNC-7, UNC-9 (Coates and de Bono, 2002; Treinin et al., 2001; Altun et al., 2009; Bhattacharya et al., 2019). Regulate nictation, a dispersal behavior seen in dauer larvae; intact IL2 cilia and cholinergic transmission in IL2 neurons required for this function (Lee et al., 2012). Targeted activation of IL2 neurons in non-dauers does not induce nictation, possibly since IL2 neurons undergo significant structural change at dauer stage which may be required for behavior control (Albert and Riddle, 1983). Important model for understanding neuroplasticity, dauer-specific structural remodeling, and stage-specific behaviors.",Unknown - function not yet characterized in this dataset,IL2VL; il2vl; IL2VL,Located in the nervous system,,,https://wormbase.org/species/all/anatomy_term/WBbt:0004538,WormFindr Information Cards (Nov 2024),[Imported from WormFindr],review,,
IL2VR,IL2VR cell,IL2VR,cell,,WBbt:0004537,c-elegans,NCBITaxon:6239,L1,hermaphrodite,"IL2VR (Inner Labial 2) - Sensory neurons (polymodal sensory?, chemosensory?, mechanosensory?). Located in head. Born from AB lineage: AB arapppppp for IL2VR. Neurons of inner labial sensilla with ciliated endings without rootlets. IL2 dendrite ending protrudes through hole in socket cell to outside, suggesting chemosensory function. Stain with DiI/Ca Acetate, DiO, Di4ANEPPS and RH421 (Burket et al., 2006; Mille and Shakes, 1995). Although six IL2 neurons have similar gross structure and express many same genes, lateral IL2s display different neuronal connectivity and morphology than quadrant (dorsal & ventral) ones (Wang et al., 2010; MoW). Display neuroplasticity and stage-specific remodeling: dorsal and ventral IL2s undergo significant dendrite arborization and axon remodeling during dauer development (much less striking in lateral IL2s); when dauer larvae return to favorable conditions, dendritic arbors retract leaving remnant branches in postdauer L4 and adult animals (Schroeder et al., 2013). Use acetylcholine and unknown monoamine as neurotransmitters (not glutamatergic as earlier reports suggested) (Wang et al., 2024; Zhang et al., 2014; Loer and Rand, 2022; Duerr et al., 2008; Serrano-Saiz et al., 2013; Lee et al., 1999). Express receptors DES-2 (nicotinic acetylcholine receptor alpha subunit), NPR-1 (neuropeptide Y receptor-like, in IL2L/R), and innexins CHE-7 (dauer only), INX-1a, INX-1b, INX-2, INX-10a, INX-11, INX-14, INX-18 (IL2L/R only), UNC-7, UNC-9 (Coates and de Bono, 2002; Treinin et al., 2001; Altun et al., 2009; Bhattacharya et al., 2019). Regulate nictation, a dispersal behavior seen in dauer larvae; intact IL2 cilia and cholinergic transmission in IL2 neurons required for this function (Lee et al., 2012). Targeted activation of IL2 neurons in non-dauers does not induce nictation, possibly since IL2 neurons undergo significant structural change at dauer stage which may be required for behavior control (Albert and Riddle, 1983). Important model for understanding neuroplasticity, dauer-specific structural remodeling, and stage-specific behaviors.",Unknown - function not yet characterized in this dataset,IL2VR; il2vr; IL2VR,Located in the nervous system,,,https://wormbase.org/species/all/anatomy_term/WBbt:0004537,WormFindr Information Cards (Nov 2024),[Imported from WormFindr],review,,
ILshDL,ILshDL cell,ILshDL,cell,,WBbt:0004533,c-elegans,NCBITaxon:6239,L1,hermaphrodite,ILshDL is a glia cell in the nervous system of C. elegans. Dorsal left inner-labial sheath cell. Wraps around ciliated endings of IL1DL and IL2DL. Embryonic lineage: ABalaaaparr,Unknown - function not yet characterized in this dataset,ILshDL; ilshdl; ILSHDL,Located in the nervous system,,,https://wormbase.org/species/all/anatomy_term/WBbt:0004533,WormFindr Information Cards (Nov 2024),[Imported from WormFindr],review,,
ILshDR,ILshDR cell,ILshDR,cell,,WBbt:0004531,c-elegans,NCBITaxon:6239,L1,hermaphrodite,ILshDR is a glia cell in the nervous system of C. elegans. Dorsal right inner-labial sheath cell. Wraps around ciliated endings of IL1DR and IL2DR. Embryonic lineage: ABalaaappll,Unknown - function not yet characterized in this dataset,ILshDR; ilshdr; ILSHDR,Located in the nervous system,,,https://wormbase.org/species/all/anatomy_term/WBbt:0004531,WormFindr Information Cards (Nov 2024),[Imported from WormFindr],review,,
ILshL,ILshL cell,ILshL,cell,,WBbt:0004529,c-elegans,NCBITaxon:6239,L1,hermaphrodite,ILshL is a glia cell in the nervous system of C. elegans. Right lateral inner-labial sheath cell. Wraps around ciliated endings of IL1R and IL2R. Embryonic lineage: ABalaaaalpp,Unknown - function not yet characterized in this dataset,ILshL; ilshl; ILSHL,Located in the nervous system,,,https://wormbase.org/species/all/anatomy_term/WBbt:0004529,WormFindr Information Cards (Nov 2024),[Imported from WormFindr],review,,
ILshR,ILshR cell,ILshR,cell,,WBbt:0004531,c-elegans,NCBITaxon:6239,L1,hermaphrodite,ILshR is a glia cell in the nervous system of C. elegans. Left lateral inner-labial sheath cell. Wraps around ciliated endings of IL1L and IL2L. Embryonic lineage: ABalaaappll,Unknown - function not yet characterized in this dataset,ILshR; ilshr; ILSHR,Located in the nervous system,,,https://wormbase.org/species/all/anatomy_term/WBbt:0004527,WormFindr Information Cards (Nov 2024),[Imported from WormFindr],review,,
ILshVL,ILshVL cell,ILshVL,cell,,WBbt:0004525,c-elegans,NCBITaxon:6239,L1,hermaphrodite,ILshVL is a glia cell in the nervous system of C. elegans. Ventral left inner-labial sheath cell. Wraps around ciliated endings of IL1VL and IL2VL. Embryonic lineage: ABalppapaap,Unknown - function not yet characterized in this dataset,ILshVL; ilshvl; ILSHVL,Located in the nervous system,,,https://wormbase.org/species/all/anatomy_term/WBbt:0004525,WormFindr Information Cards (Nov 2024),[Imported from WormFindr],review,,
ILshVR,ILshVR cell,ILshVR,cell,,WBbt:0004523,c-elegans,NCBITaxon:6239,L1,hermaphrodite,ILshVR is a glia cell in the nervous system of C. elegans. Ventral right inner-labial sheath cell. Wraps around ciliated endings of IL1VR and IL2VR. Embryonic lineage: ABarapppaap,Unknown - function not yet characterized in this dataset,ILshVR; ilshvr; ILSHVR,Located in the nervous system,,,https://wormbase.org/species/all/anatomy_term/WBbt:0004523,WormFindr Information Cards (Nov 2024),[Imported from WormFindr],review,,
ILsoDL,ILsoDL cell,ILsoDL,cell,,WBbt:0004521,c-elegans,NCBITaxon:6239,L1,hermaphrodite,ILsoDL is a glia cell in the nervous system of C. elegans. Dorsal left inner labial socket cell. Wraps around distal tips of IL1DLand IL2DL. Embryonic lineage: ABplaapaaap,Unknown - function not yet characterized in this dataset,ILsoDL; ilsodl; ILSODL,Located in the nervous system,,,https://wormbase.org/species/all/anatomy_term/WBbt:0004521,WormFindr Information Cards (Nov 2024),[Imported from WormFindr],review,,
ILsoDR,ILsoDR cell,ILsoDR,cell,,WBbt:0004519,c-elegans,NCBITaxon:6239,L1,hermaphrodite,ILsoDR is a glia cell in the nervous system of C. elegans. Dorsal right inner labial socket cell. Wraps around distal tips of IL1DR and IL2DR. Embryonic lineage: ABpraapaaap,Unknown - function not yet characterized in this dataset,ILsoDR; ilsodr; ILSODR,Located in the nervous system,,,https://wormbase.org/species/all/anatomy_term/WBbt:0004519,WormFindr Information Cards (Nov 2024),[Imported from WormFindr],review,,
ILsoL,ILsoL cell,ILsoL,cell,,WBbt:0004518,c-elegans,NCBITaxon:6239,L1,hermaphrodite,ILsoL is a glia cell in the nervous system of C. elegans. Left inner labial socket cell. Wraps around distal tips of IL1L and IL2L. Embryonic lineage: ABalaaapall,Unknown - function not yet characterized in this dataset,ILsoL; ilsol; ILSOL,Located in the nervous system,,,https://wormbase.org/species/all/anatomy_term/WBbt:0004518,WormFindr Information Cards (Nov 2024),[Imported from WormFindr],review,,
ILsoR,ILsoR cell,ILsoR,cell,,WBbt:0004517,c-elegans,NCBITaxon:6239,L1,hermaphrodite,ILsoR is a glia cell in the nervous system of C. elegans. Right inner labial socket cell. Wraps around distal tips of IL1R and IL2R. Embryonic lineage: ABalaaapprr,Unknown - function not yet characterized in this dataset,ILsoR; ilsor; ILSOR,Located in the nervous system,,,https://wormbase.org/species/all/anatomy_term/WBbt:0004517,WormFindr Information Cards (Nov 2024),[Imported from WormFindr],review,,
ILsoVL,ILsoVL cell,ILsoVL,cell,,WBbt:0004503,c-elegans,NCBITaxon:6239,L1,hermaphrodite,ILsoVL is a glia cell in the nervous system of C. elegans. Ventral left inner labial socket cell. Wraps around distal tips of IL1VL and IL2VL. Embryonic lineage: ABalppapapp,Unknown - function not yet characterized in this dataset,ILsoVL; ilsovl; ILSOVL,Located in the nervous system,,,https://wormbase.org/species/all/anatomy_term/WBbt:0004503,WormFindr Information Cards (Nov 2024),[Imported from WormFindr],review,,
ILsoVR,ILsoVR cell,ILsoVR,cell,,WBbt:000450,c-elegans,NCBITaxon:6239,L1,hermaphrodite,ILsoVR is a glia cell in the nervous system of C. elegans. Ventral left inner labial socket cell. Wraps around distal tips of IL1VL and IL2VL. Embryonic lineage: ABarapppapp,Unknown - function not yet characterized in this dataset,ILsoVR; ilsovr; ILSOVR,Located in the nervous system,,,https://wormbase.org/species/all/anatomy_term/WBbt:0004501,WormFindr Information Cards (Nov 2024),[Imported from WormFindr],review,,
int-ring-1,Intestinal ring 1,int ring 1,cell-group,intestine,,c-elegans,NCBITaxon:6239,all,hermaphrodite,Intestinal ring 1 (int ring I) is a group of intestinal cells forming the 1st ring of the C. elegans intestine.,,int ring I; intestinal ring I; int1 ring,,,IntFIG3,,WormAtlas IntFIG3 cataloguing,[to fill],draft,,
int-ring-2,Intestinal ring 2,int ring 2,cell-group,intestine,,c-elegans,NCBITaxon:6239,all,hermaphrodite,Intestinal ring 2 (int ring II) is a group of intestinal cells forming the 2nd ring of the C. elegans intestine.,,int ring II; intestinal ring II; int2 ring,,,IntFIG3,,WormAtlas IntFIG3 cataloguing,[to fill],draft,,
int-ring-3,Intestinal ring 3,int ring 3,cell-group,intestine,,c-elegans,NCBITaxon:6239,all,hermaphrodite,Intestinal ring 3 (int ring III) is a group of intestinal cells forming the 3rd ring of the C. elegans intestine.,,int ring III; intestinal ring III; int3 ring,,,IntFIG3,,WormAtlas IntFIG3 cataloguing,[to fill],draft,,
int-ring-4,Intestinal ring 4,int ring 4,cell-group,intestine,,c-elegans,NCBITaxon:6239,all,hermaphrodite,Intestinal ring 4 (int ring IV) is a group of intestinal cells forming the 4th ring of the C. elegans intestine.,,int ring IV; intestinal ring IV; int4 ring,,,IntFIG3,,WormAtlas IntFIG3 cataloguing,[to fill],draft,,
int-ring-5,Intestinal ring 5,int ring 5,cell-group,intestine,,c-elegans,NCBITaxon:6239,all,hermaphrodite,Intestinal ring 5 (int ring V) is a group of intestinal cells forming the 5th ring of the C. elegans intestine.,,int ring V; intestinal ring V; int5 ring,,,IntFIG3,,WormAtlas IntFIG3 cataloguing,[to fill],draft,,
int-ring-6,Intestinal ring 6,int ring 6,cell-group,intestine,,c-elegans,NCBITaxon:6239,all,hermaphrodite,Intestinal ring 6 (int ring VI) is a group of intestinal cells forming the 6th ring of the C. elegans intestine.,,int ring VI; intestinal ring VI; int6 ring,,,IntFIG3,,WormAtlas IntFIG3 cataloguing,[to fill],draft,,
int-ring-7,Intestinal ring 7,int ring 7,cell-group,intestine,,c-elegans,NCBITaxon:6239,all,hermaphrodite,Intestinal ring 7 (int ring VII) is a group of intestinal cells forming the 7th ring of the C. elegans intestine.,,int ring VII; intestinal ring VII; int7 ring,,,IntFIG3,,WormAtlas IntFIG3 cataloguing,[to fill],draft,,
int-ring-8,Intestinal ring 8,int ring 8,cell-group,intestine,,c-elegans,NCBITaxon:6239,all,hermaphrodite,Intestinal ring 8 (int ring VIII) is a group of intestinal cells forming the 8th ring of the C. elegans intestine.,,int ring VIII; intestinal ring VIII; int8 ring,,,IntFIG3,,WormAtlas IntFIG3 cataloguing,[to fill],draft,,
int-ring-9,Intestinal ring 9,int ring 9,cell-group,intestine,,c-elegans,NCBITaxon:6239,all,hermaphrodite,Intestinal ring 9 (int ring IX) is a group of intestinal cells forming the 9th ring of the C. elegans intestine.,,int ring IX; intestinal ring IX; int9 ring,,,IntFIG3,,WormAtlas IntFIG3 cataloguing,[to fill],draft,,
int1DL,"Intestinal ring I, dorsal left cell",int1DL,cell,intestine,WBbt:0004361,c-elegans,NCBITaxon:6239,adult,hermaphrodite,"int1DL is a large epithelial cell that forms part of the dorsal wall of the first intestinal ring. This cell is one of four cells comprising the anteriormost intestinal ring, positioned immediately posterior to the pharyngeal-intestinal valve. The cell has an apical surface with microvilli facing the intestinal lumen and a basal surface covered by basal lamina. Embryonic lineage: Ealaad","Digestion of food materials, absorption of processed nutrients, synthesis and storage of macromolecules including yolk proteins, secretion of digestive enzymes into the intestinal lumen",int 1DL; int1 DL; intestinal cell 1 dorsal left; first intestinal ring dorsal left,"Located in anteriormost intestine on left dorsal side, immediately posterior to pharyngeal-intestinal valve",Large cuboidal cell with prominent nucleus,"IntFIG1, IntFIG2, IntFIG5",https://wormbase.org/species/all/anatomy_term/WBbt:0004361,WormAtlas Hermaphrodite Intestine page,[Your Name],validated,What is the function of int1DL? Where is int1DL located? What structures are visible in int1DL? What genes are expressed in int1DL?,"digestion, nutrient absorption, apical-basal polarity, microvilli, gut granules, yolk production"
int1DR,in1DR cell,in1DR,cell,intestine,WBbt:0004356,c-elegans,NCBITaxon:6239,adult,hermaphrodite,"int1DR is an epithelial cell in the alimentary system of C. elegans; the dorsal right cell of the first intestinal ring, one of the four cells (int1DL, int1DR, int1VL, int1VR) that form the anteriormost intestinal ring. Embryonic lineage: Earaad",Unknown - function not yet characterized in this dataset,int1DR; int1dr; INT1DR,"Located in the alimentary system. Anteriormost intestine, right dorsal side.",,IntFIG3,https://wormbase.org/species/all/anatomy_term/WBbt:0004356,WormAtlas IntFIG3 cataloguing,[CC],review,,
int1VL,int1VL cell,int1VL,cell,intestine,WBbt:0004360,c-elegans,NCBITaxon:6239,L1,hermaphrodite,int1VL is a epithelial cell in the alimentary system of C. elegans. Ventral left cell in first intestinal ring. Embryonic lineage: Ealaav,Unknown - function not yet characterized in this dataset,int1VL; int1vl; INT1VL,Located in the alimentary system,,,https://wormbase.org/species/all/anatomy_term/WBbt:0004360,WormFindr Information Cards (Nov 2024),[Imported from WormFindr],review,,
int1VR,int1VR cell,int1VR,cell,intestine,WBbt:0004355,c-elegans,NCBITaxon:6239,L1,hermaphrodite,int1VR is a epithelial cell in the alimentary system of C. elegans. Ventral right cell in first intestinal ring. Embryonic lineage: Earaav,Unknown - function not yet characterized in this dataset,int1VR; int1vr; INT1VR,Located in the alimentary system,,,https://wormbase.org/species/all/anatomy_term/WBbt:0004355,WormFindr Information Cards (Nov 2024),[Imported from WormFindr],review,,
int2D,int2D cell,int2D,cell,intestine,WBbt:0004353,c-elegans,NCBITaxon:6239,L1,hermaphrodite,int2D is a epithelial cell in the alimentary system of C. elegans. Dorsal cell in second intestinal ring. Embryonic lineage: Earpa,Unknown - function not yet characterized in this dataset,int2D; int2d; INT2D,Located in the alimentary system,,,https://wormbase.org/species/all/anatomy_term/WBbt:0004353,WormFindr Information Cards (Nov 2024),[Imported from WormFindr],review,,
int2V,int2V cell,int2V,cell,intestine,WBbt:0004358,c-elegans,NCBITaxon:6239,L1,hermaphrodite,int2V is a epithelial cell in the alimentary system of C. elegans. Ventral cell in second intestinal ring. Embryonic lineage: Ealpa,Unknown - function not yet characterized in this dataset,int2V; int2v; INT2V,Located in the alimentary system,,,https://wormbase.org/species/all/anatomy_term/WBbt:0004358,WormFindr Information Cards (Nov 2024),[Imported from WormFindr],review,,
int3D,int3D cell,int3D,cell,intestine,WBbt:0008225,c-elegans,NCBITaxon:6239,L1,hermaphrodite,"int3D is a epithelial cell in the alimentary system of C. elegans. Binucleated dorsal cell in third intestinal ring. Post-embryonic lineage: Earapa, Earapp",Unknown - function not yet characterized in this dataset,int3D; int3d; INT3D,Located in the alimentary system,,,https://wormbase.org/species/all/anatomy_term/WBbt:0008225,WormFindr Information Cards (Nov 2024),[Imported from WormFindr],review,,
int3V,int3V cell,int3V,cell,intestine,WBbt:0008226,c-elegans,NCBITaxon:6239,L1,hermaphrodite,"int3V is a epithelial cell in the alimentary system of C. elegans. Binucleated ventralcell in third intestinal ring. Post-embryonic lineage: Ealapa, Ealapp",Unknown - function not yet characterized in this dataset,int3V; int3v; INT3V,Located in the alimentary system,,,https://wormbase.org/species/all/anatomy_term/WBbt:0008226,WormFindr Information Cards (Nov 2024),[Imported from WormFindr],review,,
int4D,int4D cell,int4D,cell,intestine,WBbt:0008227,c-elegans,NCBITaxon:6239,L1,hermaphrodite,"int4D is a epithelial cell in the alimentary system of C. elegans. Binucleated dorsal cell in fourth intestinal ring. Post-embryonic lineage: Epraaa, Epraap",Unknown - function not yet characterized in this dataset,int4D; int4d; INT4D,Located in the alimentary system,,,https://wormbase.org/species/all/anatomy_term/WBbt:0008227,WormFindr Information Cards (Nov 2024),[Imported from WormFindr],review,,
int4V,int4V cell,int4V,cell,intestine,WBbt:0008228,c-elegans,NCBITaxon:6239,L1,hermaphrodite,"int4V is a epithelial cell in the alimentary system of C. elegans. Binucleated ventral cell in fourth intestinal ring. Post-embryonic lineage: Eplaaa, Eplaap",Unknown - function not yet characterized in this dataset,int4V; int4v; INT4V,Located in the alimentary system,,,https://wormbase.org/species/all/anatomy_term/WBbt:0008228,WormFindr Information Cards (Nov 2024),[Imported from WormFindr],review,,
int5L,int5L cell,int5L,cell,intestine,WBbt:0008229,c-elegans,NCBITaxon:6239,L1,hermaphrodite,"int5L is a epithelial cell in the alimentary system of C. elegans. Binucleated left cell in fifth intestinal ring. Post-embryonic lineage: Ealppa, Ealppp",Unknown - function not yet characterized in this dataset,int5L; int5l; INT5L,Located in the alimentary system,,,https://wormbase.org/species/all/anatomy_term/WBbt:0008229,WormFindr Information Cards (Nov 2024),[Imported from WormFindr],review,,
int5R,int5R cell,int5R,cell,intestine,WBbt:0008230,c-elegans,NCBITaxon:6239,L1,hermaphrodite,"int5R is a epithelial cell in the alimentary system of C. elegans. Binucleated right cell in fifth intestinal ring. Post-embryonic lineage: Earppa, Earppp",Unknown - function not yet characterized in this dataset,int5R; int5r; INT5R,Located in the alimentary system,,,https://wormbase.org/species/all/anatomy_term/WBbt:0008230,WormFindr Information Cards (Nov 2024),[Imported from WormFindr],review,,
int6L,int6L cell,int6L,cell,intestine,WBbt:0008231,c-elegans,NCBITaxon:6239,L1,hermaphrodite,"int6L is a epithelial cell in the alimentary system of C. elegans. Binucleated left cell in sixth intestinal ring. Post-embryonic lineage: Eplapa, Eplapp",Unknown - function not yet characterized in this dataset,int6L; int6l; INT6L,Located in the alimentary system,,,https://wormbase.org/species/all/anatomy_term/WBbt:0008231,WormFindr Information Cards (Nov 2024),[Imported from WormFindr],review,,
int6R,int6R cell,int6R,cell,intestine,WBbt:0008232,c-elegans,NCBITaxon:6239,L1,hermaphrodite,"int6R is a epithelial cell in the alimentary system of C. elegans. Binucleated right cell in sixth intestinal ring. Post-embryonic lineage: Eprapa, Eprapp",Unknown - function not yet characterized in this dataset,int6R; int6r; INT6R,Located in the alimentary system,,,https://wormbase.org/species/all/anatomy_term/WBbt:0008232,WormFindr Information Cards (Nov 2024),[Imported from WormFindr],review,,
int7L,int7L cell,int7L,cell,intestine,WBbt:0008233,c-elegans,NCBITaxon:6239,L1,hermaphrodite,"int7L is a epithelial cell in the alimentary system of C. elegans. Binucleated left cell in seventh intestinal ring. Post-embryonic lineage: Eplpaa, Eplpap",Unknown - function not yet characterized in this dataset,int7L; int7l; INT7L,Located in the alimentary system,,,https://wormbase.org/species/all/anatomy_term/WBbt:0008233,WormFindr Information Cards (Nov 2024),[Imported from WormFindr],review,,
int7R,int7R cell,int7R,cell,intestine,WBbt:0008234,c-elegans,NCBITaxon:6239,L1,hermaphrodite,"int7R is a epithelial cell in the alimentary system of C. elegans. Binucleated right cell in seventh intestinal ring. Post-embryonic lineage: Eprpaa, Eprpap",Unknown - function not yet characterized in this dataset,int7R; int7r; INT7R,Located in the alimentary system,,,https://wormbase.org/species/all/anatomy_term/WBbt:0008234,WormFindr Information Cards (Nov 2024),[Imported from WormFindr],review,,
int8L,int8L cell,int8L,cell,intestine,WBbt:0008235,c-elegans,NCBITaxon:6239,L1,hermaphrodite,"int8L is a epithelial cell in the alimentary system of C. elegans. Binucleated left cell in eighth intestinal ring. Post-embryonic lineage: Eplppaa, Eplppap",Unknown - function not yet characterized in this dataset,int8L; int8l; INT8L,Located in the alimentary system,,,https://wormbase.org/species/all/anatomy_term/WBbt:0008235,WormFindr Information Cards (Nov 2024),[Imported from WormFindr],review,,
int8R,int8R cell,int8R,cell,intestine,WBbt:0008236,c-elegans,NCBITaxon:6239,L1,hermaphrodite,"int8R is a epithelial cell in the alimentary system of C. elegans. Binucleated right cell in eighth intestinal ring. Post-embryonic lineage: Eprppaa, Eprppap",Unknown - function not yet characterized in this dataset,int8R; int8r; INT8R,Located in the alimentary system,,,https://wormbase.org/species/all/anatomy_term/WBbt:0008236,WormFindr Information Cards (Nov 2024),[Imported from WormFindr],review,,
int9L,int9L cell,int9L,cell,intestine,WBbt:0008237,c-elegans,NCBITaxon:6239,L1,hermaphrodite,"int9L is a epithelial cell in the alimentary system of C. elegans. Binucleated left cell in ninth intestinal ring. Post-embryonic lineage: Eplpppa, Eplpppp",Unknown - function not yet characterized in this dataset,int9L; int9l; INT9L,Located in the alimentary system,,,https://wormbase.org/species/all/anatomy_term/WBbt:0008237,WormFindr Information Cards (Nov 2024),[Imported from WormFindr],review,,
int9R,int9R cell,int9R,cell,intestine,WBbt:0008238,c-elegans,NCBITaxon:6239,L1,hermaphrodite,"int9R is a epithelial cell in the alimentary system of C. elegans. Binucleated right cell in ninth intestinal ring. Post-embryonic lineage: Eprpppa, Eprpppp",Unknown - function not yet characterized in this dataset,int9R; int9r; INT9R,Located in the alimentary system,,,https://wormbase.org/species/all/anatomy_term/WBbt:0008238,WormFindr Information Cards (Nov 2024),[Imported from WormFindr],review,,
intestine,Intestine,intestine,organ,alimentary-system,WBbt:0005772,c-elegans,NCBITaxon:6239,all,hermaphrodite,"The intestine is a large organ comprising roughly one-third of the total somatic mass in C. elegans. It is composed of 20 large epithelial cells arranged as nine intestinal rings forming a tube around a central lumen. The intestine runs from the pharyngeal-intestinal valve anteriorly to the rectum posteriorly, displaying characteristic dextral handedness.","Primary site of digestion and nutrient absorption, storage of energy reserves as lipids and glycogen, synthesis of yolk proteins for oocyte development, innate immune response to pathogens, detoxification of harmful compounds",gut; alimentary canal posterior to pharynx; int,"From pharyngeal-intestinal valve to intestino-rectal valve, running parallel to gonad","Tubular organ, approximately 250-300 μm in length in adult hermaphrodite","IntFIG1, IntFIG2, IntFIG3",https://wormbase.org/species/all/anatomy_term/WBbt:0005772,WormAtlas Hermaphrodite Intestine page,[Your Name],validated,What is the function of the intestine? How does the intestine develop? Why does the intestine show left-right asymmetry? What genes regulate intestinal development?,"digestion, nutrient absorption, development, morphogenesis, left-right asymmetry, immunity, metabolism"
K.a,K.a cell,K.a,cell,,WBbt:0004495,c-elegans,NCBITaxon:6239,L1,hermaphrodite,K.a is a epithelial cell in the alimentary system of C. elegans. Epithelial cell dorsal of rectum. Post-embryonic lineage: K.a,Unknown - function not yet characterized in this dataset,K.a; k.a; K.A,Located in the alimentary system,,,https://wormbase.org/species/all/anatomy_term/WBbt:0004495,WormFindr Information Cards (Nov 2024),[Imported from WormFindr],review,,
K',K' cell,K',cell,,WBbt:0004497,c-elegans,NCBITaxon:6239,L1,hermaphrodite,K' is a epithelial cell in the alimentary system of C. elegans. Epithelial cell dorsal of rectum. Embryonic lineage: ABplpapppap,Unknown - function not yet characterized in this dataset,K'; k'; K',Located in the alimentary system,,,https://wormbase.org/species/all/anatomy_term/WBbt:0004497,WormFindr Information Cards (Nov 2024),[Imported from WormFindr],review,,
LUAL,LUAL cell,LUAL,cell,,WBbt:0004493,c-elegans,NCBITaxon:6239,L1,hermaphrodite,LUAL is a neuron cell in the nervous system of C. elegans. Interneuron  located in left lumbar ganglion. Sends anterior process into preanal ganglion. Embryonic lineage: ABplpppaapap,Unknown - function not yet characterized in this dataset,LUAL; lual; LUAL,Located in the nervous system,,,https://wormbase.org/species/all/anatomy_term/WBbt:0004493,WormFindr Information Cards (Nov 2024),[Imported from WormFindr],review,,
LUAR,LUAR cell,LUAR,cell,,WBbt:0004491,c-elegans,NCBITaxon:6239,L1,hermaphrodite,LUAR is a neuron cell in the nervous system of C. elegans. Interneuron  located in right lumbar ganglion. Sends anterior process into preanal ganglion. Embryonic lineage: ABprpppaapap,Unknown - function not yet characterized in this dataset,LUAR; luar; LUAR,Located in the nervous system,,,https://wormbase.org/species/all/anatomy_term/WBbt:0004491,WormFindr Information Cards (Nov 2024),[Imported from WormFindr],review,,
M1,M1 cell,M1,cell,,WBbt:0004488,c-elegans,NCBITaxon:6239,L1,hermaphrodite,M1 is a neuron cell in the alimentary system of C. elegans. Motor neuron with cell body located in dorsal sector of metacorpus. Embryonic lineage: MSpaapaaa,Unknown - function not yet characterized in this dataset,M1; m1; M1,Located in the alimentary system,,,https://wormbase.org/species/all/anatomy_term/WBbt:0004488,WormFindr Information Cards (Nov 2024),[Imported from WormFindr],review,,
M2L,M2L cell,M2L,cell,,WBbt:0004487,c-elegans,NCBITaxon:6239,L1,hermaphrodite,M2L is a neuron cell in the alimentary system of C. elegans. Motor neuron with cell body located in left subventral sector of terminal bulb. Embryonic lineage: ABaraapappa,Unknown - function not yet characterized in this dataset,M2L; m2l; M2L,Located in the alimentary system,,,https://wormbase.org/species/all/anatomy_term/WBbt:0004487,WormFindr Information Cards (Nov 2024),[Imported from WormFindr],review,,
M2R,M2R cell,M2R,cell,,WBbt:0004473,c-elegans,NCBITaxon:6239,L1,hermaphrodite,M2R is a neuron cell in the alimentary system of C. elegans. Motor neuron with cell body located in right subventral sector of terminal bulb. Embryonic lineage: ABaraappppa,Unknown - function not yet characterized in this dataset,M2R; m2r; M2R,Located in the alimentary system,,,https://wormbase.org/species/all/anatomy_term/WBbt:0004473,WormFindr Information Cards (Nov 2024),[Imported from WormFindr],review,,
M3L,M3L cell,M3L,cell,,WBbt:0004471,c-elegans,NCBITaxon:6239,L1,hermaphrodite,M3L is a neuron cell in the alimentary system of C. elegans. Neuron with cell body located in left subventral sector of metacorpus. Embryonic lineage: ABaraapappp,Unknown - function not yet characterized in this dataset,M3L; m3l; M3L,Located in the alimentary system,,,https://wormbase.org/species/all/anatomy_term/WBbt:0004471,WormFindr Information Cards (Nov 2024),[Imported from WormFindr],review,,
M3R,M3R cell,M3R,cell,,WBbt:0004469,c-elegans,NCBITaxon:6239,L1,hermaphrodite,M3R is a neuron cell in the alimentary system of C. elegans. Neuron with cell body located in right subventral sector of metacorpus. Embryonic lineage: ABaraappppp,Unknown - function not yet characterized in this dataset,M3R; m3r; M3R,Located in the alimentary system,,,https://wormbase.org/species/all/anatomy_term/WBbt:0004469,WormFindr Information Cards (Nov 2024),[Imported from WormFindr],review,,
M4,M4 cell,M4,cell,,WBbt:0004467,c-elegans,NCBITaxon:6239,L1,hermaphrodite,M4 is a neuron cell in the alimentary system of C. elegans. Motor neuron with cell body located in dorsal sector of metacorpus. Embryonic lineage: MSpaaaaaa,Unknown - function not yet characterized in this dataset,M4; m4; M4,Located in the alimentary system,,,https://wormbase.org/species/all/anatomy_term/WBbt:0004467,WormFindr Information Cards (Nov 2024),[Imported from WormFindr],review,,
M5,M5 cell,M5,cell,,WBbt:0004465,c-elegans,NCBITaxon:6239,L1,hermaphrodite,M5 is a neuron cell in the alimentary system of C. elegans. Motor neuron with cell body located in left subdorsal sector of metacorpus. Embryonic lineage: MSpaaapap,Unknown - function not yet characterized in this dataset,M5; m5; M5,Located in the alimentary system,,,https://wormbase.org/species/all/anatomy_term/WBbt:0004465,WormFindr Information Cards (Nov 2024),[Imported from WormFindr],review,,
mc1DL,MC1DL cell,MC1DL,cell,PENDING-pharynx,WBbt:0004301,c-elegans,NCBITaxon:6239,L1,hermaphrodite,MC1DL is a epithelial cell in the alimentary system of C. elegans. Marginal cell located in dorsal left sector of pharyngeal corpus. Embryonic lineage: ABalpaapapa,Unknown - function not yet characterized in this dataset,MC1DL; mc1dl; MC1DL; mc1DL,Located in the alimentary system,,,https://wormbase.org/species/all/anatomy_term/WBbt:0004301,WormFindr Information Cards (Nov 2024),[Imported from WormFindr],review,,
mc1DR,MC1DR cell,MC1DR,cell,PENDING-pharynx,WBbt:0004300,c-elegans,NCBITaxon:6239,L1,hermaphrodite,MC1DR is a epithelial cell in the alimentary system of C. elegans. Marginal cell located in dorsal right sector of pharyngeal corpus. Embryonic lineage: ABaraaapapa,Unknown - function not yet characterized in this dataset,MC1DR; mc1dr; MC1DR; mc1DR,Located in the alimentary system,,,https://wormbase.org/species/all/anatomy_term/WBbt:0004300,WormFindr Information Cards (Nov 2024),[Imported from WormFindr],review,,
mc1V,MC1V cell,MC1V,cell,PENDING-pharynx,WBbt:0004299,c-elegans,NCBITaxon:6239,L1,hermaphrodite,MC1V is a epithelial cell in the alimentary system of C. elegans. Marginal cell located in ventral sector of pharyngeal corpus. Embryonic lineage: ABalpappppa,Unknown - function not yet characterized in this dataset,MC1V; mc1v; MC1V; mc1V,Located in the alimentary system,,,https://wormbase.org/species/all/anatomy_term/WBbt:0004299,WormFindr Information Cards (Nov 2024),[Imported from WormFindr],review,,
mc2DL,MC2DL cell,MC2DL,cell,PENDING-pharynx,WBbt:0004298,c-elegans,NCBITaxon:6239,L1,hermaphrodite,MC2DL is a epithelial cell in the alimentary system of C. elegans. Marginal cell located in dorsal left sector of pharyngeal isthmus. Embryonic lineage: ABaraapaapp,Unknown - function not yet characterized in this dataset,MC2DL; mc2dl; MC2DL; mc2DL,Located in the alimentary system,,,https://wormbase.org/species/all/anatomy_term/WBbt:0004298,WormFindr Information Cards (Nov 2024),[Imported from WormFindr],review,,
mc2DR,MC2DR cell,MC2DR,cell,PENDING-pharynx,WBbt:0004297,c-elegans,NCBITaxon:6239,L1,hermaphrodite,MC2DR is a epithelial cell in the alimentary system of C. elegans. Marginal cell located in dorsal right sector of pharyngeal isthmus. Embryonic lineage: ABaraappapp,Unknown - function not yet characterized in this dataset,MC2DR; mc2dr; MC2DR; mc2DR,Located in the alimentary system,,,https://wormbase.org/species/all/anatomy_term/WBbt:0004297,WormFindr Information Cards (Nov 2024),[Imported from WormFindr],review,,
mc2V,MC2V cell,MC2V,cell,PENDING-pharynx,WBbt:0004296,c-elegans,NCBITaxon:6239,L1,hermaphrodite,MC2V is a epithelial cell in the alimentary system of C. elegans. Marginal cell located in ventral sector of pharyngeal isthmus. Embryonic lineage: ABarapapppa,Unknown - function not yet characterized in this dataset,MC2V; mc2v; MC2V; mc2V,Located in the alimentary system,,,https://wormbase.org/species/all/anatomy_term/WBbt:0004296,WormFindr Information Cards (Nov 2024),[Imported from WormFindr],review,,
mc3,MC3 cell,MC3,cell-group,PENDING-pharynx,WBbt:0003707,c-elegans,NCBITaxon:6239,L1,hermaphrodite,"MC3 is a epithelial cell in the alimentary system of C. elegans. Multinucleated marginal cell located in terminal bulb. Embryonic lineage: MSaaapapa, MSpaapapa, ABalpappapp",Unknown - function not yet characterized in this dataset,MC3; mc3; MC3,Located in the alimentary system,,,https://wormbase.org/species/all/anatomy_term/WBbt:0003707,WormFindr Information Cards (Nov 2024),[Imported from WormFindr],review,,
mc3DL,MC3DL cell,MC3DL,cell,PENDING-pharynx,,c-elegans,NCBITaxon:6239,L1,hermaphrodite,"MC3DL is a pharyngeal marginal cell of the alimentary system in C. elegans, located in the dorsal left sector of the terminal bulb; one of the three cells comprising the mc3 marginal cell group.",Unknown - function not yet characterized in this dataset,MC3DL; mc3dl; MC3DL; mc3DL,Located in the alimentary system,,PhaFIG1,,PhaFIG1 cataloguing (Aug 2026),[PhaFIG1 cataloguing - draft],draft,,
mc3DR,MC3DR cell,MC3DR,cell,PENDING-pharynx,,c-elegans,NCBITaxon:6239,L1,hermaphrodite,"MC3DR is a pharyngeal marginal cell of the alimentary system in C. elegans, located in the dorsal right sector of the terminal bulb; one of the three cells comprising the mc3 marginal cell group.",Unknown - function not yet characterized in this dataset,MC3DR; mc3dr; MC3DR; mc3DR,Located in the alimentary system,,PhaFIG1,,PhaFIG1 cataloguing (Aug 2026),[PhaFIG1 cataloguing - draft],draft,,
mc3V,MC3V cell,MC3V,cell,PENDING-pharynx,,c-elegans,NCBITaxon:6239,L1,hermaphrodite,"MC3V is a pharyngeal marginal cell of the alimentary system in C. elegans, located in the ventral sector of the terminal bulb; one of the three cells comprising the mc3 marginal cell group.",Unknown - function not yet characterized in this dataset,MC3V; mc3v; MC3V; mc3V,Located in the alimentary system,,PhaFIG1,,PhaFIG1 cataloguing (Aug 2026),[PhaFIG1 cataloguing - draft],draft,,
MCL,MCL cell,MCL,cell,,WBbt:0004463,c-elegans,NCBITaxon:6239,L1,hermaphrodite,MCL is a neuron cell in the alimentary system of C. elegans. Motor neuron located in left subventral sector of metacorpus with putative proprioceptive endings. Embryonic lineage: ABalpaaappp,Unknown - function not yet characterized in this dataset,MCL; mcl; MCL,Located in the alimentary system,,,https://wormbase.org/species/all/anatomy_term/WBbt:0004463,WormFindr Information Cards (Nov 2024),[Imported from WormFindr],review,,
MCR,MCR cell,MCR,cell,,WBbt:0004461,c-elegans,NCBITaxon:6239,L1,hermaphrodite,MCR is a neuron cell in the alimentary system of C. elegans. Motor neuron located in right subventral sector of metacorpus with putative proprioceptive endings. Embryonic lineage: ABarapaappp,Unknown - function not yet characterized in this dataset,MCR; mcr; MCR,Located in the alimentary system,,,https://wormbase.org/species/all/anatomy_term/WBbt:0004461,WormFindr Information Cards (Nov 2024),[Imported from WormFindr],review,,
MI,MI cell,MI,cell,,WBbt:0003664,c-elegans,NCBITaxon:6239,L1,hermaphrodite,MI is a neuron cell in the alimentary system of C. elegans. Neuron located in dorsal sector of metacorpus making synapses to both neurons and muscle. Embryonic lineage: ABaraappaaa,Unknown - function not yet characterized in this dataset,MI; mi; MI,Located in the alimentary system,,,https://wormbase.org/species/all/anatomy_term/WBbt:0003664,WormFindr Information Cards (Nov 2024),[Imported from WormFindr],review,,
MS,MS (mesodermal precursor),MS,cell,,,c-elegans,NCBITaxon:6239,embryo,both,"MS is the mesodermal precursor blastomere, the anterior daughter of EMS.",Mesodermal precursor.,MS blastomere,,,IntFIG3,,WormAtlas IntFIG3 cataloguing,[to fill],draft,,
mu anal,mu anal cell,mu anal,cell,,WBbt:0004292,c-elegans,NCBITaxon:6239,L1,hermaphrodite,mu anal is a muscle cell in the alimentary system of C. elegans. Muscle cell posterior of anus connecting rectum to dorsal body wall. Embryonic lineage: ABplpppppap,Unknown - function not yet characterized in this dataset,mu anal; mu anal; MU ANAL,Located in the alimentary system,,,https://wormbase.org/species/all/anatomy_term/WBbt:0004292,WormFindr Information Cards (Nov 2024),[Imported from WormFindr],review,,
mu sph,mu sph cell,mu sph,cell,,WBbt:0005798,c-elegans,NCBITaxon:6239,L1,hermaphrodite,mu sph is a muscle cell in the alimentary system of C. elegans. Muscle cell toroid surrounding proximal portion of rectum. Embryonic lineage: ABprpppppap,Unknown - function not yet characterized in this dataset,mu sph; mu sph; MU SPH,Located in the alimentary system,,,https://wormbase.org/species/all/anatomy_term/WBbt:0005798,WormFindr Information Cards (Nov 2024),[Imported from WormFindr],review,,
mu_bod DL1,mu_bod DL1 cell,mu_bod DL1,cell,,WBbt:0008268,c-elegans,NCBITaxon:6239,L1,hermaphrodite,mu_bod DL1 is a muscle cell in the somatic muscle system of C. elegans. Anteriormost body wall muscle of dorsal left medial row. Embryonic lineage: MSapappp,Unknown - function not yet characterized in this dataset,mu_bod DL1; mu_bod dl1; MU_BOD DL1; DML muscle,Located in the somatic muscle system,,,https://wormbase.org/species/all/anatomy_term/WBbt:0008268,WormFindr Information Cards (Nov 2024),[Imported from WormFindr],review,,
mu_bod DL10,mu_bod DL10 cell,mu_bod DL10,cell,,WBbt:0008267,c-elegans,NCBITaxon:6239,L1,hermaphrodite,mu_bod DL10 is a muscle cell in the somatic muscle system of C. elegans. Fifth from anterior body wall muscle of dorsal left lateral row. Embryonic lineage: Dapap,Unknown - function not yet characterized in this dataset,mu_bod DL10; mu_bod dl10; MU_BOD DL10,Located in the somatic muscle system,,,https://wormbase.org/species/all/anatomy_term/WBbt:0008267,WormFindr Information Cards (Nov 2024),[Imported from WormFindr],review,,
mu_bod DL11,mu_bod DL11 cell,mu_bod DL11,cell,,WBbt:0008268,c-elegans,NCBITaxon:6239,L1,hermaphrodite,mu_bod DL11 is a muscle cell in the somatic muscle system of C. elegans. Sixth from anterior body wall muscle of dorsal left medial row. Embryonic lineage: Dapppa,Unknown - function not yet characterized in this dataset,mu_bod DL11; mu_bod dl11; MU_BOD DL11,Located in the somatic muscle system,,,https://wormbase.org/species/all/anatomy_term/WBbt:0008268,WormFindr Information Cards (Nov 2024),[Imported from WormFindr],review,,
mu_bod DL12,mu_bod DL12 cell,mu_bod DL12,cell,,WBbt:0008267,c-elegans,NCBITaxon:6239,L1,hermaphrodite,mu_bod DL12 is a muscle cell in the somatic muscle system of C. elegans. Sixth from anterior body wall muscle of dorsal left lateral row. Embryonic lineage: Cappaaa,Unknown - function not yet characterized in this dataset,mu_bod DL12; mu_bod dl12; MU_BOD DL12,Located in the somatic muscle system,,,https://wormbase.org/species/all/anatomy_term/WBbt:0008267,WormFindr Information Cards (Nov 2024),[Imported from WormFindr],review,,
mu_bod DL13,mu_bod DL13 cell,mu_bod DL13,cell,,WBbt:0008268,c-elegans,NCBITaxon:6239,L1,hermaphrodite,mu_bod DL13 is a muscle cell in the somatic muscle system of C. elegans. Seventh from anterior body wall muscle of dorsal left medial row. Embryonic lineage: Dapppp,Unknown - function not yet characterized in this dataset,mu_bod DL13; mu_bod dl13; MU_BOD DL13,Located in the somatic muscle system,,,https://wormbase.org/species/all/anatomy_term/WBbt:0008268,WormFindr Information Cards (Nov 2024),[Imported from WormFindr],review,,
mu_bod DL14,mu_bod DL14 cell,mu_bod DL14,cell,,WBbt:0008267,c-elegans,NCBITaxon:6239,L1,hermaphrodite,mu_bod DL14 is a muscle cell in the somatic muscle system of C. elegans. Seventh from anterior body wall muscle of dorsal left lateral row. Embryonic lineage: Capapaa,Unknown - function not yet characterized in this dataset,mu_bod DL14; mu_bod dl14; MU_BOD DL14,Located in the somatic muscle system,,,https://wormbase.org/species/all/anatomy_term/WBbt:0008267,WormFindr Information Cards (Nov 2024),[Imported from WormFindr],review,,
mu_bod DL15,mu_bod DL15 cell,mu_bod DL15,cell,,WBbt:0008268,c-elegans,NCBITaxon:6239,L1,hermaphrodite,mu_bod DL15 is a muscle cell in the somatic muscle system of C. elegans. Eighth from anterior body wall muscle of dorsal left medial row. Post-embryonic lineage: M.dlaa,Unknown - function not yet characterized in this dataset,mu_bod DL15; mu_bod dl15; MU_BOD DL15,Located in the somatic muscle system,,,https://wormbase.org/species/all/anatomy_term/WBbt:0008268,WormFindr Information Cards (Nov 2024),[Imported from WormFindr],review,,
mu_bod DL16,mu_bod DL16 cell,mu_bod DL16,cell,,WBbt:0008267,c-elegans,NCBITaxon:6239,L1,hermaphrodite,mu_bod DL16 is a muscle cell in the somatic muscle system of C. elegans. Eighth from anterior body wall muscle of dorsal left lateral row. Post-embryonic lineage: M.dlap,Unknown - function not yet characterized in this dataset,mu_bod DL16; mu_bod dl16; MU_BOD DL16,Located in the somatic muscle system,,,https://wormbase.org/species/all/anatomy_term/WBbt:0008267,WormFindr Information Cards (Nov 2024),[Imported from WormFindr],review,,
mu_bod DL17,mu_bod DL17 cell,mu_bod DL17,cell,,WBbt:0008268,c-elegans,NCBITaxon:6239,L1,hermaphrodite,mu_bod DL17 is a muscle cell in the somatic muscle system of C. elegans. Ninth from anterior body wall muscle of dorsal left medial row. Embryonic lineage: Cappaap,Unknown - function not yet characterized in this dataset,mu_bod DL17; mu_bod dl17; MU_BOD DL17,Located in the somatic muscle system,,,https://wormbase.org/species/all/anatomy_term/WBbt:0008268,WormFindr Information Cards (Nov 2024),[Imported from WormFindr],review,,
mu_bod DL18,mu_bod DL18 cell,mu_bod DL18,cell,,WBbt:0008267,c-elegans,NCBITaxon:6239,L1,hermaphrodite,mu_bod DL18 is a muscle cell in the somatic muscle system of C. elegans. Ninth from anterior body wall muscle of dorsal left lateral row. Embryonic lineage: Capapap,Unknown - function not yet characterized in this dataset,mu_bod DL18; mu_bod dl18; MU_BOD DL18,Located in the somatic muscle system,,,https://wormbase.org/species/all/anatomy_term/WBbt:0008267,WormFindr Information Cards (Nov 2024),[Imported from WormFindr],review,,
mu_bod DL19,mu_bod DL19 cell,mu_bod DL19,cell,,WBbt:0008268,c-elegans,NCBITaxon:6239,L1,hermaphrodite,mu_bod DL19 is a muscle cell in the somatic muscle system of C. elegans. Tenth from anterior body wall muscle of dorsal left medial row. Embryonic lineage: Capppaa,Unknown - function not yet characterized in this dataset,mu_bod DL19; mu_bod dl19; MU_BOD DL19,Located in the somatic muscle system,,,https://wormbase.org/species/all/anatomy_term/WBbt:0008268,WormFindr Information Cards (Nov 2024),[Imported from WormFindr],review,,
mu_bod DL2,mu_bod DL2 cell,mu_bod DL2,cell,,WBbt:0008267,c-elegans,NCBITaxon:6239,L1,hermaphrodite,mu_bod DL2 is a muscle cell in the somatic muscle system of C. elegans. Anteriormost body wall muscle of dorsal left lateral row. Embryonic lineage: MSapaaap,Unknown - function not yet characterized in this dataset,mu_bod DL2; mu_bod dl2; MU_BOD DL2,Located in the somatic muscle system,,,https://wormbase.org/species/all/anatomy_term/WBbt:0008267,WormFindr Information Cards (Nov 2024),[Imported from WormFindr],review,,
mu_bod DL20,mu_bod DL20 cell,mu_bod DL20,cell,,WBbt:0008267,c-elegans,NCBITaxon:6239,L1,hermaphrodite,mu_bod DL20 is a muscle cell in the somatic muscle system of C. elegans. Tenth from anterior body wall muscle of dorsal left lateral row. Embryonic lineage: Cappapa,Unknown - function not yet characterized in this dataset,mu_bod DL20; mu_bod dl20; MU_BOD DL20,Located in the somatic muscle system,,,https://wormbase.org/species/all/anatomy_term/WBbt:0008267,WormFindr Information Cards (Nov 2024),[Imported from WormFindr],review,,
mu_bod DL21,mu_bod DL21 cell,mu_bod DL21,cell,,WBbt:0008268,c-elegans,NCBITaxon:6239,L1,hermaphrodite,mu_bod DL21 is a muscle cell in the somatic muscle system of C. elegans. Eleventh from anterior body wall muscle of dorsal left medial row. Embryonic lineage: Capppap,Unknown - function not yet characterized in this dataset,mu_bod DL21; mu_bod dl21; MU_BOD DL21,Located in the somatic muscle system,,,https://wormbase.org/species/all/anatomy_term/WBbt:0008268,WormFindr Information Cards (Nov 2024),[Imported from WormFindr],review,,
mu_bod DL22,mu_bod DL22 cell,mu_bod DL22,cell,,WBbt:0008267,c-elegans,NCBITaxon:6239,L1,hermaphrodite,mu_bod DL22 is a muscle cell in the somatic muscle system of C. elegans. Eleventh from anterior body wall muscle of dorsal left lateral row. Post-embryonic lineage: M.dlpp,Unknown - function not yet characterized in this dataset,mu_bod DL22; mu_bod dl22; MU_BOD DL22,Located in the somatic muscle system,,,https://wormbase.org/species/all/anatomy_term/WBbt:0008267,WormFindr Information Cards (Nov 2024),[Imported from WormFindr],review,,
mu_bod DL23,mu_bod DL23 cell,mu_bod DL23,cell,,WBbt:0008268,c-elegans,NCBITaxon:6239,L1,hermaphrodite,mu_bod DL23 is a muscle cell in the somatic muscle system of C. elegans. Posteriormost body wall muscle of dorsal left medial row. Embryonic lineage: Cappppd,Unknown - function not yet characterized in this dataset,mu_bod DL23; mu_bod dl23; MU_BOD DL23,Located in the somatic muscle system,,,https://wormbase.org/species/all/anatomy_term/WBbt:0008268,WormFindr Information Cards (Nov 2024),[Imported from WormFindr],review,,
mu_bod DL24,mu_bod DL24 cell,mu_bod DL24,cell,,WBbt:0008267,c-elegans,NCBITaxon:6239,L1,hermaphrodite,mu_bod DL24 is a muscle cell in the somatic muscle system of C. elegans. Posteriormost body wall muscle of dorsal left lateral row. Embryonic lineage: Cappapp,Unknown - function not yet characterized in this dataset,mu_bod DL24; mu_bod dl24; MU_BOD DL24,Located in the somatic muscle system,,,https://wormbase.org/species/all/anatomy_term/WBbt:0008267,WormFindr Information Cards (Nov 2024),[Imported from WormFindr],review,,
mu_bod DL3,mu_bod DL3 cell,mu_bod DL3,cell,,WBbt:0008268,c-elegans,NCBITaxon:6239,L1,hermaphrodite,mu_bod DL3 is a muscle cell in the somatic muscle system of C. elegans. Second from anterior body wall muscle of dorsal left medial row. Embryonic lineage: MSappppa,Unknown - function not yet characterized in this dataset,mu_bod DL3; mu_bod dl3; MU_BOD DL3,Located in the somatic muscle system,,,https://wormbase.org/species/all/anatomy_term/WBbt:0008268,WormFindr Information Cards (Nov 2024),[Imported from WormFindr],review,,
mu_bod DL4,mu_bod DL4 cell,mu_bod DL4,cell,,WBbt:0008267,c-elegans,NCBITaxon:6239,L1,hermaphrodite,mu_bod DL4 is a muscle cell in the somatic muscle system of C. elegans. Second from anterior body wall muscle of dorsal left lateral row. Embryonic lineage: MSapappa,Unknown - function not yet characterized in this dataset,mu_bod DL4; mu_bod dl4; MU_BOD DL4,Located in the somatic muscle system,,,https://wormbase.org/species/all/anatomy_term/WBbt:0008267,WormFindr Information Cards (Nov 2024),[Imported from WormFindr],review,,
mu_bod DL5,mu_bod DL5 cell,mu_bod DL5,cell,,WBbt:0008268,c-elegans,NCBITaxon:6239,L1,hermaphrodite,mu_bod DL5 is a muscle cell in the somatic muscle system of C. elegans. Third from anterior body wall muscle of dorsal left medial row. Embryonic lineage: MSappppp,Unknown - function not yet characterized in this dataset,mu_bod DL5; mu_bod dl5; MU_BOD DL5,Located in the somatic muscle system,,,https://wormbase.org/species/all/anatomy_term/WBbt:0008268,WormFindr Information Cards (Nov 2024),[Imported from WormFindr],review,,
mu_bod DL6,mu_bod DL6 cell,mu_bod DL6,cell,,WBbt:0008267,c-elegans,NCBITaxon:6239,L1,hermaphrodite,mu_bod DL6 is a muscle cell in the somatic muscle system of C. elegans. Third from anterior body wall muscle of dorsal left lateral row. Embryonic lineage: MSapppap,Unknown - function not yet characterized in this dataset,mu_bod DL6; mu_bod dl6; MU_BOD DL6,Located in the somatic muscle system,,,https://wormbase.org/species/all/anatomy_term/WBbt:0008267,WormFindr Information Cards (Nov 2024),[Imported from WormFindr],review,,
mu_bod DL7,mu_bod DL7 cell,mu_bod DL7,cell,,WBbt:0008268,c-elegans,NCBITaxon:6239,L1,hermaphrodite,mu_bod DL7 is a muscle cell in the somatic muscle system of C. elegans. Fourth from anterior body wall muscle of dorsal left medial row. Embryonic lineage: Dappaa,Unknown - function not yet characterized in this dataset,mu_bod DL7; mu_bod dl7; MU_BOD DL7,Located in the somatic muscle system,,,https://wormbase.org/species/all/anatomy_term/WBbt:0008268,WormFindr Information Cards (Nov 2024),[Imported from WormFindr],review,,
mu_bod DL8,mu_bod DL8 cell,mu_bod DL8,cell,,WBbt:0008267,c-elegans,NCBITaxon:6239,L1,hermaphrodite,mu_bod DL8 is a muscle cell in the somatic muscle system of C. elegans. Fourth from anterior body wall muscle of dorsal left lateral row. Embryonic lineage: Daaap,Unknown - function not yet characterized in this dataset,mu_bod DL8; mu_bod dl8; MU_BOD DL8,Located in the somatic muscle system,,,https://wormbase.org/species/all/anatomy_term/WBbt:0008267,WormFindr Information Cards (Nov 2024),[Imported from WormFindr],review,,
mu_bod DL9,mu_bod DL9 cell,mu_bod DL9,cell,,WBbt:0008268,c-elegans,NCBITaxon:6239,L1,hermaphrodite,mu_bod DL9 is a muscle cell in the somatic muscle system of C. elegans. Fifth from anterior body wall muscle of dorsal left medial row. Embryonic lineage: Dappap,Unknown - function not yet characterized in this dataset,mu_bod DL9; mu_bod dl9; MU_BOD DL9,Located in the somatic muscle system,,,https://wormbase.org/species/all/anatomy_term/WBbt:0008268,WormFindr Information Cards (Nov 2024),[Imported from WormFindr],review,,
mu_bod DR1,mu_bod DR1 cell,mu_bod DR1,cell,,WBbt:0008264,c-elegans,NCBITaxon:6239,L1,hermaphrodite,mu_bod DR1 is a muscle cell in the somatic muscle system of C. elegans. Anteriormost body wall muscle of dorsal right medial row. Embryonic lineage: MSppappp,Unknown - function not yet characterized in this dataset,mu_bod DR1; mu_bod dr1; MU_BOD DR1,Located in the somatic muscle system,,,https://wormbase.org/species/all/anatomy_term/WBbt:0008264,WormFindr Information Cards (Nov 2024),[Imported from WormFindr],review,,
mu_bod DR10,mu_bod DR10 cell,mu_bod DR10,cell,,WBbt:0008263,c-elegans,NCBITaxon:6239,L1,hermaphrodite,mu_bod DR10 is a muscle cell in the somatic muscle system of C. elegans. Fifth from anterior body wall muscle of dorsal right lateral row. Embryonic lineage: Dppap,Unknown - function not yet characterized in this dataset,mu_bod DR10; mu_bod dr10; MU_BOD DR10,Located in the somatic muscle system,,,https://wormbase.org/species/all/anatomy_term/WBbt:0008263,WormFindr Information Cards (Nov 2024),[Imported from WormFindr],review,,
mu_bod DR11,mu_bod DR11 cell,mu_bod DR11,cell,,WBbt:0008264,c-elegans,NCBITaxon:6239,L1,hermaphrodite,mu_bod DR11 is a muscle cell in the somatic muscle system of C. elegans. Sixth from anterior body wall muscle of dorsal right medial row. Embryonic lineage: Dppppa,Unknown - function not yet characterized in this dataset,mu_bod DR11; mu_bod dr11; MU_BOD DR11,Located in the somatic muscle system,,,https://wormbase.org/species/all/anatomy_term/WBbt:0008264,WormFindr Information Cards (Nov 2024),[Imported from WormFindr],review,,
mu_bod DR12,mu_bod DR12 cell,mu_bod DR12,cell,,WBbt:0008263,c-elegans,NCBITaxon:6239,L1,hermaphrodite,mu_bod DR12 is a muscle cell in the somatic muscle system of C. elegans. Sixth from anterior body wall muscle of dorsal right lateral row. Embryonic lineage: Cpppaaa,Unknown - function not yet characterized in this dataset,mu_bod DR12; mu_bod dr12; MU_BOD DR12,Located in the somatic muscle system,,,https://wormbase.org/species/all/anatomy_term/WBbt:0008263,WormFindr Information Cards (Nov 2024),[Imported from WormFindr],review,,
mu_bod DR13,mu_bod DR13 cell,mu_bod DR13,cell,,WBbt:0008264,c-elegans,NCBITaxon:6239,L1,hermaphrodite,mu_bod DR13 is a muscle cell in the somatic muscle system of C. elegans. Seventh from anterior body wall muscle of dorsal right medial row. Embryonic lineage: Dppppp,Unknown - function not yet characterized in this dataset,mu_bod DR13; mu_bod dr13; MU_BOD DR13,Located in the somatic muscle system,,,https://wormbase.org/species/all/anatomy_term/WBbt:0008264,WormFindr Information Cards (Nov 2024),[Imported from WormFindr],review,,
mu_bod DR14,mu_bod DR14 cell,mu_bod DR14,cell,,WBbt:0008263,c-elegans,NCBITaxon:6239,L1,hermaphrodite,mu_bod DR14 is a muscle cell in the somatic muscle system of C. elegans. Seventh from anterior body wall muscle of dorsal right lateral row. Embryonic lineage: Cppapaa,Unknown - function not yet characterized in this dataset,mu_bod DR14; mu_bod dr14; MU_BOD DR14,Located in the somatic muscle system,,,https://wormbase.org/species/all/anatomy_term/WBbt:0008263,WormFindr Information Cards (Nov 2024),[Imported from WormFindr],review,,
mu_bod DR15,mu_bod DR15 cell,mu_bod DR15,cell,,WBbt:0008264,c-elegans,NCBITaxon:6239,L1,hermaphrodite,mu_bod DR15 is a muscle cell in the somatic muscle system of C. elegans. Eighth from anterior body wall muscle of dorsal right medial row. Post-embryonic lineage: M.draa,Unknown - function not yet characterized in this dataset,mu_bod DR15; mu_bod dr15; MU_BOD DR15,Located in the somatic muscle system,,,https://wormbase.org/species/all/anatomy_term/WBbt:0008264,WormFindr Information Cards (Nov 2024),[Imported from WormFindr],review,,
mu_bod DR16,mu_bod DR16 cell,mu_bod DR16,cell,,WBbt:0008263,c-elegans,NCBITaxon:6239,L1,hermaphrodite,mu_bod DR16 is a muscle cell in the somatic muscle system of C. elegans. Eighth from anterior body wall muscle of dorsal right lateral row. Post-embryonic lineage: M.drap,Unknown - function not yet characterized in this dataset,mu_bod DR16; mu_bod dr16; MU_BOD DR16,Located in the somatic muscle system,,,https://wormbase.org/species/all/anatomy_term/WBbt:0008263,WormFindr Information Cards (Nov 2024),[Imported from WormFindr],review,,
mu_bod DR17,mu_bod DR17 cell,mu_bod DR17,cell,,WBbt:0008264,c-elegans,NCBITaxon:6239,L1,hermaphrodite,mu_bod DR17 is a muscle cell in the somatic muscle system of C. elegans. Ninth from anterior body wall muscle of dorsal right medial row. Embryonic lineage: Cpppaap,Unknown - function not yet characterized in this dataset,mu_bod DR17; mu_bod dr17; MU_BOD DR17,Located in the somatic muscle system,,,https://wormbase.org/species/all/anatomy_term/WBbt:0008264,WormFindr Information Cards (Nov 2024),[Imported from WormFindr],review,,
mu_bod DR18,mu_bod DR18 cell,mu_bod DR18,cell,,WBbt:0008263,c-elegans,NCBITaxon:6239,L1,hermaphrodite,mu_bod DR18 is a muscle cell in the somatic muscle system of C. elegans. Ninth from anterior body wall muscle of dorsal right lateral row. Embryonic lineage: Cppapap,Unknown - function not yet characterized in this dataset,mu_bod DR18; mu_bod dr18; MU_BOD DR18,Located in the somatic muscle system,,,https://wormbase.org/species/all/anatomy_term/WBbt:0008263,WormFindr Information Cards (Nov 2024),[Imported from WormFindr],review,,
mu_bod DR19,mu_bod DR19 cell,mu_bod DR19,cell,,WBbt:0008264,c-elegans,NCBITaxon:6239,L1,hermaphrodite,mu_bod DR19 is a muscle cell in the somatic muscle system of C. elegans. Tenth from anterior body wall muscle of dorsal right medial row. Embryonic lineage: Cppppaa,Unknown - function not yet characterized in this dataset,mu_bod DR19; mu_bod dr19; MU_BOD DR19,Located in the somatic muscle system,,,https://wormbase.org/species/all/anatomy_term/WBbt:0008264,WormFindr Information Cards (Nov 2024),[Imported from WormFindr],review,,
mu_bod DR2,mu_bod DR2 cell,mu_bod DR2,cell,,WBbt:0008263,c-elegans,NCBITaxon:6239,L1,hermaphrodite,mu_bod DR2 is a muscle cell in the somatic muscle system of C. elegans. Anteriormost body wall muscle of dorsal right lateral row. Embryonic lineage: MSppaaap,Unknown - function not yet characterized in this dataset,mu_bod DR2; mu_bod dr2; MU_BOD DR2,Located in the somatic muscle system,,,https://wormbase.org/species/all/anatomy_term/WBbt:0008263,WormFindr Information Cards (Nov 2024),[Imported from WormFindr],review,,
mu_bod DR20,mu_bod DR20 cell,mu_bod DR20,cell,,WBbt:0008263,c-elegans,NCBITaxon:6239,L1,hermaphrodite,mu_bod DR20 is a muscle cell in the somatic muscle system of C. elegans. Tenth from anterior body wall muscle of dorsal right lateral row. Embryonic lineage: Cpppapa,Unknown - function not yet characterized in this dataset,mu_bod DR20; mu_bod dr20; MU_BOD DR20,Located in the somatic muscle system,,,https://wormbase.org/species/all/anatomy_term/WBbt:0008263,WormFindr Information Cards (Nov 2024),[Imported from WormFindr],review,,
mu_bod DR21,mu_bod DR21 cell,mu_bod DR21,cell,,WBbt:0008264,c-elegans,NCBITaxon:6239,L1,hermaphrodite,mu_bod DR21 is a muscle cell in the somatic muscle system of C. elegans. Eleventh from anterior body wall muscle of dorsal right medial row. Embryonic lineage: Cppppap,Unknown - function not yet characterized in this dataset,mu_bod DR21; mu_bod dr21; MU_BOD DR21,Located in the somatic muscle system,,,https://wormbase.org/species/all/anatomy_term/WBbt:0008264,WormFindr Information Cards (Nov 2024),[Imported from WormFindr],review,,
mu_bod DR22,mu_bod DR22 cell,mu_bod DR22,cell,,WBbt:0008263,c-elegans,NCBITaxon:6239,L1,hermaphrodite,mu_bod DR22 is a muscle cell in the somatic muscle system of C. elegans. Eleventh from anterior body wall muscle of dorsal right lateral row. Post-embryonic lineage: M.drpp,Unknown - function not yet characterized in this dataset,mu_bod DR22; mu_bod dr22; MU_BOD DR22,Located in the somatic muscle system,,,https://wormbase.org/species/all/anatomy_term/WBbt:0008263,WormFindr Information Cards (Nov 2024),[Imported from WormFindr],review,,
mu_bod DR23,mu_bod DR23 cell,mu_bod DR23,cell,,WBbt:0008264,c-elegans,NCBITaxon:6239,L1,hermaphrodite,mu_bod DR23 is a muscle cell in the somatic muscle system of C. elegans. Posteriormost body wall muscle of dorsal right medial row. Embryonic lineage: Cpppppd,Unknown - function not yet characterized in this dataset,mu_bod DR23; mu_bod dr23; MU_BOD DR23,Located in the somatic muscle system,,,https://wormbase.org/species/all/anatomy_term/WBbt:0008264,WormFindr Information Cards (Nov 2024),[Imported from WormFindr],review,,
mu_bod DR24,mu_bod DR24 cell,mu_bod DR24,cell,,WBbt:0008263,c-elegans,NCBITaxon:6239,L1,hermaphrodite,mu_bod DR24 is a muscle cell in the somatic muscle system of C. elegans. Posteriormost body wall muscle of dorsal right lateral row. Embryonic lineage: Cpppapp,Unknown - function not yet characterized in this dataset,mu_bod DR24; mu_bod dr24; MU_BOD DR24,Located in the somatic muscle system,,,https://wormbase.org/species/all/anatomy_term/WBbt:0008263,WormFindr Information Cards (Nov 2024),[Imported from WormFindr],review,,
mu_bod DR3,mu_bod DR3 cell,mu_bod DR3,cell,,WBbt:0008264,c-elegans,NCBITaxon:6239,L1,hermaphrodite,mu_bod DR3 is a muscle cell in the somatic muscle system of C. elegans. Second from anterior body wall muscle of dorsal right medial row. Embryonic lineage: MSpppppa,Unknown - function not yet characterized in this dataset,mu_bod DR3; mu_bod dr3; MU_BOD DR3,Located in the somatic muscle system,,,https://wormbase.org/species/all/anatomy_term/WBbt:0008264,WormFindr Information Cards (Nov 2024),[Imported from WormFindr],review,,
mu_bod DR4,mu_bod DR4 cell,mu_bod DR4,cell,,WBbt:0008263,c-elegans,NCBITaxon:6239,L1,hermaphrodite,mu_bod DR4 is a muscle cell in the somatic muscle system of C. elegans. Second from anterior body wall muscle of dorsal right lateral row. Embryonic lineage:MSppappa,Unknown - function not yet characterized in this dataset,mu_bod DR4; mu_bod dr4; MU_BOD DR4,Located in the somatic muscle system,,,https://wormbase.org/species/all/anatomy_term/WBbt:0008263,WormFindr Information Cards (Nov 2024),[Imported from WormFindr],review,,
mu_bod DR5,mu_bod DR5 cell,mu_bod DR5,cell,,WBbt:0008264,c-elegans,NCBITaxon:6239,L1,hermaphrodite,mu_bod DR5 is a muscle cell in the somatic muscle system of C. elegans. Third from anterior body wall muscle of dorsal right medial row. Embryonic lineage: MSpppppp,Unknown - function not yet characterized in this dataset,mu_bod DR5; mu_bod dr5; MU_BOD DR5,Located in the somatic muscle system,,,https://wormbase.org/species/all/anatomy_term/WBbt:0008264,WormFindr Information Cards (Nov 2024),[Imported from WormFindr],review,,
mu_bod DR6,mu_bod DR6 cell,mu_bod DR6,cell,,WBbt:0008263,c-elegans,NCBITaxon:6239,L1,hermaphrodite,mu_bod DR6 is a muscle cell in the somatic muscle system of C. elegans. Third from anterior body wall muscle of dorsal right lateral row. Embryonic lineage:MSppppap,Unknown - function not yet characterized in this dataset,mu_bod DR6; mu_bod dr6; MU_BOD DR6,Located in the somatic muscle system,,,https://wormbase.org/species/all/anatomy_term/WBbt:0008263,WormFindr Information Cards (Nov 2024),[Imported from WormFindr],review,,
mu_bod DR7,mu_bod DR7 cell,mu_bod DR7,cell,,WBbt:0008264,c-elegans,NCBITaxon:6239,L1,hermaphrodite,mu_bod DR7 is a muscle cell in the somatic muscle system of C. elegans. Fourth from anterior body wall muscle of dorsal right medial row. Embryonic lineage: Dpppaa,Unknown - function not yet characterized in this dataset,mu_bod DR7; mu_bod dr7; MU_BOD DR7,Located in the somatic muscle system,,,https://wormbase.org/species/all/anatomy_term/WBbt:0008264,WormFindr Information Cards (Nov 2024),[Imported from WormFindr],review,,
mu_bod DR8,mu_bod DR8 cell,mu_bod DR8,cell,,WBbt:0008263,c-elegans,NCBITaxon:6239,L1,hermaphrodite,mu_bod DR8 is a muscle cell in the somatic muscle system of C. elegans. Fourth from anterior body wall muscle of dorsal right lateral row. Embryonic lineage: Dpaap,Unknown - function not yet characterized in this dataset,mu_bod DR8; mu_bod dr8; MU_BOD DR8,Located in the somatic muscle system,,,https://wormbase.org/species/all/anatomy_term/WBbt:0008263,WormFindr Information Cards (Nov 2024),[Imported from WormFindr],review,,
mu_bod DR9,mu_bod DR9 cell,mu_bod DR9,cell,,WBbt:0008264,c-elegans,NCBITaxon:6239,L1,hermaphrodite,mu_bod DR9 is a muscle cell in the somatic muscle system of C. elegans. Fifth from anterior body wall muscle of dorsal right medial row. Embryonic lineage: Dpppap,Unknown - function not yet characterized in this dataset,mu_bod DR9; mu_bod dr9; MU_BOD DR9,Located in the somatic muscle system,,,https://wormbase.org/species/all/anatomy_term/WBbt:0008264,WormFindr Information Cards (Nov 2024),[Imported from WormFindr],review,,
mu_bod VL1,mu_bod VL1 cell,mu_bod VL1,cell,,WBbt:0008256,c-elegans,NCBITaxon:6239,L1,hermaphrodite,mu_bod VL1 is a muscle cell in the somatic muscle system of C. elegans. Anteriormost body wall muscle of ventral left medial row. Embryonic lineage: MSappapp,Unknown - function not yet characterized in this dataset,mu_bod VL1; mu_bod vl1; MU_BOD VL1,Located in the somatic muscle system,,,https://wormbase.org/species/all/anatomy_term/WBbt:0008256,WormFindr Information Cards (Nov 2024),[Imported from WormFindr],review,,
mu_bod VL10,mu_bod VL10 cell,mu_bod VL10,cell,,WBbt:0008255,c-elegans,NCBITaxon:6239,L1,hermaphrodite,mu_bod VL10 is a muscle cell in the somatic muscle system of C. elegans. Fifth from anterior body wall muscle of ventral left lateral row. Embryonic lineage: Capaaaa,Unknown - function not yet characterized in this dataset,mu_bod VL10; mu_bod vl10; MU_BOD VL10,Located in the somatic muscle system,,,https://wormbase.org/species/all/anatomy_term/WBbt:0008255,WormFindr Information Cards (Nov 2024),[Imported from WormFindr],review,,
mu_bod VL11,mu_bod VL11 cell,mu_bod VL11,cell,,WBbt:0008256,c-elegans,NCBITaxon:6239,L1,hermaphrodite,mu_bod VL11 is a muscle cell in the somatic muscle system of C. elegans. Sixth from anterior body wall muscle of ventral left medial row. Embryonic lineage: MSaappppa,Unknown - function not yet characterized in this dataset,mu_bod VL11; mu_bod vl11; MU_BOD VL11,Located in the somatic muscle system,,,https://wormbase.org/species/all/anatomy_term/WBbt:0008256,WormFindr Information Cards (Nov 2024),[Imported from WormFindr],review,,
mu_bod VL12,mu_bod VL12 cell,mu_bod VL12,cell,,WBbt:0008255,c-elegans,NCBITaxon:6239,L1,hermaphrodite,mu_bod VL12 is a muscle cell in the somatic muscle system of C. elegans. Sixth from anterior body wall muscle of ventral left lateral row. Embryonic lineage: Capaaap,Unknown - function not yet characterized in this dataset,mu_bod VL12; mu_bod vl12; MU_BOD VL12,Located in the somatic muscle system,,,https://wormbase.org/species/all/anatomy_term/WBbt:0008255,WormFindr Information Cards (Nov 2024),[Imported from WormFindr],review,,
mu_bod VL13,mu_bod VL13 cell,mu_bod VL13,cell,,WBbt:0008256,c-elegans,NCBITaxon:6239,L1,hermaphrodite,mu_bod VL13 is a muscle cell in the somatic muscle system of C. elegans. Seventh from anterior body wall muscle of ventral left medial row. Embryonic lineage: MSaappppp,Unknown - function not yet characterized in this dataset,mu_bod VL13; mu_bod vl13; MU_BOD VL13,Located in the somatic muscle system,,,https://wormbase.org/species/all/anatomy_term/WBbt:0008256,WormFindr Information Cards (Nov 2024),[Imported from WormFindr],review,,
mu_bod VL14,mu_bod VL14 cell,mu_bod VL14,cell,,WBbt:0008255,c-elegans,NCBITaxon:6239,L1,hermaphrodite,mu_bod VL14 is a muscle cell in the somatic muscle system of C. elegans. Seventh from anterior body wall muscle of ventral left lateral row. Embryonic lineage: Capaapa,Unknown - function not yet characterized in this dataset,mu_bod VL14; mu_bod vl14; MU_BOD VL14,Located in the somatic muscle system,,,https://wormbase.org/species/all/anatomy_term/WBbt:0008255,WormFindr Information Cards (Nov 2024),[Imported from WormFindr],review,,
mu_bod VL15,mu_bod VL15 cell,mu_bod VL15,cell,,WBbt:0008256,c-elegans,NCBITaxon:6239,L1,hermaphrodite,mu_bod VL15 is a muscle cell in the somatic muscle system of C. elegans. Eighth from anterior body wall muscle of ventral left medial row. Embryonic lineage: MSpappaa,Unknown - function not yet characterized in this dataset,mu_bod VL15; mu_bod vl15; MU_BOD VL15,Located in the somatic muscle system,,,https://wormbase.org/species/all/anatomy_term/WBbt:0008256,WormFindr Information Cards (Nov 2024),[Imported from WormFindr],review,,
mu_bod VL16,mu_bod VL16 cell,mu_bod VL16,cell,,WBbt:0008255,c-elegans,NCBITaxon:6239,L1,hermaphrodite,mu_bod VL16 is a muscle cell in the somatic muscle system of C. elegans. Eighth from anterior body wall muscle of ventral left lateral row. Embryonic lineage: Capaapp,Unknown - function not yet characterized in this dataset,mu_bod VL16; mu_bod vl16; MU_BOD VL16,Located in the somatic muscle system,,,https://wormbase.org/species/all/anatomy_term/WBbt:0008255,WormFindr Information Cards (Nov 2024),[Imported from WormFindr],review,,
mu_bod VL17,mu_bod VL17 cell,mu_bod VL17,cell,,WBbt:0008256,c-elegans,NCBITaxon:6239,L1,hermaphrodite,mu_bod VL17 is a muscle cell in the somatic muscle system of C. elegans. Ninth from anterior body wall muscle of ventral left medial row. Post-embryonic lineage: M.vlaa,Unknown - function not yet characterized in this dataset,mu_bod VL17; mu_bod vl17; MU_BOD VL17,Located in the somatic muscle system,,,https://wormbase.org/species/all/anatomy_term/WBbt:0008256,WormFindr Information Cards (Nov 2024),[Imported from WormFindr],review,,
mu_bod VL18,mu_bod VL18 cell,mu_bod VL18,cell,,WBbt:0008255,c-elegans,NCBITaxon:6239,L1,hermaphrodite,mu_bod VL18 is a muscle cell in the somatic muscle system of C. elegans. Ninth from anterior body wall muscle of ventral left lateral row. Post-embryonic lineage: M.vlap,Unknown - function not yet characterized in this dataset,mu_bod VL18; mu_bod vl18; MU_BOD VL18,Located in the somatic muscle system,,,https://wormbase.org/species/all/anatomy_term/WBbt:0008255,WormFindr Information Cards (Nov 2024),[Imported from WormFindr],review,,
mu_bod VL19,mu_bod VL19 cell,mu_bod VL19,cell,,WBbt:0008256,c-elegans,NCBITaxon:6239,L1,hermaphrodite,mu_bod VL19 is a muscle cell in the somatic muscle system of C. elegans. Tenth from anterior body wall muscle of ventral left medial row. Embryonic lineage: Capappa,Unknown - function not yet characterized in this dataset,mu_bod VL19; mu_bod vl19; MU_BOD VL19,Located in the somatic muscle system,,,https://wormbase.org/species/all/anatomy_term/WBbt:0008256,WormFindr Information Cards (Nov 2024),[Imported from WormFindr],review,,
mu_bod VL2,mu_bod VL2 cell,mu_bod VL2,cell,,WBbt:0008255,c-elegans,NCBITaxon:6239,L1,hermaphrodite,mu_bod VL2 is a muscle cell in the somatic muscle system of C. elegans. Anteriormost body wall muscle of ventral left lateral row. Embryonic lineage: MSapapap,Unknown - function not yet characterized in this dataset,mu_bod VL2; mu_bod vl2; MU_BOD VL2,Located in the somatic muscle system,,,https://wormbase.org/species/all/anatomy_term/WBbt:0008255,WormFindr Information Cards (Nov 2024),[Imported from WormFindr],review,,
mu_bod VL20,mu_bod VL20 cell,mu_bod VL20,cell,,WBbt:0008255,c-elegans,NCBITaxon:6239,L1,hermaphrodite,mu_bod VL20 is a muscle cell in the somatic muscle system of C. elegans. Tenth from anterior body wall muscle of ventral left lateral row. Post-embryonic lineage: M.vlpap,Unknown - function not yet characterized in this dataset,mu_bod VL20; mu_bod vl20; MU_BOD VL20,Located in the somatic muscle system,,,https://wormbase.org/species/all/anatomy_term/WBbt:0008255,WormFindr Information Cards (Nov 2024),[Imported from WormFindr],review,,
mu_bod VL21,mu_bod VL21 cell,mu_bod VL21,cell,,WBbt:0008256,c-elegans,NCBITaxon:6239,L1,hermaphrodite,mu_bod VL21 is a muscle cell in the somatic muscle system of C. elegans. Eleventh from anterior body wall muscle of ventral left medial row. Post-embryonic lineage: M.vlpp,Unknown - function not yet characterized in this dataset,mu_bod VL21; mu_bod vl21; MU_BOD VL21,Located in the somatic muscle system,,,https://wormbase.org/species/all/anatomy_term/WBbt:0008256,WormFindr Information Cards (Nov 2024),[Imported from WormFindr],review,,
mu_bod VL22,mu_bod VL22 cell,mu_bod VL22,cell,,WBbt:0008255,c-elegans,NCBITaxon:6239,L1,hermaphrodite,mu_bod VL22 is a muscle cell in the somatic muscle system of C. elegans. Eleventh from anterior body wall muscle of ventral left lateral row. Embryonic lineage: Capappp,Unknown - function not yet characterized in this dataset,mu_bod VL22; mu_bod vl22; MU_BOD VL22,Located in the somatic muscle system,,,https://wormbase.org/species/all/anatomy_term/WBbt:0008255,WormFindr Information Cards (Nov 2024),[Imported from WormFindr],review,,
mu_bod VL23,mu_bod VL23 cell,mu_bod VL23,cell,,WBbt:0008256,c-elegans,NCBITaxon:6239,L1,hermaphrodite,mu_bod VL23 is a muscle cell in the somatic muscle system of C. elegans. Posteriormost body wall muscle of ventral left medial row. Embryonic lineage: Cappppv,Unknown - function not yet characterized in this dataset,mu_bod VL23; mu_bod vl23; MU_BOD VL23,Located in the somatic muscle system,,,https://wormbase.org/species/all/anatomy_term/WBbt:0008256,WormFindr Information Cards (Nov 2024),[Imported from WormFindr],review,,
mu_bod VL3,mu_bod VL3 cell,mu_bod VL3,cell,,WBbt:0008256,c-elegans,NCBITaxon:6239,L1,hermaphrodite,mu_bod VL3 is a muscle cell in the somatic muscle system of C. elegans. Second from anterior body wall muscle of ventral left medial row. Embryonic lineage: Daapa,Unknown - function not yet characterized in this dataset,mu_bod VL3; mu_bod vl3; MU_BOD VL3,Located in the somatic muscle system,,,https://wormbase.org/species/all/anatomy_term/WBbt:0008256,WormFindr Information Cards (Nov 2024),[Imported from WormFindr],review,,
mu_bod VL4,mu_bod VL4 cell,mu_bod VL4,cell,,WBbt:0008255,c-elegans,NCBITaxon:6239,L1,hermaphrodite,mu_bod VL4 is a muscle cell in the somatic muscle system of C. elegans. Second from anterior body wall muscle of ventral left lateral row. Embryonic lineage: MSapppaa,Unknown - function not yet characterized in this dataset,mu_bod VL4; mu_bod vl4; MU_BOD VL4,Located in the somatic muscle system,,,https://wormbase.org/species/all/anatomy_term/WBbt:0008255,WormFindr Information Cards (Nov 2024),[Imported from WormFindr],review,,
mu_bod VL5,mu_bod VL5 cell,mu_bod VL5,cell,,WBbt:0008256,c-elegans,NCBITaxon:6239,L1,hermaphrodite,mu_bod VL5 is a muscle cell in the somatic muscle system of C. elegans. Third from anterior body wall muscle of ventral left medial row. Embryonic lineage: Daapp,Unknown - function not yet characterized in this dataset,mu_bod VL5; mu_bod vl5; MU_BOD VL5,Located in the somatic muscle system,,,https://wormbase.org/species/all/anatomy_term/WBbt:0008256,WormFindr Information Cards (Nov 2024),[Imported from WormFindr],review,,
mu_bod VL6,mu_bod VL6 cell,mu_bod VL6,cell,,WBbt:0008255,c-elegans,NCBITaxon:6239,L1,hermaphrodite,mu_bod VL6 is a muscle cell in the somatic muscle system of C. elegans. Third from anterior body wall muscle of ventral left lateral row. Embryonic lineage: Daaaa,Unknown - function not yet characterized in this dataset,mu_bod VL6; mu_bod vl6; MU_BOD VL6,Located in the somatic muscle system,,,https://wormbase.org/species/all/anatomy_term/WBbt:0008255,WormFindr Information Cards (Nov 2024),[Imported from WormFindr],review,,
mu_bod VL7,mu_bod VL7 cell,mu_bod VL7,cell,,WBbt:0008256,c-elegans,NCBITaxon:6239,L1,hermaphrodite,mu_bod VL7 is a muscle cell in the somatic muscle system of C. elegans. Fourth from anterior body wall muscle of ventral left medial row. Embryonic lineage: MSaapppaa,Unknown - function not yet characterized in this dataset,mu_bod VL7; mu_bod vl7; MU_BOD VL7,Located in the somatic muscle system,,,https://wormbase.org/species/all/anatomy_term/WBbt:0008256,WormFindr Information Cards (Nov 2024),[Imported from WormFindr],review,,
mu_bod VL8,mu_bod VL8 cell,mu_bod VL8,cell,,WBbt:0008255,c-elegans,NCBITaxon:6239,L1,hermaphrodite,mu_bod VL8 is a muscle cell in the somatic muscle system of C. elegans. Fourth from anterior body wall muscle of ventral left lateral row. Embryonic lineage: Dapaa,Unknown - function not yet characterized in this dataset,mu_bod VL8; mu_bod vl8; MU_BOD VL8,Located in the somatic muscle system,,,https://wormbase.org/species/all/anatomy_term/WBbt:0008255,WormFindr Information Cards (Nov 2024),[Imported from WormFindr],review,,
mu_bod VL9,mu_bod VL9 cell,mu_bod VL9,cell,,WBbt:0008256,c-elegans,NCBITaxon:6239,L1,hermaphrodite,mu_bod VL9 is a muscle cell in the somatic muscle system of C. elegans. Fifth from anterior body wall muscle of ventral left medial row. Embryonic lineage: MSaapppap,Unknown - function not yet characterized in this dataset,mu_bod VL9; mu_bod vl9; MU_BOD VL9,Located in the somatic muscle system,,,https://wormbase.org/species/all/anatomy_term/WBbt:0008256,WormFindr Information Cards (Nov 2024),[Imported from WormFindr],review,,
mu_body VR1,mu_body VR1 cell,mu_body VR1,cell,,WBbt:0008266,c-elegans,NCBITaxon:6239,L1,hermaphrodite,mu_body VR1 is a muscle cell in the somatic muscle system of C. elegans. Anteriormost body wall muscle of ventral right medial row. Embryonic lineage: MSpppapp,Unknown - function not yet characterized in this dataset,mu_body VR1; mu_body vr1; MU_BODY VR1,Located in the somatic muscle system,,,https://wormbase.org/species/all/anatomy_term/WBbt:0008266,WormFindr Information Cards (Nov 2024),[Imported from WormFindr],review,,
mu_body VR10,mu_body VR10 cell,mu_body VR10,cell,,WBbt:0008265,c-elegans,NCBITaxon:6239,L1,hermaphrodite,mu_body VR10 is a muscle cell in the somatic muscle system of C. elegans. Fifth from anterior body wall muscle of ventral right lateral row. Embryonic lineage: Cppaaaa,Unknown - function not yet characterized in this dataset,mu_body VR10; mu_body vr10; MU_BODY VR10,Located in the somatic muscle system,,,https://wormbase.org/species/all/anatomy_term/WBbt:0008265,WormFindr Information Cards (Nov 2024),[Imported from WormFindr],review,,
mu_body VR11,mu_body VR11 cell,mu_body VR11,cell,,WBbt:0008266,c-elegans,NCBITaxon:6239,L1,hermaphrodite,mu_body VR11 is a muscle cell in the somatic muscle system of C. elegans. Sixth from anterior body wall muscle of ventral right medial row. Embryonic lineage: MSpappppa,Unknown - function not yet characterized in this dataset,mu_body VR11; mu_body vr11; MU_BODY VR11,Located in the somatic muscle system,,,https://wormbase.org/species/all/anatomy_term/WBbt:0008266,WormFindr Information Cards (Nov 2024),[Imported from WormFindr],review,,
mu_body VR12,mu_body VR12 cell,mu_body VR12,cell,,WBbt:0008265,c-elegans,NCBITaxon:6239,L1,hermaphrodite,mu_body VR12 is a muscle cell in the somatic muscle system of C. elegans. Sixth from anterior body wall muscle of ventral right lateral row. Embryonic lineage: Cppaaap,Unknown - function not yet characterized in this dataset,mu_body VR12; mu_body vr12; MU_BODY VR12,Located in the somatic muscle system,,,https://wormbase.org/species/all/anatomy_term/WBbt:0008265,WormFindr Information Cards (Nov 2024),[Imported from WormFindr],review,,
mu_body VR13,mu_body VR13 cell,mu_body VR13,cell,,WBbt:0008266,c-elegans,NCBITaxon:6239,L1,hermaphrodite,mu_body VR13 is a muscle cell in the somatic muscle system of C. elegans. Seventh from anterior body wall muscle of ventral right medial row. Embryonic lineage: MSpappppp,Unknown - function not yet characterized in this dataset,mu_body VR13; mu_body vr13; MU_BODY VR13,Located in the somatic muscle system,,,https://wormbase.org/species/all/anatomy_term/WBbt:0008266,WormFindr Information Cards (Nov 2024),[Imported from WormFindr],review,,
mu_body VR14,mu_body VR14 cell,mu_body VR14,cell,,WBbt:0008265,c-elegans,NCBITaxon:6239,L1,hermaphrodite,mu_body VR14 is a muscle cell in the somatic muscle system of C. elegans. Seventh from anterior body wall muscle of ventral right lateral row. Embryonic lineage: Cppaapa,Unknown - function not yet characterized in this dataset,mu_body VR14; mu_body vr14; MU_BODY VR14,Located in the somatic muscle system,,,https://wormbase.org/species/all/anatomy_term/WBbt:0008265,WormFindr Information Cards (Nov 2024),[Imported from WormFindr],review,,
mu_body VR15,mu_body VR15 cell,mu_body VR15,cell,,WBbt:0008266,c-elegans,NCBITaxon:6239,L1,hermaphrodite,mu_body VR15 is a muscle cell in the somatic muscle system of C. elegans. Eighth from anterior body wall muscle of ventral right medial row. Embryonic lineage: MSpappap,Unknown - function not yet characterized in this dataset,mu_body VR15; mu_body vr15; MU_BODY VR15,Located in the somatic muscle system,,,https://wormbase.org/species/all/anatomy_term/WBbt:0008266,WormFindr Information Cards (Nov 2024),[Imported from WormFindr],review,,
mu_body VR16,mu_body VR16 cell,mu_body VR16,cell,,WBbt:0008265,c-elegans,NCBITaxon:6239,L1,hermaphrodite,mu_body VR16 is a muscle cell in the somatic muscle system of C. elegans. Eighth from anterior body wall muscle of ventral right lateral row. Embryonic lineage: Cppaapp,Unknown - function not yet characterized in this dataset,mu_body VR16; mu_body vr16; MU_BODY VR16,Located in the somatic muscle system,,,https://wormbase.org/species/all/anatomy_term/WBbt:0008265,WormFindr Information Cards (Nov 2024),[Imported from WormFindr],review,,
mu_body VR17,mu_body VR17 cell,mu_body VR17,cell,,WBbt:0008266,c-elegans,NCBITaxon:6239,L1,hermaphrodite,mu_body VR17 is a muscle cell in the somatic muscle system of C. elegans. Ninth from anterior body wall muscle of ventral right medial row. Post-embryonic lineage: M.vraa,Unknown - function not yet characterized in this dataset,mu_body VR17; mu_body vr17; MU_BODY VR17,Located in the somatic muscle system,,,https://wormbase.org/species/all/anatomy_term/WBbt:0008266,WormFindr Information Cards (Nov 2024),[Imported from WormFindr],review,,
mu_body VR18,mu_body VR18 cell,mu_body VR18,cell,,WBbt:0008265,c-elegans,NCBITaxon:6239,L1,hermaphrodite,mu_body VR18 is a muscle cell in the somatic muscle system of C. elegans. Ninth from anterior body wall muscle of ventral right lateral row. Post-embryonic lineage: M.vrap,Unknown - function not yet characterized in this dataset,mu_body VR18; mu_body vr18; MU_BODY VR18,Located in the somatic muscle system,,,https://wormbase.org/species/all/anatomy_term/WBbt:0008265,WormFindr Information Cards (Nov 2024),[Imported from WormFindr],review,,
mu_body VR19,mu_body VR19 cell,mu_body VR19,cell,,WBbt:0008266,c-elegans,NCBITaxon:6239,L1,hermaphrodite,mu_body VR19 is a muscle cell in the somatic muscle system of C. elegans. Tenth from anterior body wall muscle of ventral right medial row. Embryonic lineage: ABprpppppaa,Unknown - function not yet characterized in this dataset,mu_body VR19; mu_body vr19; MU_BODY VR19,Located in the somatic muscle system,,,https://wormbase.org/species/all/anatomy_term/WBbt:0008266,WormFindr Information Cards (Nov 2024),[Imported from WormFindr],review,,
mu_body VR2,mu_body VR2 cell,mu_body VR2,cell,,WBbt:0008265,c-elegans,NCBITaxon:6239,L1,hermaphrodite,mu_body VR2 is a muscle cell in the somatic muscle system of C. elegans. Anteriormost body wall muscle of ventral right lateral row. Embryonic lineage: MSppapap,Unknown - function not yet characterized in this dataset,mu_body VR2; mu_body vr2; MU_BODY VR2,Located in the somatic muscle system,,,https://wormbase.org/species/all/anatomy_term/WBbt:0008265,WormFindr Information Cards (Nov 2024),[Imported from WormFindr],review,,
mu_body VR20,mu_body VR20 cell,mu_body VR20,cell,,WBbt:0008265,c-elegans,NCBITaxon:6239,L1,hermaphrodite,mu_body VR20 is a muscle cell in the somatic muscle system of C. elegans. Tenth from anterior body wall muscle of ventral right lateral row. Embryonic lineage: Cppappa,Unknown - function not yet characterized in this dataset,mu_body VR20; mu_body vr20; MU_BODY VR20,Located in the somatic muscle system,,,https://wormbase.org/species/all/anatomy_term/WBbt:0008265,WormFindr Information Cards (Nov 2024),[Imported from WormFindr],review,,
mu_body VR21,mu_body VR21 cell,mu_body VR21,cell,,WBbt:0008266,c-elegans,NCBITaxon:6239,L1,hermaphrodite,mu_body VR21 is a muscle cell in the somatic muscle system of C. elegans. Eleventh from anterior body wall muscle of ventral right medial row. Embryonic lineage: Cppappp,Unknown - function not yet characterized in this dataset,mu_body VR21; mu_body vr21; MU_BODY VR21,Located in the somatic muscle system,,,https://wormbase.org/species/all/anatomy_term/WBbt:0008266,WormFindr Information Cards (Nov 2024),[Imported from WormFindr],review,,
mu_body VR22,mu_body VR22 cell,mu_body VR22,cell,,WBbt:0008265,c-elegans,NCBITaxon:6239,L1,hermaphrodite,mu_body VR22 is a muscle cell in the somatic muscle system of C. elegans. Eleventh from anterior body wall muscle of ventral right lateral row. Post-embryonic lineage: M.vrpap,Unknown - function not yet characterized in this dataset,mu_body VR22; mu_body vr22; MU_BODY VR22,Located in the somatic muscle system,,,https://wormbase.org/species/all/anatomy_term/WBbt:0008265,WormFindr Information Cards (Nov 2024),[Imported from WormFindr],review,,
mu_body VR23,mu_body VR23 cell,mu_body VR23,cell,,WBbt:0008266,c-elegans,NCBITaxon:6239,L1,hermaphrodite,mu_body VR23 is a muscle cell in the somatic muscle system of C. elegans. Posteriormost body wall muscle of ventral right medial row. Post-embryonic lineage: M.vrpp,Unknown - function not yet characterized in this dataset,mu_body VR23; mu_body vr23; MU_BODY VR23,Located in the somatic muscle system,,,https://wormbase.org/species/all/anatomy_term/WBbt:0008266,WormFindr Information Cards (Nov 2024),[Imported from WormFindr],review,,
mu_body VR24,mu_body VR24 cell,mu_body VR24,cell,,WBbt:0008265,c-elegans,NCBITaxon:6239,L1,hermaphrodite,mu_body VR24 is a muscle cell in the somatic muscle system of C. elegans. Posteriormost body wall muscle of ventral right lateral row. Embryonic lineage: Cpppppv,Unknown - function not yet characterized in this dataset,mu_body VR24; mu_body vr24; MU_BODY VR24,Located in the somatic muscle system,,,https://wormbase.org/species/all/anatomy_term/WBbt:0008265,WormFindr Information Cards (Nov 2024),[Imported from WormFindr],review,,
mu_body VR3,mu_body VR3 cell,mu_body VR3,cell,,WBbt:0008266,c-elegans,NCBITaxon:6239,L1,hermaphrodite,mu_body VR3 is a muscle cell in the somatic muscle system of C. elegans. Second from anterior body wall muscle of ventral right medial row. Embryonic lineage: Dpapa,Unknown - function not yet characterized in this dataset,mu_body VR3; mu_body vr3; MU_BODY VR3,Located in the somatic muscle system,,,https://wormbase.org/species/all/anatomy_term/WBbt:0008266,WormFindr Information Cards (Nov 2024),[Imported from WormFindr],review,,
mu_body VR4,mu_body VR4 cell,mu_body VR4,cell,,WBbt:0008265,c-elegans,NCBITaxon:6239,L1,hermaphrodite,mu_body VR4 is a muscle cell in the somatic muscle system of C. elegans. Second from anterior body wall muscle of ventral right lateral row. Embryonic lineage: MSppppaa,Unknown - function not yet characterized in this dataset,mu_body VR4; mu_body vr4; MU_BODY VR4,Located in the somatic muscle system,,,https://wormbase.org/species/all/anatomy_term/WBbt:0008265,WormFindr Information Cards (Nov 2024),[Imported from WormFindr],review,,
mu_body VR5,mu_body VR5 cell,mu_body VR5,cell,,WBbt:0008266,c-elegans,NCBITaxon:6239,L1,hermaphrodite,mu_body VR5 is a muscle cell in the somatic muscle system of C. elegans. Third from anterior body wall muscle of ventral right medial row. Embryonic lineage: Dpapp,Unknown - function not yet characterized in this dataset,mu_body VR5; mu_body vr5; MU_BODY VR5,Located in the somatic muscle system,,,https://wormbase.org/species/all/anatomy_term/WBbt:0008266,WormFindr Information Cards (Nov 2024),[Imported from WormFindr],review,,
mu_body VR6,mu_body VR6 cell,mu_body VR6,cell,,WBbt:0008265,c-elegans,NCBITaxon:6239,L1,hermaphrodite,mu_body VR6 is a muscle cell in the somatic muscle system of C. elegans. Third from anterior body wall muscle of ventral right lateral row. Embryonic lineage: Dpaaa,Unknown - function not yet characterized in this dataset,mu_body VR6; mu_body vr6; MU_BODY VR6,Located in the somatic muscle system,,,https://wormbase.org/species/all/anatomy_term/WBbt:0008265,WormFindr Information Cards (Nov 2024),[Imported from WormFindr],review,,
mu_body VR7,mu_body VR7 cell,mu_body VR7,cell,,WBbt:0008266,c-elegans,NCBITaxon:6239,L1,hermaphrodite,mu_body VR7 is a muscle cell in the somatic muscle system of C. elegans. Fourth from anterior body wall muscle of ventral right medial row. Embryonic lineage: MSpapppaa,Unknown - function not yet characterized in this dataset,mu_body VR7; mu_body vr7; MU_BODY VR7,Located in the somatic muscle system,,,https://wormbase.org/species/all/anatomy_term/WBbt:0008266,WormFindr Information Cards (Nov 2024),[Imported from WormFindr],review,,
mu_body VR8,mu_body VR8 cell,mu_body VR8,cell,,WBbt:0008265,c-elegans,NCBITaxon:6239,L1,hermaphrodite,mu_body VR8 is a muscle cell in the somatic muscle system of C. elegans. Fourth from anterior body wall muscle of ventral right lateral row. Embryonic lineage: Dppaa,Unknown - function not yet characterized in this dataset,mu_body VR8; mu_body vr8; MU_BODY VR8,Located in the somatic muscle system,,,https://wormbase.org/species/all/anatomy_term/WBbt:0008265,WormFindr Information Cards (Nov 2024),[Imported from WormFindr],review,,
mu_body VR9,mu_body VR9 cell,mu_body VR9,cell,,WBbt:0008266,c-elegans,NCBITaxon:6239,L1,hermaphrodite,mu_body VR9 is a muscle cell in the somatic muscle system of C. elegans. Fifth from anterior body wall muscle of ventral right medial row. Embryonic lineage: MSpapppap,Unknown - function not yet characterized in this dataset,mu_body VR9; mu_body vr9; MU_BODY VR9,Located in the somatic muscle system,,,https://wormbase.org/species/all/anatomy_term/WBbt:0008266,WormFindr Information Cards (Nov 2024),[Imported from WormFindr],review,,
mu_int_L,muintL cell,muintL,cell,,WBbt:0003833,c-elegans,NCBITaxon:6239,L1,hermaphrodite,muintL is a muscle cell in the alimentary system of C. elegans. Muscle cell on left side connecting posterior intestine to body wall. Embryonic lineage: ABplpppppaa,Unknown - function not yet characterized in this dataset,muintL; muintl; MUINTL; mu_int_L,Located in the alimentary system,,,https://wormbase.org/species/all/anatomy_term/WBbt:0003833,WormFindr Information Cards (Nov 2024),[Imported from WormFindr],review,,
mu_int_R,mu intR cell,mu intR,cell,,WBbt:0003822,c-elegans,NCBITaxon:6239,L1,hermaphrodite,mu intR is a muscle cell in the alimentary system of C. elegans. Muscle cell on right side connecting posterior intestine to body wall. Embryonic lineage: MSppaapp,Unknown - function not yet characterized in this dataset,mu intR; mu intr; MU INTR; mu_int_R,Located in the alimentary system,,,https://wormbase.org/species/all/anatomy_term/WBbt:0003822,WormFindr Information Cards (Nov 2024),[Imported from WormFindr],review,,
NSML,NSML cell,NSML,cell,,WBbt:0004457,c-elegans,NCBITaxon:6239,L1,hermaphrodite,NSML is a neuron cell in the alimentary system of C. elegans. Neuron located in left subventral sector of metacorpus with numerous secretory vesicles. Embryonic lineage: ABaraapapaav,Unknown - function not yet characterized in this dataset,NSML; nsml; NSML,Located in the alimentary system,,,https://wormbase.org/species/all/anatomy_term/WBbt:0004457,WormFindr Information Cards (Nov 2024),[Imported from WormFindr],review,,
NSMR,NSMR cell,NSMR,cell,,WBbt:0004446,c-elegans,NCBITaxon:6239,L1,hermaphrodite,NSMR is a neuron cell in the alimentary system of C. elegans. Neuron located in right subventral sector of metacorpus with numerous secretory vesicles. Embryonic lineage: ABaraapppaav,Unknown - function not yet characterized in this dataset,NSMR; nsmr; NSMR,Located in the alimentary system,,,https://wormbase.org/species/all/anatomy_term/WBbt:0004446,WormFindr Information Cards (Nov 2024),[Imported from WormFindr],review,,
OLLL,OLLL cell,OLLL,cell,,WBbt:0004445,c-elegans,NCBITaxon:6239,L1,hermaphrodite,OLLL is a neuron cell in the nervous system of C. elegans. Left outer labial ciliated sensory neuron located in the head. Embryonic lineage: ABalppppapaa,Unknown - function not yet characterized in this dataset,OLLL; olll; OLLL,Located in the nervous system,,,https://wormbase.org/species/all/anatomy_term/WBbt:0004445,WormFindr Information Cards (Nov 2024),[Imported from WormFindr],review,,
OLLR,OLLR cell,OLLR,cell,,WBbt:0004444,c-elegans,NCBITaxon:6239,L1,hermaphrodite,OLLR is a neuron cell in the nervous system of C. elegans. Right outer labial ciliated sensory neuron located in the head. Embyronic lineage: ABpraaapapaa,Unknown - function not yet characterized in this dataset,OLLR; ollr; OLLR,Located in the nervous system,,,https://wormbase.org/species/all/anatomy_term/WBbt:0004444,WormFindr Information Cards (Nov 2024),[Imported from WormFindr],review,,
OLLshL,OLLshL cell,OLLshL,cell,,WBbt:0004443,c-elegans,NCBITaxon:6239,L1,hermaphrodite,OLLshL is a glia cell in the nervous system of C. elegans. Left outer labial sheath cell. Wraps around ciliated ending of OLLL. Embryonic lineage: ABalpppaapd,Unknown - function not yet characterized in this dataset,OLLshL; ollshl; OLLSHL,Located in the nervous system,,,https://wormbase.org/species/all/anatomy_term/WBbt:0004443,WormFindr Information Cards (Nov 2024),[Imported from WormFindr],review,,
OLLshR,OLLshR cell,OLLshR,cell,,WBbt:0004442,c-elegans,NCBITaxon:6239,L1,hermaphrodite,OLLshR is a glia cell in the nervous system of C. elegans. Right outer labial sheath cell. Wraps around ciliated ending of OLLR. Embryonic lineage: ABpraaaaapd,Unknown - function not yet characterized in this dataset,OLLshR; ollshr; OLLSHR,Located in the nervous system,,,https://wormbase.org/species/all/anatomy_term/WBbt:0004442,WormFindr Information Cards (Nov 2024),[Imported from WormFindr],review,,
OLLsoL,OLLsoL cell,OLLsoL,cell,,WBbt:0004441,c-elegans,NCBITaxon:6239,L1,hermaphrodite,OLLsoL is a glia cell in the nervous system of C. elegans. Left  outer labial socket cell. Wraps around distal tip of OLLL. Embryonic lineage: ABalapaaapp,Unknown - function not yet characterized in this dataset,OLLsoL; ollsol; OLLSOL,Located in the nervous system,,,https://wormbase.org/species/all/anatomy_term/WBbt:0004441,WormFindr Information Cards (Nov 2024),[Imported from WormFindr],review,,
OLLsoR,OLLsoR cell,OLLsoR,cell,,WBbt:0004440,c-elegans,NCBITaxon:6239,L1,hermaphrodite,OLLsoR is a glia cell in the nervous system of C. elegans. Right outer labial socket cell. Wraps around distal tip of OLLR. Embryonic lineage: ABalappappp,Unknown - function not yet characterized in this dataset,OLLsoR; ollsor; OLLSOR,Located in the nervous system,,,https://wormbase.org/species/all/anatomy_term/WBbt:0004440,WormFindr Information Cards (Nov 2024),[Imported from WormFindr],review,,
OLQDL,OLQDL cell,OLQDL,cell,,WBbt:0004439,c-elegans,NCBITaxon:6239,L1,hermaphrodite,"OLQDL (Outer Labial Quadrant) - Polymodal neurons (sensory neuron - mechanosensory, interneuron). Located in head. Born from AB lineage: AB alapapapaa for OLQDL. Neurons of outer labial lateral sensilla with dendrites having ciliated endings with striated rootlets, terminating embedded within cuticle of nose. Use glutamate as neurotransmitter (Lee et al., 1999). Express receptors OCR-4, OSM-9 (TRPV channels), NPR-1 (peptide receptor), TRPA-1 (transient receptor potential ion channel), and innexins INX-1a, INX-1b, INX-2, INX-10a, INX-14, UNC-7, UNC-9 (Wormbase; Altun, 2011; Kindt et al., 2007; Coates and de Bono, 2002; Tobin et al., 2002; Colbert et al., 1997; Bhattacharya et al., 2019). IL1, OLQ, and RMD regulate spontaneous foraging movements: in presence of food, C. elegans makes rapid nose oscillations termed 'foraging' as they explore environment; laser-operated animals lacking IL1 and OLQ forage abnormally slowly and make exaggerated dorsal and ventral nose turns (Hart et al., 1995; Kaplan and Driscoll, 1997; Goodman, 2006). Mediate head-withdrawal reflex: when worms touched on ventral or dorsal nose side during forward movement, respond with aversive head movement away from stimulus; simple reflex mediated by two mechanosensory neuron classes (OLQ and IL1) and their synaptic targets (RMD motor neurons), with killing any of these cells alone or in combination diminishing reflex (Kaplan and Driscoll, 1997; Kindt et al., 2007). TRPA-1 function in IL1 and OLQ and GLR-1 function in RMD neurons facilitate both foraging rate and head withdrawal (Kindt et al., 2007). Important model for understanding nose mechanosensation, foraging behavior, and simple reflex circuits.",Unknown - function not yet characterized in this dataset,OLQDL; olqdl; OLQDL,Located in the nervous system,,,https://wormbase.org/species/all/anatomy_term/WBbt:0004439,WormFindr Information Cards (Nov 2024),[Imported from WormFindr],review,,
OLQDR,OLQDR cell,OLQDR,cell,,WBbt:0004438,c-elegans,NCBITaxon:6239,L1,hermaphrodite,"OLQDR (Outer Labial Quadrant) - Polymodal neurons (sensory neuron - mechanosensory, interneuron). Located in head. Born from AB lineage: AB alapppapaa for OLQDR. Neurons of outer labial lateral sensilla with dendrites having ciliated endings with striated rootlets, terminating embedded within cuticle of nose. Use glutamate as neurotransmitter (Lee et al., 1999). Express receptors OCR-4, OSM-9 (TRPV channels), NPR-1 (peptide receptor), TRPA-1 (transient receptor potential ion channel), and innexins INX-1a, INX-1b, INX-2, INX-10a, INX-14, UNC-7, UNC-9 (Wormbase; Altun, 2011; Kindt et al., 2007; Coates and de Bono, 2002; Tobin et al., 2002; Colbert et al., 1997; Bhattacharya et al., 2019). IL1, OLQ, and RMD regulate spontaneous foraging movements: in presence of food, C. elegans makes rapid nose oscillations termed 'foraging' as they explore environment; laser-operated animals lacking IL1 and OLQ forage abnormally slowly and make exaggerated dorsal and ventral nose turns (Hart et al., 1995; Kaplan and Driscoll, 1997; Goodman, 2006). Mediate head-withdrawal reflex: when worms touched on ventral or dorsal nose side during forward movement, respond with aversive head movement away from stimulus; simple reflex mediated by two mechanosensory neuron classes (OLQ and IL1) and their synaptic targets (RMD motor neurons), with killing any of these cells alone or in combination diminishing reflex (Kaplan and Driscoll, 1997; Kindt et al., 2007). TRPA-1 function in IL1 and OLQ and GLR-1 function in RMD neurons facilitate both foraging rate and head withdrawal (Kindt et al., 2007). Important model for understanding nose mechanosensation, foraging behavior, and simple reflex circuits.",Unknown - function not yet characterized in this dataset,OLQDR; olqdr; OLQDR,Located in the nervous system,,,https://wormbase.org/species/all/anatomy_term/WBbt:0004438,WormFindr Information Cards (Nov 2024),[Imported from WormFindr],review,,
OLQshDL,OLQshDL cell,OLQshDL,cell,,WBbt:0004430,c-elegans,NCBITaxon:6239,L1,hermaphrodite,OLQshDL is a glia cell in the nervous system of C. elegans. Dorsal left outer labial sheath cell. Wraps around ciliated ending of OLQDL. Embryonic lineage: ABarpaaaapa,Unknown - function not yet characterized in this dataset,OLQshDL; olqshdl; OLQSHDL,Located in the nervous system,,,https://wormbase.org/species/all/anatomy_term/WBbt:0004430,WormFindr Information Cards (Nov 2024),[Imported from WormFindr],review,,
OLQshDR,OLQshDR cell,OLQshDR,cell,,WBbt:0004429,c-elegans,NCBITaxon:6239,L1,hermaphrodite,OLQshDR is a glia cell in the nervous system of C. elegans. Dorsal right outer labial sheath cell. Wraps around ciliated ending of OLQDR. Embryonic lineage: ABarpaaapaa,Unknown - function not yet characterized in this dataset,OLQshDR; olqshdr; OLQSHDR,Located in the nervous system,,,https://wormbase.org/species/all/anatomy_term/WBbt:0004429,WormFindr Information Cards (Nov 2024),[Imported from WormFindr],review,,
OLQshVL,OLQshVL cell,OLQshVL,cell,,WBbt:0004428,c-elegans,NCBITaxon:6239,L1,hermaphrodite,OLQshVL is a glia cell in the nervous system of C. elegans. Ventral left outer labial sheath cell. Wraps around ciliated ending of OLQVL. Embryonic lineage: ABalpppaaap,Unknown - function not yet characterized in this dataset,OLQshVL; olqshvl; OLQSHVL,Located in the nervous system,,,https://wormbase.org/species/all/anatomy_term/WBbt:0004428,WormFindr Information Cards (Nov 2024),[Imported from WormFindr],review,,
OLQshVR,OLQshVR cell,OLQshVR,cell,,WBbt:0004427,c-elegans,NCBITaxon:6239,L1,hermaphrodite,OLQshVR is a glia cell in the nervous system of C. elegans. Ventral right outer labial sheath cell. Wraps around ciliated ending of OLQVR. Embryonic lineage: ABpraaaaaap,Unknown - function not yet characterized in this dataset,OLQshVR; olqshvr; OLQSHVR,Located in the nervous system,,,https://wormbase.org/species/all/anatomy_term/WBbt:0004427,WormFindr Information Cards (Nov 2024),[Imported from WormFindr],review,,
OLQsoDL,OLQsoDL cell,OLQsoDL,cell,,WBbt:0004426,c-elegans,NCBITaxon:6239,L1,hermaphrodite,OLQsoDL is a glia cell in the nervous system of C. elegans. Dorsal left outer labial socket cell. Wraps around distal tip of OLQDL. Embryonic lineage: ABarpaaaaal,Unknown - function not yet characterized in this dataset,OLQsoDL; olqsodl; OLQSODL,Located in the nervous system,,,https://wormbase.org/species/all/anatomy_term/WBbt:0004426,WormFindr Information Cards (Nov 2024),[Imported from WormFindr],review,,
OLQsoDR,OLQsoDR cell,OLQsoDR,cell,,WBbt:0004425,c-elegans,NCBITaxon:6239,L1,hermaphrodite,OLQsoDR is a glia cell in the nervous system of C. elegans. Dorsal right outer labial socket cell. Wraps around distal tip of OLQDR. Embryonic lineage: ABarpaaaaar,Unknown - function not yet characterized in this dataset,OLQsoDR; olqsodr; OLQSODR,Located in the nervous system,,,https://wormbase.org/species/all/anatomy_term/WBbt:0004425,WormFindr Information Cards (Nov 2024),[Imported from WormFindr],review,,
OLQsoVL,OLQsoVL cell,OLQsoVL,cell,,WBbt:0004424,c-elegans,NCBITaxon:6239,L1,hermaphrodite,OLQsoVL is a glia cell in the nervous system of C. elegans. Ventral left outer labial socket cell. Wraps around distal tip of OLQVL. Embryonic lineage: ABalppaaapp,Unknown - function not yet characterized in this dataset,OLQsoVL; olqsovl; OLQSOVL,Located in the nervous system,,,https://wormbase.org/species/all/anatomy_term/WBbt:0004424,WormFindr Information Cards (Nov 2024),[Imported from WormFindr],review,,
OLQsoVR,OLQsoVR cell,OLQsoVR,cell,,WBbt:0004423,c-elegans,NCBITaxon:6239,L1,hermaphrodite,OLQsoVR is a glia cell in the nervous system of C. elegans. Ventral right outer labial socket cell. Wraps around distal tip of OLQVR. Embryonic lineage: ABalaappapp,Unknown - function not yet characterized in this dataset,OLQsoVR; olqsovr; OLQSOVR,Located in the nervous system,,,https://wormbase.org/species/all/anatomy_term/WBbt:0004423,WormFindr Information Cards (Nov 2024),[Imported from WormFindr],review,,
OLQVL,OLQVL cell,OLQVL,cell,,WBbt:0004437,c-elegans,NCBITaxon:6239,L1,hermaphrodite,"OLQVL (Outer Labial Quadrant) - Polymodal neurons (sensory neuron - mechanosensory, interneuron). Located in head. Born from AB lineage: AB plpaaappaa for OLQVL. Neurons of outer labial lateral sensilla with dendrites having ciliated endings with striated rootlets, terminating embedded within cuticle of nose. Use glutamate as neurotransmitter (Lee et al., 1999). Express receptors OCR-4, OSM-9 (TRPV channels), NPR-1 (peptide receptor), TRPA-1 (transient receptor potential ion channel), and innexins INX-1a, INX-1b, INX-2, INX-10a, INX-14, UNC-7, UNC-9 (Wormbase; Altun, 2011; Kindt et al., 2007; Coates and de Bono, 2002; Tobin et al., 2002; Colbert et al., 1997; Bhattacharya et al., 2019). IL1, OLQ, and RMD regulate spontaneous foraging movements: in presence of food, C. elegans makes rapid nose oscillations termed 'foraging' as they explore environment; laser-operated animals lacking IL1 and OLQ forage abnormally slowly and make exaggerated dorsal and ventral nose turns (Hart et al., 1995; Kaplan and Driscoll, 1997; Goodman, 2006). Mediate head-withdrawal reflex: when worms touched on ventral or dorsal nose side during forward movement, respond with aversive head movement away from stimulus; simple reflex mediated by two mechanosensory neuron classes (OLQ and IL1) and their synaptic targets (RMD motor neurons), with killing any of these cells alone or in combination diminishing reflex (Kaplan and Driscoll, 1997; Kindt et al., 2007). TRPA-1 function in IL1 and OLQ and GLR-1 function in RMD neurons facilitate both foraging rate and head withdrawal (Kindt et al., 2007). Important model for understanding nose mechanosensation, foraging behavior, and simple reflex circuits.",Unknown - function not yet characterized in this dataset,OLQVL; olqvl; OLQVL,Located in the nervous system,,,https://wormbase.org/species/all/anatomy_term/WBbt:0004437,WormFindr Information Cards (Nov 2024),[Imported from WormFindr],review,,
OLQVR,OLQVR cell,OLQVR,cell,,WBbt:000443,c-elegans,NCBITaxon:6239,L1,hermaphrodite,"OLQVR (Outer Labial Quadrant) - Polymodal neurons (sensory neuron - mechanosensory, interneuron). Located in head. Born from AB lineage: AB prpaaappaa for OLQVR. Neurons of outer labial lateral sensilla with dendrites having ciliated endings with striated rootlets, terminating embedded within cuticle of nose. Use glutamate as neurotransmitter (Lee et al., 1999). Express receptors OCR-4, OSM-9 (TRPV channels), NPR-1 (peptide receptor), TRPA-1 (transient receptor potential ion channel), and innexins INX-1a, INX-1b, INX-2, INX-10a, INX-14, UNC-7, UNC-9 (Wormbase; Altun, 2011; Kindt et al., 2007; Coates and de Bono, 2002; Tobin et al., 2002; Colbert et al., 1997; Bhattacharya et al., 2019). IL1, OLQ, and RMD regulate spontaneous foraging movements: in presence of food, C. elegans makes rapid nose oscillations termed 'foraging' as they explore environment; laser-operated animals lacking IL1 and OLQ forage abnormally slowly and make exaggerated dorsal and ventral nose turns (Hart et al., 1995; Kaplan and Driscoll, 1997; Goodman, 2006). Mediate head-withdrawal reflex: when worms touched on ventral or dorsal nose side during forward movement, respond with aversive head movement away from stimulus; simple reflex mediated by two mechanosensory neuron classes (OLQ and IL1) and their synaptic targets (RMD motor neurons), with killing any of these cells alone or in combination diminishing reflex (Kaplan and Driscoll, 1997; Kindt et al., 2007). TRPA-1 function in IL1 and OLQ and GLR-1 function in RMD neurons facilitate both foraging rate and head withdrawal (Kindt et al., 2007). Important model for understanding nose mechanosensation, foraging behavior, and simple reflex circuits.",Unknown - function not yet characterized in this dataset,OLQVR; olqvr; OLQVR,Located in the nervous system,,,https://wormbase.org/species/all/anatomy_term/WBbt:0004431,WormFindr Information Cards (Nov 2024),[Imported from WormFindr],review,,
P12.pa,P12.pa cell,P12.pa,cell,,,c-elegans,NCBITaxon:6239,L1,hermaphrodite,P12.pa is a cell in C. elegans. [Description needs expansion],Unknown - function not yet characterized in this dataset,P12.pa; p12.pa; P12.PA,,,,,WormFindr Information Cards (Nov 2024),[Imported from WormFindr],review,,
P2,P2 blastomere,P2,cell,,,c-elegans,NCBITaxon:6239,embryo,both,P2 is a germline-lineage blastomere of the 4-cell embryo; its signaling to EMS helps specify the E (endoderm) fate.,Germline-lineage blastomere; signals EMS to specify endoderm.,P2 cell,,,IntFIG3,,WormAtlas IntFIG3 cataloguing,[to fill],draft,,
P3,P3 blastomere,P3,cell,,,c-elegans,NCBITaxon:6239,embryo,both,"P3 is a germline-lineage blastomere, the posterior daughter of P2; divides into D and the germline blastomere P4.",Germline-lineage blastomere; divides into D and P4.,P3 cell,,,IntFIG3,,WormAtlas IntFIG3 cataloguing,[to fill],draft,,
P3.p,P3.p cell,P3.p,cell,,WBbt:0006891,c-elegans,NCBITaxon:6239,L1,hermaphrodite,P3.p is a vulval precursor cell in the reproductive system of C. elegans. Precursor to vulval cell. Post-embryonic lineage: P3.p,Unknown - function not yet characterized in this dataset,P3.p; p3.p; P3.P,Located in the reproductive system,,,https://wormbase.org/species/all/anatomy_term/WBbt:0006891,WormFindr Information Cards (Nov 2024),[Imported from WormFindr],review,,
P4,P4 blastomere,P4,cell,,,c-elegans,NCBITaxon:6239,embryo,both,P4 is the germline blastomere; it divides into the two primordial germ cells Z2 and Z3.,"Germline blastomere; progenitor of the germ line (Z2, Z3).",P4 cell,,,IntFIG3,,WormAtlas IntFIG3 cataloguing,[to fill],draft,,
P4.p,P4.p cell,P4.p,cell,,WBbt:0008117,c-elegans,NCBITaxon:6239,L1,hermaphrodite,P4.p is a vulval precursor cell in the reproductive system of C. elegans. Precursor to vulval cell. Post-embryonic lineage: P4.p,Unknown - function not yet characterized in this dataset,P4.p; p4.p; P4.P,Located in the reproductive system,,,https://wormbase.org/species/all/anatomy_term/WBbt:0008117,WormFindr Information Cards (Nov 2024),[Imported from WormFindr],review,,
P5.p,P5.p cell,P5.p,cell,,WBbt:0008121,c-elegans,NCBITaxon:6239,L1,hermaphrodite,P5.p is a vulval precursor cell in the reproductive system of C. elegans. Precursor to vulval cell. Post-embryonic lineage: P5.p,Unknown - function not yet characterized in this dataset,P5.p; p5.p; P5.P,Located in the reproductive system,,,https://wormbase.org/species/all/anatomy_term/WBbt:0008121,WormFindr Information Cards (Nov 2024),[Imported from WormFindr],review,,
P6.p,P6.p cell,P6.p,cell,,WBbt:0008125,c-elegans,NCBITaxon:6239,L1,hermaphrodite,P6.p is a vulval precursor cell in the reproductive system of C. elegans. Precursor to vulval cell. Post-embryonic lineage: P6.p,Unknown - function not yet characterized in this dataset,P6.p; p6.p; P6.P,Located in the reproductive system,,,https://wormbase.org/species/all/anatomy_term/WBbt:0008125,WormFindr Information Cards (Nov 2024),[Imported from WormFindr],review,,
P7.p,P7.p cell,P7.p,cell,,WBbt:0008129,c-elegans,NCBITaxon:6239,L1,hermaphrodite,P7.p is a vulval precursor cell in the reproductive system of C. elegans. Precursor to vulval cell. Post-embryonic lineage: P7.p,Unknown - function not yet characterized in this dataset,P7.p; p7.p; P7.P,Located in the reproductive system,,,https://wormbase.org/species/all/anatomy_term/WBbt:0008129,WormFindr Information Cards (Nov 2024),[Imported from WormFindr],review,,
P8.p,P8.p cell,P8.p,cell,,WBbt:0006896,c-elegans,NCBITaxon:6239,L1,hermaphrodite,P8.p is a vulval precursor cell in the reproductive system of C. elegans. Precursor to vulval cell. Post-embryonic lineage: P8.p,Unknown - function not yet characterized in this dataset,P8.p; p8.p; P8.P,Located in the reproductive system,,,https://wormbase.org/species/all/anatomy_term/WBbt:0006896,WormFindr Information Cards (Nov 2024),[Imported from WormFindr],review,,
PDB,PDB cell,PDB,cell,,WBbt:0004385,c-elegans,NCBITaxon:6239,L1,hermaphrodite,"PDB is a neuron cell in the nervous system of C. elegans. Motor neuron located in preanal ganglion. At this stage, posterior process only extends slightly posterior of anus. Post-embryonic lineage: P12.apa",Unknown - function not yet characterized in this dataset,PDB; pdb; PDB,Located in the nervous system,,,https://wormbase.org/species/all/anatomy_term/WBbt:0004385,WormFindr Information Cards (Nov 2024),[Imported from WormFindr],review,,
PHAL,PHAL cell,PHAL,cell,,WBbt:0004366,c-elegans,NCBITaxon:6239,L1,hermaphrodite,PHAL is a neuron cell in the nervous system of C. elegans. Left ciliated phasmid neuron (A) in the tail. Embryonic lineage: ABplpppaapp,Unknown - function not yet characterized in this dataset,PHAL; phal; PHAL,Located in the nervous system,,,https://wormbase.org/species/all/anatomy_term/WBbt:0004366,WormFindr Information Cards (Nov 2024),[Imported from WormFindr],review,,
PHAR,PHAR cell,PHAR,cell,,WBbt:0004365,c-elegans,NCBITaxon:6239,L1,hermaphrodite,PHAR is a neuron cell in the nervous system of C. elegans. Right ciliated phasmid neuron (A) in the tail. Embryonic lineage:ABprpppaapp,Unknown - function not yet characterized in this dataset,PHAR; phar; PHAR,Located in the nervous system,,,https://wormbase.org/species/all/anatomy_term/WBbt:0004365,WormFindr Information Cards (Nov 2024),[Imported from WormFindr],review,,
PHBL,PHBL cell,PHBL,cell,,WBbt:0004364,c-elegans,NCBITaxon:6239,L1,hermaphrodite,PHBL is a neuron cell in the nervous system of C. elegans. Left ciliated phasmid neuron (B) in the tail. Embryonic lineage:  ABplapppappp,Unknown - function not yet characterized in this dataset,PHBL; phbl; PHBL,Located in the nervous system,,,https://wormbase.org/species/all/anatomy_term/WBbt:0004364,WormFindr Information Cards (Nov 2024),[Imported from WormFindr],review,,
PHBR,PHBR cell,PHBR,cell,,WBbt:0005659,c-elegans,NCBITaxon:6239,L1,hermaphrodite,PHBR is a neuron cell in the nervous system of C. elegans. Right ciliated phasmid neuron (B) in the tail. Embryonic lineage: ABprapppappp,Unknown - function not yet characterized in this dataset,PHBR; phbr; PHBR,Located in the nervous system,,,https://wormbase.org/species/all/anatomy_term/WBbt:0005659,WormFindr Information Cards (Nov 2024),[Imported from WormFindr],review,,
PHCL,PHCL cell,PHCL,cell,,WBbt:0004362,c-elegans,NCBITaxon:6239,L1,hermaphrodite,PHCL is a neuron cell in the nervous system of C. elegans. Left sensory neuron  located in tail.Sends anterior process to ventral cord and posterior process into tail spike. Post-embryonic lineage: TL.pppaa,Unknown - function not yet characterized in this dataset,PHCL; phcl; PHCL,Located in the nervous system,,,https://wormbase.org/species/all/anatomy_term/WBbt:0004362,WormFindr Information Cards (Nov 2024),[Imported from WormFindr],review,,
PHCR,PHCR cell,PHCR,cell,,WBbt:0004118,c-elegans,NCBITaxon:6239,L1,hermaphrodite,PHCR is a neuron cell in the nervous system of C. elegans. Right sensory neuron  located in tail.Sends anterior process to ventral cord and posterior process into tail spike. Post-embryonic lineage: TR.pppaa,Unknown - function not yet characterized in this dataset,PHCR; phcr; PHCR,Located in the nervous system,,,https://wormbase.org/species/all/anatomy_term/WBbt:0004118,WormFindr Information Cards (Nov 2024),[Imported from WormFindr],review,,
PHshL,PHshL cell,PHshL,cell,,WBbt:0004116,c-elegans,NCBITaxon:6239,L1,hermaphrodite,PHshL is a glia cell in the nervous system of C. elegans. Left phasmid sheath cell. Wraps around ciliated endings of PHAL and PHBL. Embryonic lineage: ABplpppapaa,Unknown - function not yet characterized in this dataset,PHshL; phshl; PHSHL,Located in the nervous system,,,https://wormbase.org/species/all/anatomy_term/WBbt:0004116,WormFindr Information Cards (Nov 2024),[Imported from WormFindr],review,,
PHshR,PHshR cell,PHshR,cell,,WBbt:0004114,c-elegans,NCBITaxon:6239,L1,hermaphrodite,PHshR is a glia cell in the nervous system of C. elegans. Right phasmid sheath cell. Wraps around ciliated endings of PHAR and PHBR. Embryonic lineage: ABprpppapaa,Unknown - function not yet characterized in this dataset,PHshR; phshr; PHSHR,Located in the nervous system,,,https://wormbase.org/species/all/anatomy_term/WBbt:0004114,WormFindr Information Cards (Nov 2024),[Imported from WormFindr],review,,
PHso1L,PHso1L cell,PHso1L,cell,,WBbt:0004112,c-elegans,NCBITaxon:6239,L1,hermaphrodite,PHso1L is a glia cell in the nervous system of C. elegans. Left phasmid socket cell (1). Wraps around ciliated endings of PHAL and PHBL proximal to PHso2L. Post-embryonic lineage: TL.paa,Unknown - function not yet characterized in this dataset,PHso1L; phso1l; PHSO1L,Located in the nervous system,,,https://wormbase.org/species/all/anatomy_term/WBbt:0004112,WormFindr Information Cards (Nov 2024),[Imported from WormFindr],review,,
PHso1R,PHso1R cell,PHso1R,cell,,WBbt:0004110,c-elegans,NCBITaxon:6239,L1,hermaphrodite,PHso1R is a glia cell in the nervous system of C. elegans. Right phasmid socket cell (1). Wraps around ciliated endings of PHAR and PHBR proximal to PHso2L. Post-embryonic lineage: TR.paa,Unknown - function not yet characterized in this dataset,PHso1R; phso1r; PHSO1R,Located in the nervous system,,,https://wormbase.org/species/all/anatomy_term/WBbt:0004110,WormFindr Information Cards (Nov 2024),[Imported from WormFindr],review,,
PHso2L,PHso2L cell,PHso2L,cell,,WBbt:0004108,c-elegans,NCBITaxon:6239,L1,hermaphrodite,PHso2L is a glia cell in the nervous system of C. elegans. Left phasmid socket cell (2). Wraps around distal ciliated endings of PHAL and PHBL. Post-embryonic lineage: TL.pap,Unknown - function not yet characterized in this dataset,PHso2L; phso2l; PHSO2L,Located in the nervous system,,,https://wormbase.org/species/all/anatomy_term/WBbt:0004108,WormFindr Information Cards (Nov 2024),[Imported from WormFindr],review,,
PHso2R,PHso2R cell,PHso2R,cell,,WBbt:0004106,c-elegans,NCBITaxon:6239,L1,hermaphrodite,PHso2R is a glia cell in the nervous system of C. elegans. Right phasmid socket cell (2). Wraps around distal ciliated endings of PHAR and PHBR. Post-embryonic lineage: TR.pap,Unknown - function not yet characterized in this dataset,PHso2R; phso2r; PHSO2R,Located in the nervous system,,,https://wormbase.org/species/all/anatomy_term/WBbt:0004106,WormFindr Information Cards (Nov 2024),[Imported from WormFindr],review,,
PLML,PLML cell,PLML,cell,,WBbt:0004104,c-elegans,NCBITaxon:6239,L1,hermaphrodite,"PLML (Posterior Lateral Microtubule Left) - The PLMs are mechanosensory neurons. The cell bodies are located in the lumbar ganglia. is among the six non-ciliated touch receptor neurons (TRN) that extend long, 15-protofilament microtubule (MT)-filled neurites in close apposition to the hypodermis and cuticle. The PLMs extends a short posterior process towards the tail tip and a long anterior process along the ventral edge of the lateral hypodermal ridge. Near the vulva, the PLML anterior process sends a branch towards the ventral nerve cord, but does not enter the cord. PLML is born from the AB lineage: AB plapappppaa. ","Along with AVM and ALM, PLM neurons sense gentle (low threshold) mechanical stimulus and provide input to command interneurons (PVC, AVB, AVD, AVA) via synaptic connections and gap junctions. In the escape response circuit, posterior touch cells PLML/R form gap junctions with forward movement interneuron PVC (agonist) but provide synaptic input to backward movement interneurons AVA and AVD (Goodman, 2006; Chalfie et al., 1985; Kaplan and Driscoll, 1997). Use glutamate as neurotransmitter (Lee et al., 1999). Express mechanosensory channel complex components MEC-2 (stomatin-like protein), MEC-4 (DEG/ENaC subunit), MEC-6 (degenerin complex protein), and MEC-9 (extracellular attachment point), along with receptors DEG-3, DES-2 (nAChR subunits), DOP-1 (dopamine receptor), GLR-8 (glutamate receptor), and PDFR-1 (Wormbase; Barrios et al., 2012; Sanyal et al., 2004; Chelur et al., 2002). Involved in memory formation for habituation to tap response with both 12-hr and 48-hr memory retention, requiring FLP-20-dependent increase of synaptic vesicles in PLM terminals and CREB/GLR-1 in postsynaptic AVA/AVD interneurons (Timbers and Rankin, 2011; Li et al., 2013). Most extensively studied mechanosensory neuron and standard model for touch transduction research.",PLML; plml; PLML,Located in the nervous system,,,https://wormbase.org/species/all/anatomy_term/WBbt:0004104,WormFindr Information Cards (Nov 2024),[Imported from WormFindr],review,,
PLMR,PLMR cell,PLMR,cell,,WBbt:0004103,c-elegans,NCBITaxon:6239,L1,hermaphrodite,"PLMR (Posterior Lateral Microtubule Right) - The PLMs are mechanosensory neurons. The cell bodies are located in the lumbar ganglia. PLMR is among the six non-ciliated touch receptor neurons (TRN) that extend long, 15-protofilament microtubule (MT)-filled neurites in close apposition to the hypodermis and cuticle. The PLMs extends a short posterior process towards the tail tip and a long anterior process along the ventral edge of the lateral hypodermal ridge. Near the vulva, the PLML anterior process sends a branch towards and into the ventral nerve cord. PLMR is born from AB lineage: AB prapappppaa. ","Along with AVM and ALM, PLM neurons sense gentle (low threshold) mechanical stimulus and provide input to command interneurons (PVC, AVB, AVD, AVA) via synaptic connections and gap junctions. In the escape response circuit, posterior touch cells PLML/R form gap junctions with forward movement interneuron PVC (agonist) but provide synaptic input to backward movement interneurons AVA and AVD (Goodman, 2006; Chalfie et al., 1985; Kaplan and Driscoll, 1997). Use glutamate as neurotransmitter (Lee et al., 1999). Express mechanosensory channel complex components MEC-2 (stomatin-like protein), MEC-4 (DEG/ENaC subunit), MEC-6 (degenerin complex protein), and MEC-9 (extracellular attachment point), along with receptors DEG-3, DES-2 (nAChR subunits), DOP-1 (dopamine receptor), GLR-8 (glutamate receptor), and PDFR-1 (Wormbase; Barrios et al., 2012; Sanyal et al., 2004; Chelur et al., 2002). Involved in memory formation for habituation to tap response with both 12-hr and 48-hr memory retention, requiring FLP-20-dependent increase of synaptic vesicles in PLM terminals and CREB/GLR-1 in postsynaptic AVA/AVD interneurons (Timbers and Rankin, 2011; Li et al., 2013). Most extensively studied mechanosensory neuron and standard model for touch transduction research.",PLMR; plmr; PLMR,Located in the nervous system,,,https://wormbase.org/species/all/anatomy_term/WBbt:0004103,WormFindr Information Cards (Nov 2024),[Imported from WormFindr],review,,
PLNL,PLNL cell,PLNL,cell,,WBbt:0004102,c-elegans,NCBITaxon:6239,L1,hermaphrodite,PLNL is a neuron cell in the nervous system of C. elegans. Left sensory and interneuron in lumbar ganglion. Sends anterior process in ventral sublateral cords to nerve ring. Post-embryonic lineage: TL.pppap,Unknown - function not yet characterized in this dataset,PLNL; plnl; PLNL,Located in the nervous system,,,https://wormbase.org/species/all/anatomy_term/WBbt:0004102,WormFindr Information Cards (Nov 2024),[Imported from WormFindr],review,,
PLNR,PLNR cell,PLNR,cell,,WBbt:0004098,c-elegans,NCBITaxon:6239,L1,hermaphrodite,PLNR is a neuron cell in the nervous system of C. elegans. Right sensory and interneuron in lumbar ganglion. Sends anterior process in ventral sublateral cords to nerve ring. Post-embryonic lineage: TR.pppap,Unknown - function not yet characterized in this dataset,PLNR; plnr; PLNR,Located in the nervous system,,,https://wormbase.org/species/all/anatomy_term/WBbt:0004098,WormFindr Information Cards (Nov 2024),[Imported from WormFindr],review,,
pm1,pm1 cell,pm1,cell,PENDING-pharynx,WBbt:0003744,c-elegans,NCBITaxon:6239,L1,hermaphrodite,"pm1 is a muscle cell in the alimentary system of C. elegans. Multinucleated muscle cell in pharyngeal procorpus. Embryonic lineage: ABaraapaaap, ABaraappaap, ABaraaaaaap, ABaraaaaapp, ABalpaaaapa, ABarapaaapa",Unknown - function not yet characterized in this dataset,pm1; pm1; PM1,Located in the alimentary system,,,https://wormbase.org/species/all/anatomy_term/WBbt:0003744,WormFindr Information Cards (Nov 2024),[Imported from WormFindr],review,,
pm2DL-pm2DR,pm2DL-DR cell,pm2DL-DR,cell,PENDING-pharynx,WBbt:0003632,c-elegans,NCBITaxon:6239,L1,hermaphrodite,"pm2DL-DR is a muscle cell in the alimentary system of C. elegans. Multinucleated muscle cell in dorsal sector of pharyngeal procorpus. Embryonic lineage: ABaraapaapa, ABaraappapa",Unknown - function not yet characterized in this dataset,pm2DL-DR; pm2dl-dr; PM2DL-DR; pm2DL-pm2DR,Located in the alimentary system,,,https://wormbase.org/species/all/anatomy_term/WBbt:0003632,WormFindr Information Cards (Nov 2024),[Imported from WormFindr],review,,
pm2L-pm2VL,pm2L-pmVL cell,pm2L-pmVL,cell,PENDING-pharynx,WBbt:0003635,c-elegans,NCBITaxon:6239,L1,hermaphrodite,"pm2L-pmVL is a muscle cell in the alimentary system of C. elegans. Multinucleated muscle cell in ventral left sector of pharyngeal procorpus. Embryonic lineage: ABalpaaapaa, ABalpaaaaap",Unknown - function not yet characterized in this dataset,pm2L-pmVL; pm2l-pmvl; PM2L-PMVL,Located in the alimentary system,,,https://wormbase.org/species/all/anatomy_term/WBbt:0003635,WormFindr Information Cards (Nov 2024),[Imported from WormFindr],review,,
pm2R-pm2VR,pm2R-pm2VR cell,pm2R-pm2VR,cell,PENDING-pharynx,WBbt:0003633,c-elegans,NCBITaxon:6239,L1,hermaphrodite,"pm2R-pm2VR is a muscle cell in the alimentary system of C. elegans. Multinucleated muscle cell in ventral right sector of pharyngeal procorpus. Embryonic lineage: ABarapaapaa, ABarapaaaap",Unknown - function not yet characterized in this dataset,pm2R-pm2VR; pm2r-pm2vr; PM2R-PM2VR,Located in the alimentary system,,,https://wormbase.org/species/all/anatomy_term/WBbt:0003633,WormFindr Information Cards (Nov 2024),[Imported from WormFindr],review,,
pm3DL-pm3DR,pm3DL-DR cell,pm3DL-DR,cell,PENDING-pharynx,WBbt:0003630,c-elegans,NCBITaxon:6239,L1,hermaphrodite,"pm3DL-DR is a muscle cell in the alimentary system of C. elegans. Multinucleated muscle cell in dorsal sector of pharyngeal procorpus. Embryonic lineage: MSaaapaaa, MSpaaaapa",Unknown - function not yet characterized in this dataset,pm3DL-DR; pm3dl-dr; PM3DL-DR; pm3DL-pm3DR,Located in the alimentary system,,,https://wormbase.org/species/all/anatomy_term/WBbt:0003630,WormFindr Information Cards (Nov 2024),[Imported from WormFindr],review,,
pm3L-pm3VL,pm3L-VL cell,pm3L-VL,cell,PENDING-pharynx,WBbt:0003631,c-elegans,NCBITaxon:6239,L1,hermaphrodite,"pm3L-VL is a muscle cell in the alimentary system of C. elegans. Multinucleated muscle cell in ventral left sector of pharyngeal procorpus. Embryonic lineage: ABalpaapapp, ABalpappppp",Unknown - function not yet characterized in this dataset,pm3L-VL; pm3l-vl; PM3L-VL; pm3L-pm3VL,Located in the alimentary system,,,https://wormbase.org/species/all/anatomy_term/WBbt:0003631,WormFindr Information Cards (Nov 2024),[Imported from WormFindr],review,,
pm3R-pm3VR,pm3R-VR cell,pm3R-VR,cell,PENDING-pharynx,WBbt:0003629,c-elegans,NCBITaxon:6239,L1,hermaphrodite,"pm3R-VR is a muscle cell in the alimentary system of C. elegans. Multinucleated muscle cell in ventral right sector of pharyngeal procorpus. Embryonic lineage: ABarapaappa, ABarapapppp",Unknown - function not yet characterized in this dataset,pm3R-VR; pm3r-vr; PM3R-VR; pm3R-pm3VR,Located in the alimentary system,,,https://wormbase.org/species/all/anatomy_term/WBbt:0003629,WormFindr Information Cards (Nov 2024),[Imported from WormFindr],review,,
pm4,pm4 cell,pm4,cell-group,PENDING-pharynx,WBbt:0003739,c-elegans,NCBITaxon:6239,L1,hermaphrodite,"pm4 is a muscle cell in the alimentary system of C. elegans. Multinucleated muscle cell in pharyngeal metacorpus. Embryonic lineage: MSaaaaapp, MSpaaaapp,Msaaapaap, Msaapaaaa, ABaraaapapp,",Unknown - function not yet characterized in this dataset,pm4; pm4; PM4,Located in the alimentary system,,,https://wormbase.org/species/all/anatomy_term/WBbt:0003739,WormFindr Information Cards (Nov 2024),[Imported from WormFindr],review,,
pm4DL-pm4DR,pm4DL-DR cell,pm4DL-DR,cell,PENDING-pharynx,,c-elegans,NCBITaxon:6239,L1,hermaphrodite,"pm4DL-DR is a binucleate pharyngeal muscle cell of the alimentary system in C. elegans, located in the dorsal sector of the metacorpus; one of the three cells comprising the pm4 muscle group.",Unknown - function not yet characterized in this dataset,pm4DL-DR; pm4dl-dr; PM4DL-DR; pm4DL-pm4DR,Located in the alimentary system,,PhaFIG1,,PhaFIG1 cataloguing (Aug 2026),[PhaFIG1 cataloguing - draft],draft,,
pm4L-pm4VL,pm4L-VL cell,pm4L-VL,cell,PENDING-pharynx,,c-elegans,NCBITaxon:6239,L1,hermaphrodite,"pm4L-VL is a binucleate pharyngeal muscle cell of the alimentary system in C. elegans, located in the ventral left sector of the metacorpus; one of the three cells comprising the pm4 muscle group.",Unknown - function not yet characterized in this dataset,pm4L-VL; pm4l-vl; PM4L-VL; pm4L-pm4VL,Located in the alimentary system,,PhaFIG1,,PhaFIG1 cataloguing (Aug 2026),[PhaFIG1 cataloguing - draft],draft,,
pm4R-pm4VR,pm4R-VR cell,pm4R-VR,cell,PENDING-pharynx,,c-elegans,NCBITaxon:6239,L1,hermaphrodite,"pm4R-VR is a binucleate pharyngeal muscle cell of the alimentary system in C. elegans, located in the ventral right sector of the metacorpus; one of the three cells comprising the pm4 muscle group.",Unknown - function not yet characterized in this dataset,pm4R-VR; pm4r-vr; PM4R-VR; pm4R-pm4VR,Located in the alimentary system,,PhaFIG1,,PhaFIG1 cataloguing (Aug 2026),[PhaFIG1 cataloguing - draft],draft,,
pm5,pm5 cell,pm5,cell-group,PENDING-pharynx,WBbt:0003737,c-elegans,NCBITaxon:6239,L1,hermaphrodite,"pm5 is a muscle cell in the alimentary system of C. elegans. Multinucleated muscle cell in pharyngeal isthmus. Embryonic lineage: MSaaaapap, MSpaaappa, ABaraapapap, ABaraapppap, MSaapaaap, MSpapaaap",Unknown - function not yet characterized in this dataset,pm5; pm5; PM5,Located in the alimentary system,,,https://wormbase.org/species/all/anatomy_term/WBbt:0003737,WormFindr Information Cards (Nov 2024),[Imported from WormFindr],review,,
pm5DL-pm5DR,pm5DL-DR cell,pm5DL-DR,cell,PENDING-pharynx,,c-elegans,NCBITaxon:6239,L1,hermaphrodite,"pm5DL-DR is a binucleate pharyngeal muscle cell of the alimentary system in C. elegans, located in the dorsal sector of the isthmus; one of the three cells comprising the pm5 muscle group.",Unknown - function not yet characterized in this dataset,pm5DL-DR; pm5dl-dr; PM5DL-DR; pm5DL-pm5DR,Located in the alimentary system,,PhaFIG1,,PhaFIG1 cataloguing (Aug 2026),[PhaFIG1 cataloguing - draft],draft,,
pm5L-pm5VL,pm5L-VL cell,pm5L-VL,cell,PENDING-pharynx,,c-elegans,NCBITaxon:6239,L1,hermaphrodite,"pm5L-VL is a binucleate pharyngeal muscle cell of the alimentary system in C. elegans, located in the ventral left sector of the isthmus; one of the three cells comprising the pm5 muscle group.",Unknown - function not yet characterized in this dataset,pm5L-VL; pm5l-vl; PM5L-VL; pm5L-pm5VL,Located in the alimentary system,,PhaFIG1,,PhaFIG1 cataloguing (Aug 2026),[PhaFIG1 cataloguing - draft],draft,,
pm5R-pm5VR,pm5R-VR cell,pm5R-VR,cell,PENDING-pharynx,,c-elegans,NCBITaxon:6239,L1,hermaphrodite,"pm5R-VR is a binucleate pharyngeal muscle cell of the alimentary system in C. elegans, located in the ventral right sector of the isthmus; one of the three cells comprising the pm5 muscle group.",Unknown - function not yet characterized in this dataset,pm5R-VR; pm5r-vr; PM5R-VR; pm5R-pm5VR,Located in the alimentary system,,PhaFIG1,,PhaFIG1 cataloguing (Aug 2026),[PhaFIG1 cataloguing - draft],draft,,
pm6D,pm6D cell,pm6D,cell,PENDING-pharynx,WBbt:0004308,c-elegans,NCBITaxon:6239,L1,hermaphrodite,pm6D is a muscle cell in the alimentary system of C. elegans. Muscle cell in anterior dorsal sector of terminal bulb. Embryonic lineage: MSaapappa,Unknown - function not yet characterized in this dataset,pm6D; pm6d; PM6D,Located in the alimentary system,,,https://wormbase.org/species/all/anatomy_term/WBbt:0004308,WormFindr Information Cards (Nov 2024),[Imported from WormFindr],review,,
pm6VL,pm6VL cell,pm6VL,cell,PENDING-pharynx,WBbt:0004307,c-elegans,NCBITaxon:6239,L1,hermaphrodite,pm6VL is a muscle cell in the alimentary system of C. elegans. Muscle cell in anterior ventral left sector of terminal bulb. Embryonic lineage: MSaapappa,Unknown - function not yet characterized in this dataset,pm6VL; pm6vl; PM6VL,Located in the alimentary system,,,https://wormbase.org/species/all/anatomy_term/WBbt:0004307,WormFindr Information Cards (Nov 2024),[Imported from WormFindr],review,,
pm6VR,pm6VR cell,pm6VR,cell,PENDING-pharynx,WBbt:0004306,c-elegans,NCBITaxon:6239,L1,hermaphrodite,pm6VR is a muscle cell in the alimentary system of C. elegans. Muscle cell in anterior ventral right sector of terminal bulb. Embryonic lineage: MSpapappa,Unknown - function not yet characterized in this dataset,pm6VR; pm6vr; PM6VR,Located in the alimentary system,,,https://wormbase.org/species/all/anatomy_term/WBbt:0004306,WormFindr Information Cards (Nov 2024),[Imported from WormFindr],review,,
pm7D,pm7D cell,pm7D,cell,PENDING-pharynx,WBbt:0004305,c-elegans,NCBITaxon:6239,L1,hermaphrodite,pm7D is a muscle cell in the alimentary system of C. elegans. Muscle cell in dorsal sector of terminal bulb. Embryonic lineage: MSaaaappp,Unknown - function not yet characterized in this dataset,pm7D; pm7d; PM7D,Located in the alimentary system,,,https://wormbase.org/species/all/anatomy_term/WBbt:0004305,WormFindr Information Cards (Nov 2024),[Imported from WormFindr],review,,
pm7VL,pm7VL cell,pm7VL,cell,PENDING-pharynx,WBbt:0004304,c-elegans,NCBITaxon:6239,L1,hermaphrodite,pm7VL is a muscle cell in the alimentary system of C. elegans. Muscle cell in ventral left sector of terminal bulb. Embryonic lineage: MSaapaapp,Unknown - function not yet characterized in this dataset,pm7VL; pm7vl; PM7VL,Located in the alimentary system,,,https://wormbase.org/species/all/anatomy_term/WBbt:0004304,WormFindr Information Cards (Nov 2024),[Imported from WormFindr],review,,
pm7VR,pm7VR cell,pm7VR,cell,PENDING-pharynx,WBbt:0004303,c-elegans,NCBITaxon:6239,L1,hermaphrodite,pm7VR is a muscle cell in the alimentary system of C. elegans. Muscle cell in ventral right sector of terminal bulb. Embryonic lineage: MSpapaapp,Unknown - function not yet characterized in this dataset,pm7VR; pm7vr; PM7VR,Located in the alimentary system,,,https://wormbase.org/species/all/anatomy_term/WBbt:0004303,WormFindr Information Cards (Nov 2024),[Imported from WormFindr],review,,
pm8,pm8 cell,pm8,cell,PENDING-pharynx,WBbt:0004302,c-elegans,NCBITaxon:6239,L1,hermaphrodite,pm8 is a muscle cell in the alimentary system of C. elegans. Muscle cell at posterior of terminal bulb. Embryonic lineage: MSaaapapp,Unknown - function not yet characterized in this dataset,pm8; pm8; PM8,Located in the alimentary system,,,https://wormbase.org/species/all/anatomy_term/WBbt:0004302,WormFindr Information Cards (Nov 2024),[Imported from WormFindr],review,,
Post DTC,Post DTC cell,Post DTC,cell,,WBbt:0004506,c-elegans,NCBITaxon:6239,L1,hermaphrodite,"Post DTC is a distal tip cell in the reproductive system of C. elegans hermaphrodites. Posterior leader cell of the gonad. Post-embryonic lineage: Z4.pp Has thin trailing cytonemes. Leads gonad extension during development and also serves as a signal to germline to enter mitosis (Crittenden et al., 1994). Can be visualized using a lag-2::gfp reporter strain. ",Unknown - function not yet characterized in this dataset,Post DTC; post dtc; POST DTC,Located in the reproductive system,,,https://wormbase.org/species/all/anatomy_term/WBbt:0004506,WormFindr Information Cards (Nov 2024),[Imported from WormFindr],review,,
PQR,PQR cell,PQR,cell,,WBbt:0004096,c-elegans,NCBITaxon:6239,L1,hermaphrodite,"PQR (P neuron QR) - Sensory neuron (oxygen- and minor CO2-sensory). Located in left lumbar ganglia. Born postembryonically from left Q neuroblast (QL.ap lineage), migrates posteriorly to position near phasmid neurons in left lumbar ganglion. Single neuron with basal body, directly exposed to pseudocoelomic body fluid (internal environment). Anterior process projects into preanal ganglion, usually ending just posterior to vulva (can be slightly shorter or longer). Posterior process ensheathed by PHso2L cell. Uses glutamate as neurotransmitter (Pereira et al., 2015). Expresses receptors GCY-32 (guanylyl cyclase), GCY-35 (guanylyl cyclase binding molecular oxygen mediating oxygen sensation), NPR-1 (neuropeptide Y receptor-like), PDFR-1 (pigment dispersing factor receptor), and innexins CHE-7, INX-1a, INX-1b, INX-7, INX-10a, INX-11, INX-18a, UNC-9 (Barrios et al., 2012; Gray et al., 2004; Coates and de Bono, 2002; Yu et al., 1997; Bhattacharya et al., 2019). Functions in aerotaxis along with AQR, URX, AUA, regulating social feeding (aggregation on bacterial lawn) and bordering (accumulation on thickest bacterial lawn part) behaviors; suppressing activity of AQR, PQR, URX inhibits social feeding (Coates and de Bono, 2002). Function as sensors of environmental oxygen quantitatively regulating social feeding (Gray et al., 2004). Animals carrying npr-1 (215F) allele or lacking npr-1 function dwell (slow down) in low ambient O2 and roam (disperse) or aggregate in high ambient O2; O2 drops increase GCY-35/GCY-36 heterodimeric soluble guanylyl cyclase activity, rising cGMP opens TAX-2/TAX-4 cGMP-gated ion channel in AQR, PQR, URX causing depolarization and strong roaming behavior suppression with food present (in npr-1 mutants these neurons hyperactive) (Cheung et al., 2005). Suppress innate immunity via NPR-1 regulating both PMK-1-dependent and -independent immune responses (Styer et al., 2008); exposure to pseudocoelomic fluid suggests communication of neuroendocrine signals to nonneural tissues for innate immunity defense responses. Weak CO2-sensors contributing to CO2 avoidance (main sensors AFD, BAG, ASE) (Bretscher et al., 2011). Part of neuronal circuit functioning in mate-searching behavior of males (Barrios et al., 2012). Important model for understanding oxygen sensing, social behavior, and tail-based sensory processing.",Unknown - function not yet characterized in this dataset,PQR; pqr; PQR,Located in the nervous system,,,https://wormbase.org/species/all/anatomy_term/WBbt:0004096,WormFindr Information Cards (Nov 2024),[Imported from WormFindr],review,,
PVCL,PVCL cell,PVCL,cell,,WBbt:0004094,c-elegans,NCBITaxon:6239,L1,hermaphrodite,"PVCL (Postventral C Interneurons) - Ventral cord interneurons. Located in tail, lumbar ganglion. Born from AB lineage: AB plpppaapaa for PVCL. PVC processes enter nerve cord via lumbar commissures and run on right side of hypodermal ridge in nerve cord. PVCL process decussates posterior to excretory pore and enters nerve ring on left side, while PVCR process enters ring on right. Run near middle of neuropil to make full turn within nerve ring before ending ventrally on opposite side. Use acetylcholine as neurotransmitter (Pereira et al., 2015; Duerr et al., 2008). Express receptor PDFR-1 (pigment dispersing factor receptor) and innexins INX-1a, INX-2, INX-7, INX-10a, INX-13, INX-14, INX-18a, INX-19, UNC-7, UNC-9 (Barrios et al., 2012; Bhattacharya et al., 2019; Schumacher et al., 2012; Altun et al., 2009; Chuang et al., 2007). Function as command interneurons for forward locomotion, driving forward movement of animal along with AVB. Modulate response to harsh touch to tail: harsh tail touch induces Ca2+ increases in PVC, which are higher than those evoked by gentle touch, with harsh touch defect seen in absence of PVC neurons; PVC may be sensing stimulus directly or indirectly through other neurons (Li et al., 2011). Important model for understanding tail-based command interneuron function, forward locomotion control from posterior position, and sensory-motor integration in tail region.",Unknown - function not yet characterized in this dataset,PVCL; pvcl; PVCL,Located in the nervous system,,,https://wormbase.org/species/all/anatomy_term/WBbt:0004094,WormFindr Information Cards (Nov 2024),[Imported from WormFindr],review,,
PVCR,PVCR cell,PVCR,cell,,WBbt:0004092,c-elegans,NCBITaxon:6239,L1,hermaphrodite,"PVCR (Postventral C Interneurons) - Ventral cord interneurons. Located in tail, lumbar ganglion. Born from AB lineage: AB prpppaapaa for PVCR. PVC processes enter nerve cord via lumbar commissures and run on right side of hypodermal ridge in nerve cord. PVCL process decussates posterior to excretory pore and enters nerve ring on left side, while PVCR process enters ring on right. Run near middle of neuropil to make full turn within nerve ring before ending ventrally on opposite side. Use acetylcholine as neurotransmitter (Pereira et al., 2015; Duerr et al., 2008). Express receptor PDFR-1 (pigment dispersing factor receptor) and innexins INX-1a, INX-2, INX-7, INX-10a, INX-13, INX-14, INX-18a, INX-19, UNC-7, UNC-9 (Barrios et al., 2012; Bhattacharya et al., 2019; Schumacher et al., 2012; Altun et al., 2009; Chuang et al., 2007). Function as command interneurons for forward locomotion, driving forward movement of animal along with AVB. Modulate response to harsh touch to tail: harsh tail touch induces Ca2+ increases in PVC, which are higher than those evoked by gentle touch, with harsh touch defect seen in absence of PVC neurons; PVC may be sensing stimulus directly or indirectly through other neurons (Li et al., 2011). Important model for understanding tail-based command interneuron function, forward locomotion control from posterior position, and sensory-motor integration in tail region.",Unknown - function not yet characterized in this dataset,PVCR; pvcr; PVCR,Located in the nervous system,,,https://wormbase.org/species/all/anatomy_term/WBbt:0004092,WormFindr Information Cards (Nov 2024),[Imported from WormFindr],review,,
PVDL,PVDL cell,PVDL,cell,,,c-elegans,NCBITaxon:6239,adult,hermaphrodite,"PVDL (Polymodal Nociceptors) - Sensory neurons (polymodal nociceptive for mechanosensation and thermosensation). Located in tail, lumbar ganglion. Born postembryonically from V lineage: V5L.paapa. Feature extensive branching pattern that develops progressively: in early larval stages show three major processes (anteriorly directed, posteriorly directed, ventrally directed) with short extensions; starting from L2, branching pattern elaborates extensively through growth and retraction, forming well-ordered, repeating menorah-like units by L4 (Oren-Suissa et al., 2010). Quaternary branches are 30-60 nm in diameter. Unlike touch receptor neurons, branches have no prominent cytoskeletons and are not linked to body wall through specialized mantle of extracellular matrix (Hall and Treinin, 2011). Final menorah array is non-overlapping and regularly spaced, topologically covering most of the body except neck and head (Hall and Treinin, 2011; Oren-Suissa et al., 2010; Smith et al., 2010; Hall and Altun, 2008). In adult males, produce extra branches entering tail rays potentially involved in mating behavior (Iosilevskii et al., 2025). Use glutamate as neurotransmitter and release NLP-11 neuropeptide (Nathoo et al., 2001; Lee et al., 1999). Express mechanosensory channels DEGT-1 and MEC-10 (colocalize on primary and tertiary branches), MEC-6, MEC-9, TRPA-1 (cold sensing), OSM-9 (TRPV), receptors DEG-3, DES-2 (nAChR subunits), GLR-4, SER-2 (tyramine receptor), and innexins INX-1a, INX-1b, INX-5, INX-7, INX-10a, INX-12, INX-14, UNC-7, UNC-9 (Wormbase; Xiao et al., 2013; Altun, 2011; Kindt et al., 2007; Tsalik et al., 2003). Respond to harsh touch as stretch-sensing mechanosensors (requiring MEC-10 and DEGT-1) and cold temperatures causing cold hyperalgesia (requiring TRPA-1 channel, MEC-10/DEGT-1-independent), demonstrating polymodal nociception involves parallel sensory transduction channels (Chatzigeorgiou et al., 2010; Way and Chalfie, 1989). Harsh mechanical stimulus stretches tertiary processes by displacing quaternary branches, transmitting pulling force that opens DEG/ENaC channels in primary and tertiary neurites (Hall and Treinin, 2011). Premier model for studying dendritic arbor development, self-avoidance, tiling, nociception, and parallel sensory transduction mechanisms.",Unknown - function not yet characterized in this dataset,,Located in the tail - lumbar ganglion,,,,,,review,,
PVDR,PVDR cell,PVDR,cell,,,c-elegans,NCBITaxon:6239,adult,hermaphrodite,"PVDR (Polymodal Nociceptors) - Sensory neurons (polymodal nociceptive for mechanosensation and thermosensation). Located in tail, lumbar ganglion. Born postembryonically from V lineage: V5L.paapa. Feature extensive branching pattern that develops progressively: in early larval stages show three major processes (anteriorly directed, posteriorly directed, ventrally directed) with short extensions; starting from L2, branching pattern elaborates extensively through growth and retraction, forming well-ordered, repeating menorah-like units by L4 (Oren-Suissa et al., 2010). Quaternary branches are 30-60 nm in diameter. Unlike touch receptor neurons, branches have no prominent cytoskeletons and are not linked to body wall through specialized mantle of extracellular matrix (Hall and Treinin, 2011). Final menorah array is non-overlapping and regularly spaced, topologically covering most of the body except neck and head (Hall and Treinin, 2011; Oren-Suissa et al., 2010; Smith et al., 2010; Hall and Altun, 2008). In adult males, produce extra branches entering tail rays potentially involved in mating behavior (Iosilevskii et al., 2025). Use glutamate as neurotransmitter and release NLP-11 neuropeptide (Nathoo et al., 2001; Lee et al., 1999). Express mechanosensory channels DEGT-1 and MEC-10 (colocalize on primary and tertiary branches), MEC-6, MEC-9, TRPA-1 (cold sensing), OSM-9 (TRPV), receptors DEG-3, DES-2 (nAChR subunits), GLR-4, SER-2 (tyramine receptor), and innexins INX-1a, INX-1b, INX-5, INX-7, INX-10a, INX-12, INX-14, UNC-7, UNC-9 (Wormbase; Xiao et al., 2013; Altun, 2011; Kindt et al., 2007; Tsalik et al., 2003). Respond to harsh touch as stretch-sensing mechanosensors (requiring MEC-10 and DEGT-1) and cold temperatures causing cold hyperalgesia (requiring TRPA-1 channel, MEC-10/DEGT-1-independent), demonstrating polymodal nociception involves parallel sensory transduction channels (Chatzigeorgiou et al., 2010; Way and Chalfie, 1989). Harsh mechanical stimulus stretches tertiary processes by displacing quaternary branches, transmitting pulling force that opens DEG/ENaC channels in primary and tertiary neurites (Hall and Treinin, 2011). Premier model for studying dendritic arbor development, self-avoidance, tiling, nociception, and parallel sensory transduction mechanisms.",Unknown - function not yet characterized in this dataset,,Located in the tail - lumbar ganglion,,,,,,review,,
PVM,PVM cell,PVM,cell,,WBbt:0004086,c-elegans,NCBITaxon:6239,L1,hermaphrodite,"PVM (Posterior Ventral Microtubule Cell) - Sensory neuron (mechanosensory), postembryonically born posterior ventral microtubule cell. Located laterally on the left side of the posterior half of the body. Born from QL.paa lineage at approximately 9 hours after hatching at 20°C (about 19 hours after egg deposition). Unbranched unipolar neuron that extends a process in L1 stage, first growing ventrally along a commissure on the left side of the posterior body, then turning anteriorly upon reaching the ventral nerve cord (VNC), where it runs anteriorly on the ventral side adjacent to the cuticle. Ultrastructurally similar to other touch cells with differentiation controlled by the same genetic pathway. Expresses mechanosensory channel components MEC-2 (stomatin-like protein), MEC-4 (DEG/ENaC subunit), MEC-6 (degenerin complex protein), MEC-9 (extracellular attachment), MEC-10 (DEG/ENaC subunit), and UNC-8 (mechanically-gated cation channel family member), along with GAR-1 (muscarinic acetylcholine receptor) and PDFR-1 (Wormbase; Barrios et al., 2012; Altun, 2011; Chelur et al., 2002; Lee et al., 2000; Tavernarakis et al., 1997). Expresses innexins INX-1a, INX-1b, INX-7, and UNC-9 (Bhattacharya et al., 2019; Altun et al., 2009). Unlike other touch receptor neurons, PVM does not mediate a locomotory response to gentle touch and does not appear to have a critical role in touch sensitivity (Chalfie and Sulston, 1981; Kaplan and Driscoll, 1997; Goodman, 2006). Postulated to function as a stretch receptor.",Unknown - function not yet characterized in this dataset,PVM; pvm; PVM,Located in the nervous system,,,https://wormbase.org/species/all/anatomy_term/WBbt:0004086,WormFindr Information Cards (Nov 2024),[Imported from WormFindr],review,,
PVPL,PVPL cell,PVPL,cell,,WBbt:0004082,c-elegans,NCBITaxon:6239,L1,hermaphrodite,"PVPL (Postventral P Interneurons) - Interneurons. Located in preanal ganglion. Born from AB lineage: AB plppppaaa for PVPL. Differences in connectivity observed between hermaphrodites and males. In hermaphrodites PVP neurites observed to make branches around vulva suggesting they may form synapses with egg-laying muscles (Hobert and Hall, 1999). PVPL/PVPR processes cross over in preanal ganglion and then grow forward on opposite side of cord to nerve ring. PVPL process invariably crosses in front of PVPR process. PVPL and PVPR somas nearly opposite one another in embryo and early larval stages; however, in adult, this symmetry and order is lost and cells are situated almost linearly within preanal ganglion (Durbin, 1987). Use acetylcholine as neurotransmitter (Duerr et al., 2008). Express innexins INX-1a, INX-3, INX-7, INX-10, INX-14, INX-18a, UNC-7, UNC-9 (Bhattacharya et al., 2019; Altun et al., 2009). PVPR pioneers left tract of ventral cord and this function appears to be joint action of PVPR and PVQL processes; PVQ axons pioneer lumbar commissures and continue to travel alongside PVP processes in ventral nerve cord (Durbin, 1987; Wadsworth and Hedgecock, 1996; Wadsworth et al., 1996). When PVPR precursor is ablated in embryo, PVQL and AVKR growth cones migrate towards right side (Durbin, 1987; Antebi et al., 1997). Important model for understanding axon pioneering, ventral cord development, and sexually dimorphic connectivity.",Unknown - function not yet characterized in this dataset,PVPL; pvpl; PVPL,Located in the nervous system,,,https://wormbase.org/species/all/anatomy_term/WBbt:0004082,WormFindr Information Cards (Nov 2024),[Imported from WormFindr],review,,
PVPR,PVPR cell,PVPR,cell,,WBbt:0004078,c-elegans,NCBITaxon:6239,L1,hermaphrodite,"PVPR (Postventral P Interneurons) - Interneurons. Located in preanal ganglion. Born from AB lineage: AB prppppaaa for PVPR. Differences in connectivity observed between hermaphrodites and males. In hermaphrodites PVP neurites observed to make branches around vulva suggesting they may form synapses with egg-laying muscles (Hobert and Hall, 1999). PVPL/PVPR processes cross over in preanal ganglion and then grow forward on opposite side of cord to nerve ring. PVPL process invariably crosses in front of PVPR process. PVPL and PVPR somas nearly opposite one another in embryo and early larval stages; however, in adult, this symmetry and order is lost and cells are situated almost linearly within preanal ganglion (Durbin, 1987). Use acetylcholine as neurotransmitter (Duerr et al., 2008). Express innexins INX-1a, INX-3, INX-7, INX-10, INX-14, INX-18a, UNC-7, UNC-9 (Bhattacharya et al., 2019; Altun et al., 2009). PVPR pioneers left tract of ventral cord and this function appears to be joint action of PVPR and PVQL processes; PVQ axons pioneer lumbar commissures and continue to travel alongside PVP processes in ventral nerve cord (Durbin, 1987; Wadsworth and Hedgecock, 1996; Wadsworth et al., 1996). When PVPR precursor is ablated in embryo, PVQL and AVKR growth cones migrate towards right side (Durbin, 1987; Antebi et al., 1997). Important model for understanding axon pioneering, ventral cord development, and sexually dimorphic connectivity.",Unknown - function not yet characterized in this dataset,PVPR; pvpr; PVPR,Located in the nervous system,,,https://wormbase.org/species/all/anatomy_term/WBbt:0004078,WormFindr Information Cards (Nov 2024),[Imported from WormFindr],review,,
PVQL,PVQL cell,PVQL,cell,,WBbt:0004076,c-elegans,NCBITaxon:6239,L1,hermaphrodite,"PVQL (Postventral Q Interneurons) - Interneurons. Located in right and left lumbar ganglia. Born from AB lineage: AB plapppaaa for PVQL. Project along ventral cord to ring. PVQL axon travels in left tract while PVQR axon travels in right tract. Use glutamate as neurotransmitter (Pereira et al., 2015). Express receptors DOP-1 (D1-like dopamine receptor), possibly GGR-1 (GABA-A/glycine receptor-like), GLR-1, GLR-5 (glutamate receptor subunits), SRA-6 (GPCR), SER-1 (serotonin receptor), PDFR-1 (pigment dispersing factor receptor), and innexins INX-1a, INX-2, INX-3, INX-7, INX-10a, INX-13, INX-14, INX-18a, UNC-7, UNC-9 (Wormbase; Barrios et al., 2012; Altun, 2011; Dernovici et al., 2007; Carnell et al., 2005; Tsalik et al., 2003; Brockie et al., 2001; Fujiwara et al., 1996; Troemel et al., 1995; Bhattacharya et al., 2019; Altun et al., 2009). Pioneering of left tract of ventral cord appears to be joint action of PVPR and PVQL processes; PVQ axons pioneer lumbar commissures and continue to travel alongside PVP processes in ventral nerve cord (Durbin, 1987; Wadsworth and Hedgecock, 1996; Wadsworth et al., 1996). When PVPR precursor is ablated in embryo, PVQL and AVKR growth cones migrate towards right side (Durbin, 1987; Antebi et al., 1997). Important model for understanding axon pioneering, commissure development, and left-right tract specification in ventral nerve cord.",Unknown - function not yet characterized in this dataset,PVQL; pvql; PVQL,Located in the nervous system,,,https://wormbase.org/species/all/anatomy_term/WBbt:0004076,WormFindr Information Cards (Nov 2024),[Imported from WormFindr],review,,
PVQR,PVQR cell,PVQR,cell,,WBbt:0004074,c-elegans,NCBITaxon:6239,L1,hermaphrodite,"PVQR (Postventral Q Interneurons) - Interneurons. Located in right and left lumbar ganglia. Born from AB lineage: AB prapppaaa for PVQR. Project along ventral cord to ring. PVQL axon travels in left tract while PVQR axon travels in right tract. Use glutamate as neurotransmitter (Pereira et al., 2015). Express receptors DOP-1 (D1-like dopamine receptor), possibly GGR-1 (GABA-A/glycine receptor-like), GLR-1, GLR-5 (glutamate receptor subunits), SRA-6 (GPCR), SER-1 (serotonin receptor), PDFR-1 (pigment dispersing factor receptor), and innexins INX-1a, INX-2, INX-3, INX-7, INX-10a, INX-13, INX-14, INX-18a, UNC-7, UNC-9 (Wormbase; Barrios et al., 2012; Altun, 2011; Dernovici et al., 2007; Carnell et al., 2005; Tsalik et al., 2003; Brockie et al., 2001; Fujiwara et al., 1996; Troemel et al., 1995; Bhattacharya et al., 2019; Altun et al., 2009). Pioneering of left tract of ventral cord appears to be joint action of PVPR and PVQL processes; PVQ axons pioneer lumbar commissures and continue to travel alongside PVP processes in ventral nerve cord (Durbin, 1987; Wadsworth and Hedgecock, 1996; Wadsworth et al., 1996). When PVPR precursor is ablated in embryo, PVQL and AVKR growth cones migrate towards right side (Durbin, 1987; Antebi et al., 1997). Important model for understanding axon pioneering, commissure development, and left-right tract specification in ventral nerve cord.",Unknown - function not yet characterized in this dataset,PVQR; pvqr; PVQR,Located in the nervous system,,,https://wormbase.org/species/all/anatomy_term/WBbt:0004074,WormFindr Information Cards (Nov 2024),[Imported from WormFindr],review,,
PVR,PVR cell,PVR,cell,,WBbt:0004072,c-elegans,NCBITaxon:6239,L1,hermaphrodite,PVR is a neuron cell in the nervous system of C. elegans. Interneuron in right lumbar ganglion. Sends anterior process along ventral cord and into nerve ring. Embryonic lineage: Caappv,Unknown - function not yet characterized in this dataset,PVR; pvr; PVR,Located in the nervous system,,,https://wormbase.org/species/all/anatomy_term/WBbt:0004072,WormFindr Information Cards (Nov 2024),[Imported from WormFindr],review,,
PVT,PVT cell,PVT,cell,,WBbt:0004070,c-elegans,NCBITaxon:6239,L1,hermaphrodite,PVT is a neuron cell in the nervous system of C. elegans. Interneuron in pre-anal ganglion. Sends anterior process along ventral cord and into nerve ring. Embryonic lineage: ABplpappppa,Unknown - function not yet characterized in this dataset,PVT; pvt; PVT,Located in the nervous system,,,https://wormbase.org/species/all/anatomy_term/WBbt:0004070,WormFindr Information Cards (Nov 2024),[Imported from WormFindr],review,,
PVWL,PVWL cell,PVWL,cell,,WBbt:0004066,c-elegans,NCBITaxon:6239,L1,hermaphrodite,PVWL is a neuron cell in the nervous system of C. elegans. Interneuron in left lumbar ganglion. Sends anterior process along ventral cord. Post-embryonic lineage: TL.ppa,Unknown - function not yet characterized in this dataset,PVWL; pvwl; PVWL,Located in the nervous system,,,https://wormbase.org/species/all/anatomy_term/WBbt:0004066,WormFindr Information Cards (Nov 2024),[Imported from WormFindr],review,,
PVWR,PVWR cell,PVWR,cell,,WBbt:0004064,c-elegans,NCBITaxon:6239,L1,hermaphrodite,PVWR is a neuron cell in the nervous system of C. elegans. Interneuron in right lumbar ganglion. Sends anterior process along ventral cord. Post-embryonic lineage: TR.ppa,Unknown - function not yet characterized in this dataset,PVWR; pvwr; PVWR,Located in the nervous system,,,https://wormbase.org/species/all/anatomy_term/WBbt:0004064,WormFindr Information Cards (Nov 2024),[Imported from WormFindr],review,,
rect_D,rectD cell,rectD,cell,,WBbt:0004788,c-elegans,NCBITaxon:6239,L1,hermaphrodite,rectD is a gland cell in the alimentary system of C. elegans. Gland cell surrounding vir cells on dorsal side. Embryonic lineage: ABplpappppp,Unknown - function not yet characterized in this dataset,rectD; rectd; RECTD; rect_D,Located in the alimentary system,,,https://wormbase.org/species/all/anatomy_term/WBbt:0004788,WormFindr Information Cards (Nov 2024),[Imported from WormFindr],review,,
rect_VL,rectVL cell,rectVL,cell,,WBbt:0004787,c-elegans,NCBITaxon:6239,L1,hermaphrodite,rectVL is a gland cell in the alimentary system of C. elegans. Gland cell surrounding vir cells on ventral left side. Embryonic lineage: ABplppppaap,Unknown - function not yet characterized in this dataset,rectVL; rectvl; RECTVL; rect_VL,Located in the alimentary system,,,https://wormbase.org/species/all/anatomy_term/WBbt:0004787,WormFindr Information Cards (Nov 2024),[Imported from WormFindr],review,,
rect_VR,rectVR cell,rectVR,cell,,WBbt:0004776,c-elegans,NCBITaxon:6239,L1,hermaphrodite,rectVR is a gland cell in the alimentary system of C. elegans. Gland cell surrounding vir cells on ventral right side. Embryonic lineage: ABprppppaap,Unknown - function not yet characterized in this dataset,rectVR; rectvr; RECTVR; rect_VR,Located in the alimentary system,,,https://wormbase.org/species/all/anatomy_term/WBbt:0004776,WormFindr Information Cards (Nov 2024),[Imported from WormFindr],review,,
RIAL,RIAL cell,RIAL,cell,,WBbt:0003960,c-elegans,NCBITaxon:6239,L1,hermaphrodite,"RIAL (Ring Interneuron A) - Interneurons. Located in head. Born from AB lineage: AB alapaapaa for RIAL. Receive synaptic inputs from AIY and AIZ interneurons and densely innervate head motor neurons SMD and RMD. Use glutamate as neurotransmitter (Pereira et al., 2015). Express receptor SER-1 (serotonin receptor) and innexins INX-1a, INX-1b, INX-2, INX-7, INX-10a, INX-14, UNC-7, UNC-9 (Dernovici et al., 2007; Carnell et al., 2005; Bhattacharya et al., 2019). Classified as ""second layer"" interneurons in integration of information from outside world and inner state of animal leading to behavioral response. Function in thermotaxis: along with AIY and AIZ, are thermotaxis core interneurons; RIA mutation impairing function or laser ablation causes athermotactic or cryophilic behavior, with killing RIA having no effect on chemotaxis (Iino and Yoshida, 2009; Tanizawa et al., 2006; Mori and Ohshima, 1995). In original two-drive (thermophilic vs cryophilic) thermotaxis model, RIA integrates signals processed in thermotaxis neural circuit and emits outputs to downstream neurons (Mori and Ohshima, 1995; Tanizawa et al., 2006). Multiple signals including EAT-4-dependent glutamatergic neurotransmission from RIA communicate processed information to downstream neurons generating ultimate thermotactic outputs (Ohnishi et al., 2011). Although downstream neurons of RIA as main circuit components unclear, RIA heavily connected presynaptically to SMD or RMD head motor neurons regulating turning behavior, suggesting SMD and RMD control turn frequency and run duration depending on thermal information transmitted by RIA (Ohnishi et al., 2011; Zariwala et al., 2003; White et al., 1986; Gray et al., 2005). Function in locomotion: killing RIA slightly decreases reversals during local search and dispersal (Gray et al., 2005). Important model for understanding second-layer interneuron function, thermotaxis circuit integration, and glutamatergic control of motor output.",Unknown - function not yet characterized in this dataset,RIAL; rial; RIAL,Located in the nervous system,,,https://wormbase.org/species/all/anatomy_term/WBbt:0003960,WormFindr Information Cards (Nov 2024),[Imported from WormFindr],review,,
RIAR,RIAR cell,RIAR,cell,,WBbt:0003958,c-elegans,NCBITaxon:6239,L1,hermaphrodite,"RIAR (Ring Interneuron A) - Interneurons. Located in head. Born from AB lineage: AB alaapppaa for RIAR. Receive synaptic inputs from AIY and AIZ interneurons and densely innervate head motor neurons SMD and RMD. Use glutamate as neurotransmitter (Pereira et al., 2015). Express receptor SER-1 (serotonin receptor) and innexins INX-1a, INX-1b, INX-2, INX-7, INX-10a, INX-14, UNC-7, UNC-9 (Dernovici et al., 2007; Carnell et al., 2005; Bhattacharya et al., 2019). Classified as ""second layer"" interneurons in integration of information from outside world and inner state of animal leading to behavioral response. Function in thermotaxis: along with AIY and AIZ, are thermotaxis core interneurons; RIA mutation impairing function or laser ablation causes athermotactic or cryophilic behavior, with killing RIA having no effect on chemotaxis (Iino and Yoshida, 2009; Tanizawa et al., 2006; Mori and Ohshima, 1995). In original two-drive (thermophilic vs cryophilic) thermotaxis model, RIA integrates signals processed in thermotaxis neural circuit and emits outputs to downstream neurons (Mori and Ohshima, 1995; Tanizawa et al., 2006). Multiple signals including EAT-4-dependent glutamatergic neurotransmission from RIA communicate processed information to downstream neurons generating ultimate thermotactic outputs (Ohnishi et al., 2011). Although downstream neurons of RIA as main circuit components unclear, RIA heavily connected presynaptically to SMD or RMD head motor neurons regulating turning behavior, suggesting SMD and RMD control turn frequency and run duration depending on thermal information transmitted by RIA (Ohnishi et al., 2011; Zariwala et al., 2003; White et al., 1986; Gray et al., 2005). Function in locomotion: killing RIA slightly decreases reversals during local search and dispersal (Gray et al., 2005). Important model for understanding second-layer interneuron function, thermotaxis circuit integration, and glutamatergic control of motor output.",Unknown - function not yet characterized in this dataset,RIAR; riar; RIAR,Located in the nervous system,,,https://wormbase.org/species/all/anatomy_term/WBbt:0003958,WormFindr Information Cards (Nov 2024),[Imported from WormFindr],review,,
RIBL,RIBL cell,RIBL,cell,,WBbt:0003956,c-elegans,NCBITaxon:6239,L1,hermaphrodite,RIBL is a neuron cell in the nervous system of C. elegans. Interneuron in left lateral ganglion. Sends process ventrally that then enters nerve ring and branches. Embryonic lineage: ABplpaappap,Unknown - function not yet characterized in this dataset,RIBL; ribl; RIBL,Located in the nervous system,,,https://wormbase.org/species/all/anatomy_term/WBbt:0003956,WormFindr Information Cards (Nov 2024),[Imported from WormFindr],review,,
RIBR,RIBR cell,RIBR,cell,,WBbt:0003942,c-elegans,NCBITaxon:6239,L1,hermaphrodite,RIBR is a neuron cell in the nervous system of C. elegans. Interneuron in right lateral ganglion. Sends process ventrally that then enters nerve ring and branches. Embryonic lineage: ABprpaappap,Unknown - function not yet characterized in this dataset,RIBR; ribr; RIBR,Located in the nervous system,,,https://wormbase.org/species/all/anatomy_term/WBbt:0003942,WormFindr Information Cards (Nov 2024),[Imported from WormFindr],review,,
RICL,RICL cell,RICL,cell,,WBbt:0003941,c-elegans,NCBITaxon:6239,L1,hermaphrodite,RICL is a neuron cell in the nervous system of C. elegans. Interneuron in left lateral ganglion. Sends process ventrally that then enters nerve ring. Embryonic lineage: ABplppaaaapp,Unknown - function not yet characterized in this dataset,RICL; ricl; RICL,Located in the nervous system,,,https://wormbase.org/species/all/anatomy_term/WBbt:0003941,WormFindr Information Cards (Nov 2024),[Imported from WormFindr],review,,
RICR,RICR cell,RICR,cell,,WBbt:0003940,c-elegans,NCBITaxon:6239,L1,hermaphrodite,RICR is a neuron cell in the nervous system of C. elegans. Interneuron in right lateral ganglion. Sends process ventrally that then enters nerve ring. Embryonic lineage: ABprppaaaapp,Unknown - function not yet characterized in this dataset,RICR; ricr; RICR,Located in the nervous system,,,https://wormbase.org/species/all/anatomy_term/WBbt:0003940,WormFindr Information Cards (Nov 2024),[Imported from WormFindr],review,,
RID,RID cell,RID,cell,,WBbt:0003938,c-elegans,NCBITaxon:6239,L1,hermaphrodite,RID is a neuron cell in the nervous system of C. elegans. Ring interneuron with process that runs along dorsal nerve cord. Embryonic lineage: ABalappaapa,Unknown - function not yet characterized in this dataset,RID; rid; RID,Located in the nervous system,,,https://wormbase.org/species/all/anatomy_term/WBbt:0003938,WormFindr Information Cards (Nov 2024),[Imported from WormFindr],review,,
RIFL,RIFL cell,RIFL,cell,,WBbt:0003936,c-elegans,NCBITaxon:6239,L1,hermaphrodite,RIFL is a neuron cell in the nervous system of C. elegans. Interneuron in left retrovesicular ganglion. Sends anterior process that crosses to contralateral side and enters nerve ring. Embryonic lineage: ABplppapaaap,Unknown - function not yet characterized in this dataset,RIFL; rifl; RIFL,Located in the nervous system,,,https://wormbase.org/species/all/anatomy_term/WBbt:0003936,WormFindr Information Cards (Nov 2024),[Imported from WormFindr],review,,
RIFR,RIFR cell,RIFR,cell,,WBbt:0003934,c-elegans,NCBITaxon:6239,L1,hermaphrodite,RIFR is a neuron cell in the nervous system of C. elegans. Interneuron in right retrovesicular ganglion. Sends anterior process that crosses to contralateral side and enters nerve ring. Embryonic lineage: ABprppapaaap,Unknown - function not yet characterized in this dataset,RIFR; rifr; RIFR,Located in the nervous system,,,https://wormbase.org/species/all/anatomy_term/WBbt:0003934,WormFindr Information Cards (Nov 2024),[Imported from WormFindr],review,,
RIGL,RIGL cell,RIGL,cell,,WBbt:0003932,c-elegans,NCBITaxon:6239,L1,hermaphrodite,RIGL is a neuron cell in the nervous system of C. elegans. Interneuron in left retrovesicular ganglion. Sends anterior process that crosses to contralateral side and enters nerve ring. Embryonic lineage: ABplppappaa,Unknown - function not yet characterized in this dataset,RIGL; rigl; RIGL,Located in the nervous system,,,https://wormbase.org/species/all/anatomy_term/WBbt:0003932,WormFindr Information Cards (Nov 2024),[Imported from WormFindr],review,,
RIGR,RIGR cell,RIGR,cell,,WBbt:0003930,c-elegans,NCBITaxon:6239,L1,hermaphrodite,RIGR is a neuron cell in the nervous system of C. elegans. Interneuron in right retrovesicular ganglion. Sends anterior process that crosses to contralateral side and enters nerve ring. Embryonic lineage: ABprppappaa,Unknown - function not yet characterized in this dataset,RIGR; rigr; RIGR,Located in the nervous system,,,https://wormbase.org/species/all/anatomy_term/WBbt:0003930,WormFindr Information Cards (Nov 2024),[Imported from WormFindr],review,,
RIH,RIH cell,RIH,cell,,WBbt:000392,c-elegans,NCBITaxon:6239,L1,hermaphrodite,RIH is a neuron cell in the nervous system of C. elegans. Interneuron at anterior end of ventral ganglion. This specimen sends two process ventrally that enter the nerve ring and a third posteriorly directed process. Embryonic lineage: ABprpappaaa,Unknown - function not yet characterized in this dataset,RIH; rih; RIH,Located in the nervous system,,,https://wormbase.org/species/all/anatomy_term/WBbt:0003928,WormFindr Information Cards (Nov 2024),[Imported from WormFindr],review,,
RIML,RIML cell,RIML,cell,,WBbt:0003926,c-elegans,NCBITaxon:6239,L1,hermaphrodite,"RIML (Ring Interneuron M) - Motor neurons, interneurons. Located in lateral ganglia of head. Born from AB lineage: AB plppaapap for RIML. RIM neurons send processes into nerve ring via amphid commissures, innervating muscles in head via neuromuscular junctions in nerve ring. Use betaine, glutamate, and tyramine as neurotransmitters (Wang et al., 2024; Loer and Rand, 2022; Alkema et al., 2005). Express innexins CHE-7, INX-1a, INX-1b, INX-2, INX-7, INX-10a, INX-14, INX-18a, INX-19, UNC-7, UNC-9 (Bhattacharya et al., 2019; Altun et al., 2009). Classified as ""second layer"" interneurons in integration of information from outside world and inner state of animal leading to behavioral response. Function in locomotion circuit with RIM neurons modulating reversals by two opposing roles: photostimulation of RIM induces worm reversal requiring AVA/AVD/AVE neurons (Guo et al., 2009); RIM and AVA activity correlated through gap junctions while RIM inhibits AVB (Alkema et al., 2005; Pirri et al., 2009). Anterior touch activates AVA which activates RIM; tyramine release from RIM activates tyramine-gated chloride channel LGC-55 on AVB forward locomotion command neurons, neurons of head movement circuit (RMD and SMD), and neck muscles; LGC-55 activation causes hyperpolarization of neck muscles and AVB neurons inducing suppression of head movements and sustained backward locomotion (reversal) in response to anterior touch (Pirri and Alkema, 2011). However, optogenetic ablation of RIM increases reversal frequency, suggesting RIM inhibits initiation of reversals during locomotion (Piggott et al., 2011; Husson et al., 2013). Suppression of RIM activity can trigger reversals independently of command interneurons for backward locomotion (AVA/AVD/AVE) through disinhibition circuit involving AIB upstream of RIM, considered parallel pathway for reversal initiation. Important model for understanding dual excitatory/inhibitory roles, tyraminergic neurotransmission, and parallel pathways for behavioral control.",Unknown - function not yet characterized in this dataset,RIML; riml; RIML,Located in the nervous system,,,https://wormbase.org/species/all/anatomy_term/WBbt:0003926,WormFindr Information Cards (Nov 2024),[Imported from WormFindr],review,,
RIMR,RIMR cell,RIMR,cell,,WBbt:0005053,c-elegans,NCBITaxon:6239,L1,hermaphrodite,"RIMR (Ring Interneuron M) - Motor neurons, interneurons. Located in lateral ganglia of head. Born from AB lineage: AB prppaapap for RIMR. RIM neurons send processes into nerve ring via amphid commissures, innervating muscles in head via neuromuscular junctions in nerve ring. Use betaine, glutamate, and tyramine as neurotransmitters (Wang et al., 2024; Loer and Rand, 2022; Alkema et al., 2005). Express innexins CHE-7, INX-1a, INX-1b, INX-2, INX-7, INX-10a, INX-14, INX-18a, INX-19, UNC-7, UNC-9 (Bhattacharya et al., 2019; Altun et al., 2009). Classified as ""second layer"" interneurons in integration of information from outside world and inner state of animal leading to behavioral response. Function in locomotion circuit with RIM neurons modulating reversals by two opposing roles: photostimulation of RIM induces worm reversal requiring AVA/AVD/AVE neurons (Guo et al., 2009); RIM and AVA activity correlated through gap junctions while RIM inhibits AVB (Alkema et al., 2005; Pirri et al., 2009). Anterior touch activates AVA which activates RIM; tyramine release from RIM activates tyramine-gated chloride channel LGC-55 on AVB forward locomotion command neurons, neurons of head movement circuit (RMD and SMD), and neck muscles; LGC-55 activation causes hyperpolarization of neck muscles and AVB neurons inducing suppression of head movements and sustained backward locomotion (reversal) in response to anterior touch (Pirri and Alkema, 2011). However, optogenetic ablation of RIM increases reversal frequency, suggesting RIM inhibits initiation of reversals during locomotion (Piggott et al., 2011; Husson et al., 2013). Suppression of RIM activity can trigger reversals independently of command interneurons for backward locomotion (AVA/AVD/AVE) through disinhibition circuit involving AIB upstream of RIM, considered parallel pathway for reversal initiation. Important model for understanding dual excitatory/inhibitory roles, tyraminergic neurotransmission, and parallel pathways for behavioral control.",Unknown - function not yet characterized in this dataset,RIMR; rimr; RIMR,Located in the nervous system,,,https://wormbase.org/species/all/anatomy_term/WBbt:0005053,WormFindr Information Cards (Nov 2024),[Imported from WormFindr],review,,
RIPL,RIPL cell,RIPL,cell,,WBbt:0005051,c-elegans,NCBITaxon:6239,L1,hermaphrodite,RIPL is a neuron cell in the nervous system of C. elegans. Interneuron located in left anterior ganglion. Sends anterior processa subdorsal fascicle and into pharynx. A posterior process enters the nerve ring. Embyronic lineage: ABalpapaaaa,Unknown - function not yet characterized in this dataset,RIPL; ripl; RIPL,Located in the nervous system,,,https://wormbase.org/species/all/anatomy_term/WBbt:0005051,WormFindr Information Cards (Nov 2024),[Imported from WormFindr],review,,
RIPR,RIPR cell,RIPR,cell,,WBbt:0005049,c-elegans,NCBITaxon:6239,L1,hermaphrodite,RIPR is a neuron cell in the nervous system of C. elegans. Interneuron located in right anterior ganglion. Sends anterior processa subdorsal fascicle and into pharynx. A posterior process enters the nerve ring. Embyronic lineage: ABarappaaaa,Unknown - function not yet characterized in this dataset,RIPR; ripr; RIPR,Located in the nervous system,,,https://wormbase.org/species/all/anatomy_term/WBbt:0005049,WormFindr Information Cards (Nov 2024),[Imported from WormFindr],review,,
RIR,RIR cell,RIR,cell,,WBbt:0005047,c-elegans,NCBITaxon:6239,L1,hermaphrodite,RIR is a neuron cell in the nervous system of C. elegans. Interneuron located in ventral ganglion. Sends anterior process into nerve ring. Embryonic lineage: ABprpapppaa,Unknown - function not yet characterized in this dataset,RIR; rir; RIR,Located in the nervous system,,,https://wormbase.org/species/all/anatomy_term/WBbt:0005047,WormFindr Information Cards (Nov 2024),[Imported from WormFindr],review,,
RIS,RIS cell,RIS,cell,,WBbt:0005045,c-elegans,NCBITaxon:6239,L1,hermaphrodite,"RIS (Ring Interneuron S) - Interneuron. Located in ventral ganglion, right side. Born from AB lineage (AB prpappapa). Single ring interneuron with cell body situated on right side of ventral ganglion behind excretory duct. Uses GABA as neurotransmitter (Eastman et al., 1999). Expresses receptors GLR-1 (glutamate receptor subunit), SER-4 (serotonin receptor), DOP-1 (dopamine receptor), and innexins INX-1a, INX-1b, INX-2, INX-6, INX-7, INX-10a, INX-11 (dauer only), INX-14, UNC-7, UNC-9 (Tsalik et al., 2003; Hart et al., 1995; Bhattacharya et al., 2019; Altun et al., 2009). Premier model for studying sleep in invertebrates (identified in studies by Raizen, Trojanowski labs 2008 as sleep-promoting neuron inducing behavioral quiescence during lethargus). Essential for understanding neuropeptide-mediated behavioral state control, sleep function, and sleep regulation. Important model for understanding how single neuron can control global behavioral state and evolutionarily conserved sleep mechanisms.",Unknown - function not yet characterized in this dataset,RIS; ris; RIS,Located in the nervous system,,,https://wormbase.org/species/all/anatomy_term/WBbt:0005045,WormFindr Information Cards (Nov 2024),[Imported from WormFindr],review,,
RIVL,RIVL cell,RIVL,cell,,WBbt:0005043,c-elegans,NCBITaxon:6239,L1,hermaphrodite,"RIVL (Ring Interneuron/motor neuron V) - Polymodal neurons (interneuron, motor neuron). Located in head with cell bodies situated subdorsally in lateral ganglia. Born from AB lineage: AB plpaapaaa for RIVL. Use acetylcholine as neurotransmitter (Pereira et al., 2015). Function in locomotion: after food removal, animals initiate local search behavior consisting of reversals and deep omega-shaped turns, followed by dispersal ~30 min later as reversals and turns are suppressed; local search triggered by AWC olfactory neurons, ASK gustatory neurons, and AIB interneurons, while dispersal promoted by ASI gustatory neurons and AIY interneurons (Gray et al., 2005). Downstream of AIB and AIY, motor neurons define specific aspects of reversal and turn frequency, amplitude, and directionality: SMD motor neurons define steep amplitude of omega turns, RIV motor neurons specify ventral bias of turns that follow reversal, and SMB motor neurons set amplitude of sinusoidal movement. Important model for understanding dual interneuron/motor neuron function, turn directionality control, and hierarchical organization of locomotor behaviors.",Unknown - function not yet characterized in this dataset,RIVL; rivl; RIVL,Located in the nervous system,,,https://wormbase.org/species/all/anatomy_term/WBbt:0005043,WormFindr Information Cards (Nov 2024),[Imported from WormFindr],review,,
RIVR,RIVR cell,RIVR,cell,,WBbt:0005041,c-elegans,NCBITaxon:6239,L1,hermaphrodite,"RIVR (Ring Interneuron/motor neuron V) - Polymodal neurons (interneuron, motor neuron). Located in head with cell bodies situated subdorsally in lateral ganglia. Born from AB lineage: AB prpaapaaa for RIVR. Use acetylcholine as neurotransmitter (Pereira et al., 2015). Function in locomotion: after food removal, animals initiate local search behavior consisting of reversals and deep omega-shaped turns, followed by dispersal ~30 min later as reversals and turns are suppressed; local search triggered by AWC olfactory neurons, ASK gustatory neurons, and AIB interneurons, while dispersal promoted by ASI gustatory neurons and AIY interneurons (Gray et al., 2005). Downstream of AIB and AIY, motor neurons define specific aspects of reversal and turn frequency, amplitude, and directionality: SMD motor neurons define steep amplitude of omega turns, RIV motor neurons specify ventral bias of turns that follow reversal, and SMB motor neurons set amplitude of sinusoidal movement. Important model for understanding dual interneuron/motor neuron function, turn directionality control, and hierarchical organization of locomotor behaviors.",Unknown - function not yet characterized in this dataset,RIVR; rivr; RIVR,Located in the nervous system,,,https://wormbase.org/species/all/anatomy_term/WBbt:0005041,WormFindr Information Cards (Nov 2024),[Imported from WormFindr],review,,
RMDDL,RMDDL cell,RMDDL,cell,,WBbt:0005039,c-elegans,NCBITaxon:6239,L1,hermaphrodite,"RMDDL (Ring Motor Neuron D) - Motor neurons. Located in head. Born from AB lineage: AB alpapapaa for RMDDL. Ring motor neurons innervating muscles in head via neuromuscular junctions in nerve ring. Use acetylcholine as neurotransmitter (not glutamatergic as earlier reports suggested) (Serrano-Saiz et al., 2013; Ohnishi et al., 2011; Loer and Rand, 2022; Duerr et al., 2008). Express receptor GLR-1 (AMPA-type ionotropic glutamate receptor) and innexins INX-1a, INX-1b, INX-2, INX-7, INX-10a, INX-14, INX-19, UNC-7, UNC-9 (Maricq et al., 1995; Bhattacharya et al., 2019; Altun et al., 2009). IL1, OLQ, and RMD regulate spontaneous foraging movements: in presence of food, C. elegans makes rapid nose oscillations termed 'foraging' as they explore environment; laser-operated animals lacking IL1 and OLQ forage abnormally slowly and make exaggerated dorsal and ventral nose turns (Goodman, 2006; Kaplan and Driscoll, 1997; Hart et al., 1995). Mediate head-withdrawal reflex: when worms touched on ventral or dorsal nose side during forward movement, respond with aversive head movement away from stimulus; simple reflex mediated by two mechanosensory neuron classes (OLQ and IL1) and their synaptic targets (RMD motor neurons), with killing any of these cells alone or in combination diminishing reflex (Kaplan and Driscoll, 1997; Kindt et al., 2007). TRPA-1 function in IL1 and OLQ and GLR-1 function in RMD neurons facilitate both foraging rate and head withdrawal (Kindt et al., 2007). Important model for understanding head motor control, simple reflex circuits, foraging behavior, and mechanosensory-motor integration.",Unknown - function not yet characterized in this dataset,RMDDL; rmddl; RMDDL,Located in the nervous system,,,https://wormbase.org/species/all/anatomy_term/WBbt:0005039,WormFindr Information Cards (Nov 2024),[Imported from WormFindr],review,,
RMDDR,RMDDR cell,RMDDR,cell,,WBbt:0005038,c-elegans,NCBITaxon:6239,L1,hermaphrodite,"RMDDR (Ring Motor Neuron D) - Motor neurons. Located in head. Born from AB lineage: AB arappapaa for RMDDR. Ring motor neurons innervating muscles in head via neuromuscular junctions in nerve ring. Use acetylcholine as neurotransmitter (not glutamatergic as earlier reports suggested) (Serrano-Saiz et al., 2013; Ohnishi et al., 2011; Loer and Rand, 2022; Duerr et al., 2008). Express receptor GLR-1 (AMPA-type ionotropic glutamate receptor) and innexins INX-1a, INX-1b, INX-2, INX-7, INX-10a, INX-14, INX-19, UNC-7, UNC-9 (Maricq et al., 1995; Bhattacharya et al., 2019; Altun et al., 2009). IL1, OLQ, and RMD regulate spontaneous foraging movements: in presence of food, C. elegans makes rapid nose oscillations termed 'foraging' as they explore environment; laser-operated animals lacking IL1 and OLQ forage abnormally slowly and make exaggerated dorsal and ventral nose turns (Goodman, 2006; Kaplan and Driscoll, 1997; Hart et al., 1995). Mediate head-withdrawal reflex: when worms touched on ventral or dorsal nose side during forward movement, respond with aversive head movement away from stimulus; simple reflex mediated by two mechanosensory neuron classes (OLQ and IL1) and their synaptic targets (RMD motor neurons), with killing any of these cells alone or in combination diminishing reflex (Kaplan and Driscoll, 1997; Kindt et al., 2007). TRPA-1 function in IL1 and OLQ and GLR-1 function in RMD neurons facilitate both foraging rate and head withdrawal (Kindt et al., 2007). Important model for understanding head motor control, simple reflex circuits, foraging behavior, and mechanosensory-motor integration.",Unknown - function not yet characterized in this dataset,RMDDR; rmddr; RMDDR,Located in the nervous system,,,https://wormbase.org/species/all/anatomy_term/WBbt:0005038,WormFindr Information Cards (Nov 2024),[Imported from WormFindr],review,,
RMDL,RMDL cell,RMDL,cell,,WBbt:0005037,c-elegans,NCBITaxon:6239,L1,hermaphrodite,"RMDL (Ring Motor Neuron D) - Motor neurons. Located in head. Born from AB lineage: AB alpppapad for RMDL. Ring motor neurons innervating muscles in head via neuromuscular junctions in nerve ring. Use acetylcholine as neurotransmitter (not glutamatergic as earlier reports suggested) (Serrano-Saiz et al., 2013; Ohnishi et al., 2011; Loer and Rand, 2022; Duerr et al., 2008). Express receptor GLR-1 (AMPA-type ionotropic glutamate receptor) and innexins INX-1a, INX-1b, INX-2, INX-7, INX-10a, INX-14, INX-19, UNC-7, UNC-9 (Maricq et al., 1995; Bhattacharya et al., 2019; Altun et al., 2009). IL1, OLQ, and RMD regulate spontaneous foraging movements: in presence of food, C. elegans makes rapid nose oscillations termed 'foraging' as they explore environment; laser-operated animals lacking IL1 and OLQ forage abnormally slowly and make exaggerated dorsal and ventral nose turns (Goodman, 2006; Kaplan and Driscoll, 1997; Hart et al., 1995). Mediate head-withdrawal reflex: when worms touched on ventral or dorsal nose side during forward movement, respond with aversive head movement away from stimulus; simple reflex mediated by two mechanosensory neuron classes (OLQ and IL1) and their synaptic targets (RMD motor neurons), with killing any of these cells alone or in combination diminishing reflex (Kaplan and Driscoll, 1997; Kindt et al., 2007). TRPA-1 function in IL1 and OLQ and GLR-1 function in RMD neurons facilitate both foraging rate and head withdrawal (Kindt et al., 2007). Important model for understanding head motor control, simple reflex circuits, foraging behavior, and mechanosensory-motor integration.",Unknown - function not yet characterized in this dataset,RMDL; rmdl; RMDL,Located in the nervous system,,,https://wormbase.org/species/all/anatomy_term/WBbt:0005037,WormFindr Information Cards (Nov 2024),[Imported from WormFindr],review,,
RMDR,RMDR cell,RMDR,cell,,WBbt:0005033,c-elegans,NCBITaxon:6239,L1,hermaphrodite,"RMDR (Ring Motor Neuron D) - Motor neurons. Located in head. Born from AB lineage: AB praaaapad for RMDR. Ring motor neurons innervating muscles in head via neuromuscular junctions in nerve ring. Use acetylcholine as neurotransmitter (not glutamatergic as earlier reports suggested) (Serrano-Saiz et al., 2013; Ohnishi et al., 2011; Loer and Rand, 2022; Duerr et al., 2008). Express receptor GLR-1 (AMPA-type ionotropic glutamate receptor) and innexins INX-1a, INX-1b, INX-2, INX-7, INX-10a, INX-14, INX-19, UNC-7, UNC-9 (Maricq et al., 1995; Bhattacharya et al., 2019; Altun et al., 2009). IL1, OLQ, and RMD regulate spontaneous foraging movements: in presence of food, C. elegans makes rapid nose oscillations termed 'foraging' as they explore environment; laser-operated animals lacking IL1 and OLQ forage abnormally slowly and make exaggerated dorsal and ventral nose turns (Goodman, 2006; Kaplan and Driscoll, 1997; Hart et al., 1995). Mediate head-withdrawal reflex: when worms touched on ventral or dorsal nose side during forward movement, respond with aversive head movement away from stimulus; simple reflex mediated by two mechanosensory neuron classes (OLQ and IL1) and their synaptic targets (RMD motor neurons), with killing any of these cells alone or in combination diminishing reflex (Kaplan and Driscoll, 1997; Kindt et al., 2007). TRPA-1 function in IL1 and OLQ and GLR-1 function in RMD neurons facilitate both foraging rate and head withdrawal (Kindt et al., 2007). Important model for understanding head motor control, simple reflex circuits, foraging behavior, and mechanosensory-motor integration.",Unknown - function not yet characterized in this dataset,RMDR; rmdr; RMDR,Located in the nervous system,,,https://wormbase.org/species/all/anatomy_term/WBbt:0005033,WormFindr Information Cards (Nov 2024),[Imported from WormFindr],review,,
RMDVL,RMDVL cell,RMDVL,cell,,WBbt:0005031,c-elegans,NCBITaxon:6239,L1,hermaphrodite,"RMDVL (Ring Motor Neuron D) - Motor neurons. Located in head. Born from AB lineage: AB alppapaaa for RMDVL. Ring motor neurons innervating muscles in head via neuromuscular junctions in nerve ring. Use acetylcholine as neurotransmitter (not glutamatergic as earlier reports suggested) (Serrano-Saiz et al., 2013; Ohnishi et al., 2011; Loer and Rand, 2022; Duerr et al., 2008). Express receptor GLR-1 (AMPA-type ionotropic glutamate receptor) and innexins INX-1a, INX-1b, INX-2, INX-7, INX-10a, INX-14, INX-19, UNC-7, UNC-9 (Maricq et al., 1995; Bhattacharya et al., 2019; Altun et al., 2009). IL1, OLQ, and RMD regulate spontaneous foraging movements: in presence of food, C. elegans makes rapid nose oscillations termed 'foraging' as they explore environment; laser-operated animals lacking IL1 and OLQ forage abnormally slowly and make exaggerated dorsal and ventral nose turns (Goodman, 2006; Kaplan and Driscoll, 1997; Hart et al., 1995). Mediate head-withdrawal reflex: when worms touched on ventral or dorsal nose side during forward movement, respond with aversive head movement away from stimulus; simple reflex mediated by two mechanosensory neuron classes (OLQ and IL1) and their synaptic targets (RMD motor neurons), with killing any of these cells alone or in combination diminishing reflex (Kaplan and Driscoll, 1997; Kindt et al., 2007). TRPA-1 function in IL1 and OLQ and GLR-1 function in RMD neurons facilitate both foraging rate and head withdrawal (Kindt et al., 2007). Important model for understanding head motor control, simple reflex circuits, foraging behavior, and mechanosensory-motor integration.",Unknown - function not yet characterized in this dataset,RMDVL; rmdvl; RMDVL,Located in the nervous system,,,https://wormbase.org/species/all/anatomy_term/WBbt:0005031,WormFindr Information Cards (Nov 2024),[Imported from WormFindr],review,,
RMDVR,RMDVR cell,RMDVR,cell,,WBbt:0005029,c-elegans,NCBITaxon:6239,L1,hermaphrodite,"RMDVR (Ring Motor Neuron D) - Motor neurons. Located in head. Born from AB lineage: AB arapppaaa for RMDVR. Ring motor neurons innervating muscles in head via neuromuscular junctions in nerve ring. Use acetylcholine as neurotransmitter (not glutamatergic as earlier reports suggested) (Serrano-Saiz et al., 2013; Ohnishi et al., 2011; Loer and Rand, 2022; Duerr et al., 2008). Express receptor GLR-1 (AMPA-type ionotropic glutamate receptor) and innexins INX-1a, INX-1b, INX-2, INX-7, INX-10a, INX-14, INX-19, UNC-7, UNC-9 (Maricq et al., 1995; Bhattacharya et al., 2019; Altun et al., 2009). IL1, OLQ, and RMD regulate spontaneous foraging movements: in presence of food, C. elegans makes rapid nose oscillations termed 'foraging' as they explore environment; laser-operated animals lacking IL1 and OLQ forage abnormally slowly and make exaggerated dorsal and ventral nose turns (Goodman, 2006; Kaplan and Driscoll, 1997; Hart et al., 1995). Mediate head-withdrawal reflex: when worms touched on ventral or dorsal nose side during forward movement, respond with aversive head movement away from stimulus; simple reflex mediated by two mechanosensory neuron classes (OLQ and IL1) and their synaptic targets (RMD motor neurons), with killing any of these cells alone or in combination diminishing reflex (Kaplan and Driscoll, 1997; Kindt et al., 2007). TRPA-1 function in IL1 and OLQ and GLR-1 function in RMD neurons facilitate both foraging rate and head withdrawal (Kindt et al., 2007). Important model for understanding head motor control, simple reflex circuits, foraging behavior, and mechanosensory-motor integration.",Unknown - function not yet characterized in this dataset,RMDVR; rmdvr; RMDVR,Located in the nervous system,,,https://wormbase.org/species/all/anatomy_term/WBbt:0005029,WormFindr Information Cards (Nov 2024),[Imported from WormFindr],review,,
RMED,RMED cell,RMED,cell,,WBbt:0005027,c-elegans,NCBITaxon:6239,L1,hermaphrodite,"RMED (Ring Motor Neuron E) - Motor neurons. Located in head. Born from AB lineage: AB alapppaap for RMED. Ring motor neurons innervating head muscles with neuromuscular junctions in nerve ring. Use GABA as neurotransmitter. Express receptors ACR-14 (nicotinic AChR non-alpha subunit), AVR-15 (glutamate-gated chloride channel subunit, only in RMED and RMEV), GLR-1 (glutamate receptor subunit, only in RMEL and RMER), PDFR-1 (pigment dispersing factor receptor, only in RMED and RMEV), SER-2 (tyramine receptor splice variant), and innexins INX-1a, INX-1b, INX-10a, INX-14, UNC-7, UNC-9 (Barrios et al., 2012; Fox et al., 2005; Tsalik et al., 2003; Dent et al., 1997; Hart et al., 1995; Bhattacharya et al., 2019; Altun et al., 2009). Suggested to be pioneers of nerve ring (Antebi et al., 1997). Important model for understanding GABAergic motor control in head, nerve ring development, and differential receptor expression within motor neuron class.",Unknown - function not yet characterized in this dataset,RMED; rmed; RMED,Located in the nervous system,,,https://wormbase.org/species/all/anatomy_term/WBbt:0005027,WormFindr Information Cards (Nov 2024),[Imported from WormFindr],review,,
RMEL,RMEL cell,RMEL,cell,,WBbt:0005025,c-elegans,NCBITaxon:6239,L1,hermaphrodite,"RMEL (Ring Motor Neuron E) - Motor neurons. Located in head. Born from AB lineage: AB alaaaarlp for RMEL. Ring motor neurons innervating head muscles with neuromuscular junctions in nerve ring. Use GABA as neurotransmitter. Express receptors ACR-14 (nicotinic AChR non-alpha subunit), AVR-15 (glutamate-gated chloride channel subunit, only in RMED and RMEV), GLR-1 (glutamate receptor subunit, only in RMEL and RMER), PDFR-1 (pigment dispersing factor receptor, only in RMED and RMEV), SER-2 (tyramine receptor splice variant), and innexins INX-1a, INX-1b, INX-10a, INX-14, UNC-7, UNC-9 (Barrios et al., 2012; Fox et al., 2005; Tsalik et al., 2003; Dent et al., 1997; Hart et al., 1995; Bhattacharya et al., 2019; Altun et al., 2009). Suggested to be pioneers of nerve ring (Antebi et al., 1997). Important model for understanding GABAergic motor control in head, nerve ring development, and differential receptor expression within motor neuron class.",Unknown - function not yet characterized in this dataset,RMEL; rmel; RMEL,Located in the nervous system,,,https://wormbase.org/species/all/anatomy_term/WBbt:0005025,WormFindr Information Cards (Nov 2024),[Imported from WormFindr],review,,
RMER,RMER cell,RMER,cell,,WBbt:0005023,c-elegans,NCBITaxon:6239,L1,hermaphrodite,"RMER (Ring Motor Neuron E) - Motor neurons. Located in head. Born from AB lineage: AB alaaaarrp for RMER. Ring motor neurons innervating head muscles with neuromuscular junctions in nerve ring. Use GABA as neurotransmitter. Express receptors ACR-14 (nicotinic AChR non-alpha subunit), AVR-15 (glutamate-gated chloride channel subunit, only in RMED and RMEV), GLR-1 (glutamate receptor subunit, only in RMEL and RMER), PDFR-1 (pigment dispersing factor receptor, only in RMED and RMEV), SER-2 (tyramine receptor splice variant), and innexins INX-1a, INX-1b, INX-10a, INX-14, UNC-7, UNC-9 (Barrios et al., 2012; Fox et al., 2005; Tsalik et al., 2003; Dent et al., 1997; Hart et al., 1995; Bhattacharya et al., 2019; Altun et al., 2009). Suggested to be pioneers of nerve ring (Antebi et al., 1997). Important model for understanding GABAergic motor control in head, nerve ring development, and differential receptor expression within motor neuron class.",Unknown - function not yet characterized in this dataset,RMER; rmer; RMER,Located in the nervous system,,,https://wormbase.org/species/all/anatomy_term/WBbt:0005023,WormFindr Information Cards (Nov 2024),[Imported from WormFindr],review,,
RMEV,RMEV cell,RMEV,cell,,WBbt:0005021,c-elegans,NCBITaxon:6239,L1,hermaphrodite,"RMEV (Ring Motor Neuron E) - Motor neurons. Located in head. Born from AB lineage: AB plpappaaa for RMEV. Ring motor neurons innervating head muscles with neuromuscular junctions in nerve ring. Use GABA as neurotransmitter. Express receptors ACR-14 (nicotinic AChR non-alpha subunit), AVR-15 (glutamate-gated chloride channel subunit, only in RMED and RMEV), GLR-1 (glutamate receptor subunit, only in RMEL and RMER), PDFR-1 (pigment dispersing factor receptor, only in RMED and RMEV), SER-2 (tyramine receptor splice variant), and innexins INX-1a, INX-1b, INX-10a, INX-14, UNC-7, UNC-9 (Barrios et al., 2012; Fox et al., 2005; Tsalik et al., 2003; Dent et al., 1997; Hart et al., 1995; Bhattacharya et al., 2019; Altun et al., 2009). Suggested to be pioneers of nerve ring (Antebi et al., 1997). Important model for understanding GABAergic motor control in head, nerve ring development, and differential receptor expression within motor neuron class.",Unknown - function not yet characterized in this dataset,RMEV; rmev; RMEV,Located in the nervous system,,,https://wormbase.org/species/all/anatomy_term/WBbt:0005021,WormFindr Information Cards (Nov 2024),[Imported from WormFindr],review,,
RMGL,RMGL cell,RMGL,cell,,WBbt:0005017,c-elegans,NCBITaxon:6239,L1,hermaphrodite,RMGL is a neuron cell in the nervous system of C. elegans. Interneuron located left of terminal bulb. Sends process ventrally into ventral cord and then into nerve ring. Embryonic lineage: ABplapaaapp,Unknown - function not yet characterized in this dataset,RMGL; rmgl; RMGL,Located in the nervous system,,,https://wormbase.org/species/all/anatomy_term/WBbt:0005017,WormFindr Information Cards (Nov 2024),[Imported from WormFindr],review,,
RMGR,RMGR cell,RMGR,cell,,WBbt:0005013,c-elegans,NCBITaxon:6239,L1,hermaphrodite,RMGR is a neuron cell in the nervous system of C. elegans. Interneuron located right of terminal bulb. Sends process ventrally into ventral cord and then into nerve ring. Embryonic lineage: ABprapaaapp,Unknown - function not yet characterized in this dataset,RMGR; rmgr; RMGR,Located in the nervous system,,,https://wormbase.org/species/all/anatomy_term/WBbt:0005013,WormFindr Information Cards (Nov 2024),[Imported from WormFindr],review,,
RMHL,RMHL cell,RMHL,cell,,WBbt:0005011,c-elegans,NCBITaxon:6239,L1,hermaphrodite,RMHL is a neuron cell in the nervous system of C. elegans. Motor neuron located in left lateral ganglion. Sends process ventrally that then enters nerve ring. Post-embryonic lineage: G1.l,Unknown - function not yet characterized in this dataset,RMHL; rmhl; RMHL,Located in the nervous system,,,https://wormbase.org/species/all/anatomy_term/WBbt:0005011,WormFindr Information Cards (Nov 2024),[Imported from WormFindr],review,,
RMHR,RMHR cell,RMHR,cell,,WBbt:0005009,c-elegans,NCBITaxon:6239,L1,hermaphrodite,RMHR is a neuron cell in the nervous system of C. elegans. Motor neuron located in right lateral ganglion. Sends process ventrally that then enters nerve ring. Post-embryonic lineage: G1.r,Unknown - function not yet characterized in this dataset,RMHR; rmhr; RMHR,Located in the nervous system,,,https://wormbase.org/species/all/anatomy_term/WBbt:0005009,WormFindr Information Cards (Nov 2024),[Imported from WormFindr],review,,
SAADL,SAADL cell,SAADL,cell,,WBbt:0005007,c-elegans,NCBITaxon:6239,L1,hermaphrodite,SAADL is a neuron cell in the nervous system of C. elegans. Interneuron located in left ventral ganglion. Sends anterior process into nerve ring and then anterior into dorsal left sub-lateral cords. Embryonic lineage: ABalppapapa,Unknown - function not yet characterized in this dataset,SAADL; saadl; SAADL,Located in the nervous system,,,https://wormbase.org/species/all/anatomy_term/WBbt:0005007,WormFindr Information Cards (Nov 2024),[Imported from WormFindr],review,,
SAADR,SAADR cell,SAADR,cell,,WBbt:0005005,c-elegans,NCBITaxon:6239,L1,hermaphrodite,SAADR is a neuron cell in the nervous system of C. elegans. Interneuron located in right ventral ganglion. Sends anterior process into nerve ring and then anterior into dorsal right sub-lateral cords. Embryonic lineage: ABarapppapa,Unknown - function not yet characterized in this dataset,SAADR; saadr; SAADR,Located in the nervous system,,,https://wormbase.org/species/all/anatomy_term/WBbt:0005005,WormFindr Information Cards (Nov 2024),[Imported from WormFindr],review,,
SAAVL,SAAVL cell,SAAVL,cell,,WBbt:0005003,c-elegans,NCBITaxon:6239,L1,hermaphrodite,SAAVL is a neuron cell in the nervous system of C. elegans. Interneuron located in left lateral ganglion. Sends anterior process into nerve ring and then anterior into ventral left sub-lateral cords. Embryonic lineage: ABplpaaaaaa,Unknown - function not yet characterized in this dataset,SAAVL; saavl; SAAVL,Located in the nervous system,,,https://wormbase.org/species/all/anatomy_term/WBbt:0005003,WormFindr Information Cards (Nov 2024),[Imported from WormFindr],review,,
SAAVR,SAAVR cell,SAAVR,cell,,WBbt:0005001,c-elegans,NCBITaxon:6239,L1,hermaphrodite,SAAVR is a neuron cell in the nervous system of C. elegans. Interneuron located in right lateral ganglion. Sends anterior process into nerve ring and then anterior into ventral right sub-lateral cords. Embryonic lineage: ABprpaaaaaa,Unknown - function not yet characterized in this dataset,SAAVR; saavr; SAAVR,Located in the nervous system,,,https://wormbase.org/species/all/anatomy_term/WBbt:0005001,WormFindr Information Cards (Nov 2024),[Imported from WormFindr],review,,
SABD,SABD cell,SABD,cell,,WBbt:0004999,c-elegans,NCBITaxon:6239,L1,hermaphrodite,SABD is a neuron cell in the nervous system of C. elegans. Ring and motor interneuron. Embryonic lineage: ABplppapaap,Unknown - function not yet characterized in this dataset,SABD; sabd; SABD,Located in the nervous system,,,https://wormbase.org/species/all/anatomy_term/WBbt:0004999,WormFindr Information Cards (Nov 2024),[Imported from WormFindr],review,,
SABVL,SABVL cell,SABVL,cell,,WBbt:0004998,c-elegans,NCBITaxon:6239,L1,hermaphrodite,SABVL is a neuron cell in the nervous system of C. elegans. Ring and motor interneuron. Embryonic lineage: ABplppapaaaa,Unknown - function not yet characterized in this dataset,SABVL; sabvl; SABVL,Located in the nervous system,,,https://wormbase.org/species/all/anatomy_term/WBbt:0004998,WormFindr Information Cards (Nov 2024),[Imported from WormFindr],review,,
SABVR,SABVR cell,SABVR,cell,,WBbt:0004997,c-elegans,NCBITaxon:6239,L1,hermaphrodite,SABVR is a neuron cell in the nervous system of C. elegans. Ring and motor interneuron. Embryonic lineage: ABprppapaaaa,Unknown - function not yet characterized in this dataset,SABVR; sabvr; SABVR,Located in the nervous system,,,https://wormbase.org/species/all/anatomy_term/WBbt:0004997,WormFindr Information Cards (Nov 2024),[Imported from WormFindr],review,,
SDQL,SDQL cell,SDQL,cell,,WBbt:0004993,c-elegans,NCBITaxon:6239,L1,hermaphrodite,SDQL is a neuron cell in the nervous system of C. elegans. Interneuron that runs laterally. Post-embryonic lineage: QL.pap,Unknown - function not yet characterized in this dataset,SDQL; sdql; SDQL,Located in the nervous system,,,https://wormbase.org/species/all/anatomy_term/WBbt:0004993,WormFindr Information Cards (Nov 2024),[Imported from WormFindr],review,,
SIADL,SIADL cell,SIADL,cell,,WBbt:0004989,c-elegans,NCBITaxon:6239,L1,hermaphrodite,SIADL is a neuron cell in the nervous system of C. elegans. Interneuron located in left lateral ganglion. Sends anterior process into nerve ring and then posteriorly into dorsal left sub-lateral cords. Embryonic lineage: ABplpapaapa,Unknown - function not yet characterized in this dataset,SIADL; siadl; SIADL,Located in the nervous system,,,https://wormbase.org/species/all/anatomy_term/WBbt:0004989,WormFindr Information Cards (Nov 2024),[Imported from WormFindr],review,,
SIADR,SIADR cell,SIADR,cell,,WBbt:0004987,c-elegans,NCBITaxon:6239,L1,hermaphrodite,SIADR is a neuron cell in the nervous system of C. elegans. Interneuron located in right lateral ganglion. Sends anterior process into nerve ring and then posteriorly into dorsal right sub-lateral cords. Embryonic lineage: ABprpapaapa,Unknown - function not yet characterized in this dataset,SIADR; siadr; SIADR,Located in the nervous system,,,https://wormbase.org/species/all/anatomy_term/WBbt:0004987,WormFindr Information Cards (Nov 2024),[Imported from WormFindr],review,,
SIAVL,SIAVL cell,SIAVL,cell,,WBbt:0004985,c-elegans,NCBITaxon:6239,L1,hermaphrodite,SIAVL is a neuron cell in the nervous system of C. elegans. Interneuron located in left lateral ganglion. Sends anterior process into nerve ring and then posteriorly into ventral left sub-lateral cords. Embryonic lineage: ABplpapappa,Unknown - function not yet characterized in this dataset,SIAVL; siavl; SIAVL,Located in the nervous system,,,https://wormbase.org/species/all/anatomy_term/WBbt:0004985,WormFindr Information Cards (Nov 2024),[Imported from WormFindr],review,,
SIAVR,SIAVR cell,SIAVR,cell,,WBbt:0004983,c-elegans,NCBITaxon:6239,L1,hermaphrodite,SIAVR is a neuron cell in the nervous system of C. elegans. Interneuron located in right lateral ganglion. Sends anterior process into nerve ring and then posteriorly into ventral right sub-lateral cords. Embryonic lineage: ABprpapappa,Unknown - function not yet characterized in this dataset,SIAVR; siavr; SIAVR,Located in the nervous system,,,https://wormbase.org/species/all/anatomy_term/WBbt:0004983,WormFindr Information Cards (Nov 2024),[Imported from WormFindr],review,,
SIBDL,SIBDL cell,SIBDL,cell,,WBbt:0004981,c-elegans,NCBITaxon:6239,L1,hermaphrodite,"SIBDL is a neuron cell in the nervous system of C. elegans. Interneuron located in left lateral ganglion. Sends process into nerve ring, which exit posteriorly into dorsal left sub-lateral cords. Embryonic lineage: ABplppaaaaa",Unknown - function not yet characterized in this dataset,SIBDL; sibdl; SIBDL,Located in the nervous system,,,https://wormbase.org/species/all/anatomy_term/WBbt:0004981,WormFindr Information Cards (Nov 2024),[Imported from WormFindr],review,,
SIBDR,SIBDR cell,SIBDR,cell,,WBbt:0004979,c-elegans,NCBITaxon:6239,L1,hermaphrodite,"SIBDR is a neuron cell in the nervous system of C. elegans. Interneuron located in right lateral ganglion. Sends process into nerve ring, which exit posteriorly into dorsal right sub-lateral cords. Embryonic lineage: ABprppaaaaa",Unknown - function not yet characterized in this dataset,SIBDR; sibdr; SIBDR,Located in the nervous system,,,https://wormbase.org/species/all/anatomy_term/WBbt:0004979,WormFindr Information Cards (Nov 2024),[Imported from WormFindr],review,,
SIBVL,SIBVL cell,SIBVL,cell,,WBbt:0004978,c-elegans,NCBITaxon:6239,L1,hermaphrodite,"SIBVL is a neuron cell in the nervous system of C. elegans. Interneuron located in left ventral ganglion. Sends process into nerve ring, which exit posteriorly into ventral left sub-lateral cords. Embryonic lineage: ABplpapaapp",Unknown - function not yet characterized in this dataset,SIBVL; sibvl; SIBVL,Located in the nervous system,,,https://wormbase.org/species/all/anatomy_term/WBbt:0004978,WormFindr Information Cards (Nov 2024),[Imported from WormFindr],review,,
SIBVR,SIBVR cell,SIBVR,cell,,WBbt:0004977,c-elegans,NCBITaxon:6239,L1,hermaphrodite,"SIBVR is a neuron cell in the nervous system of C. elegans. Interneuron located in right ventral ganglion. Sends process into nerve ring, which exit posteriorly into ventral right sub-lateral cords. Embryonic lineage: ABprpapaapp",Unknown - function not yet characterized in this dataset,SIBVR; sibvr; SIBVR,Located in the nervous system,,,https://wormbase.org/species/all/anatomy_term/WBbt:0004977,WormFindr Information Cards (Nov 2024),[Imported from WormFindr],review,,
SMBDL,SMBDL cell,SMBDL,cell,,WBbt:0004976,c-elegans,NCBITaxon:6239,L1,hermaphrodite,"SMBDL (Submedial Motor Neuron B) - Motor neurons. Located in head. Born from AB lineage: AB alpapapapp for SMBDL. Innervate muscles in head via neuromuscular junctions in nerve ring and send processes posteriorly down sublateral cords. Use acetylcholine as neurotransmitter (Loer and Rand, 2022; Duerr et al., 2008; Rand and Nonet, 1997). Express innexins INX-1a, INX-1b, INX-2, INX-10a, INX-14 (dauer only), UNC-7, UNC-9 (Bhattacharya et al., 2019; Altun et al., 2009). Function in locomotion: after food removal, animals initiate local search behavior consisting of reversals and deep omega-shaped turns, followed by dispersal ~30 min later as reversals and turns are suppressed; local search triggered by AWC olfactory neurons, ASK gustatory neurons, and AIB interneurons, while dispersal promoted by ASI gustatory neurons and AIY interneurons (Gray et al., 2005). Downstream of AIB and AIY, motor neurons define specific aspects of reversal and turn frequency, amplitude, and directionality: SMD motor neurons define steep amplitude of omega turns, RIV motor neurons specify ventral bias of turns following reversal, and SMB motor neurons set amplitude of sinusoidal movement. Important model for understanding head motor control, sinusoidal movement amplitude regulation, and hierarchical organization of locomotor behaviors.",Unknown - function not yet characterized in this dataset,SMBDL; smbdl; SMBDL,Located in the nervous system,,,https://wormbase.org/species/all/anatomy_term/WBbt:0004976,WormFindr Information Cards (Nov 2024),[Imported from WormFindr],review,,
SMBDR,SMBDR cell,SMBDR,cell,,WBbt:0004975,c-elegans,NCBITaxon:6239,L1,hermaphrodite,"SMBDR (Submedial Motor Neuron B) - Motor neurons. Located in head. Born from AB lineage: AB arappapapp for SMBDR. Innervate muscles in head via neuromuscular junctions in nerve ring and send processes posteriorly down sublateral cords. Use acetylcholine as neurotransmitter (Loer and Rand, 2022; Duerr et al., 2008; Rand and Nonet, 1997). Express innexins INX-1a, INX-1b, INX-2, INX-10a, INX-14 (dauer only), UNC-7, UNC-9 (Bhattacharya et al., 2019; Altun et al., 2009). Function in locomotion: after food removal, animals initiate local search behavior consisting of reversals and deep omega-shaped turns, followed by dispersal ~30 min later as reversals and turns are suppressed; local search triggered by AWC olfactory neurons, ASK gustatory neurons, and AIB interneurons, while dispersal promoted by ASI gustatory neurons and AIY interneurons (Gray et al., 2005). Downstream of AIB and AIY, motor neurons define specific aspects of reversal and turn frequency, amplitude, and directionality: SMD motor neurons define steep amplitude of omega turns, RIV motor neurons specify ventral bias of turns following reversal, and SMB motor neurons set amplitude of sinusoidal movement. Important model for understanding head motor control, sinusoidal movement amplitude regulation, and hierarchical organization of locomotor behaviors.",Unknown - function not yet characterized in this dataset,SMBDR; smbdr; SMBDR,Located in the nervous system,,,https://wormbase.org/species/all/anatomy_term/WBbt:0004975,WormFindr Information Cards (Nov 2024),[Imported from WormFindr],review,,
SMBVL,SMBVL cell,SMBVL,cell,,WBbt:0004974,c-elegans,NCBITaxon:6239,L1,hermaphrodite,"SMBVL (Submedial Motor Neuron B) - Motor neurons. Located in head. Born from AB lineage: AB alpapappp for SMBVL. Innervate muscles in head via neuromuscular junctions in nerve ring and send processes posteriorly down sublateral cords. Use acetylcholine as neurotransmitter (Loer and Rand, 2022; Duerr et al., 2008; Rand and Nonet, 1997). Express innexins INX-1a, INX-1b, INX-2, INX-10a, INX-14 (dauer only), UNC-7, UNC-9 (Bhattacharya et al., 2019; Altun et al., 2009). Function in locomotion: after food removal, animals initiate local search behavior consisting of reversals and deep omega-shaped turns, followed by dispersal ~30 min later as reversals and turns are suppressed; local search triggered by AWC olfactory neurons, ASK gustatory neurons, and AIB interneurons, while dispersal promoted by ASI gustatory neurons and AIY interneurons (Gray et al., 2005). Downstream of AIB and AIY, motor neurons define specific aspects of reversal and turn frequency, amplitude, and directionality: SMD motor neurons define steep amplitude of omega turns, RIV motor neurons specify ventral bias of turns following reversal, and SMB motor neurons set amplitude of sinusoidal movement. Important model for understanding head motor control, sinusoidal movement amplitude regulation, and hierarchical organization of locomotor behaviors.",Unknown - function not yet characterized in this dataset,SMBVL; smbvl; SMBVL,Located in the nervous system,,,https://wormbase.org/species/all/anatomy_term/WBbt:0004974,WormFindr Information Cards (Nov 2024),[Imported from WormFindr],review,,
SMBVR,SMBVR cell,SMBVR,cell,,WBbt:0004973,c-elegans,NCBITaxon:6239,L1,hermaphrodite,"SMBVR (Submedial Motor Neuron B) - Motor neurons. Located in head. Born from AB lineage: AB arappappp for SMBVR. Innervate muscles in head via neuromuscular junctions in nerve ring and send processes posteriorly down sublateral cords. Use acetylcholine as neurotransmitter (Loer and Rand, 2022; Duerr et al., 2008; Rand and Nonet, 1997). Express innexins INX-1a, INX-1b, INX-2, INX-10a, INX-14 (dauer only), UNC-7, UNC-9 (Bhattacharya et al., 2019; Altun et al., 2009). Function in locomotion: after food removal, animals initiate local search behavior consisting of reversals and deep omega-shaped turns, followed by dispersal ~30 min later as reversals and turns are suppressed; local search triggered by AWC olfactory neurons, ASK gustatory neurons, and AIB interneurons, while dispersal promoted by ASI gustatory neurons and AIY interneurons (Gray et al., 2005). Downstream of AIB and AIY, motor neurons define specific aspects of reversal and turn frequency, amplitude, and directionality: SMD motor neurons define steep amplitude of omega turns, RIV motor neurons specify ventral bias of turns following reversal, and SMB motor neurons set amplitude of sinusoidal movement. Important model for understanding head motor control, sinusoidal movement amplitude regulation, and hierarchical organization of locomotor behaviors.",Unknown - function not yet characterized in this dataset,SMBVR; smbvr; SMBVR,Located in the nervous system,,,https://wormbase.org/species/all/anatomy_term/WBbt:0004973,WormFindr Information Cards (Nov 2024),[Imported from WormFindr],review,,
SMDDL,SMDDL cell,SMDDL,cell,,WBbt:0004972,c-elegans,NCBITaxon:6239,L1,hermaphrodite,"SMDDL (Submedial Motor Neuron D) - Motor neurons. SMDV cell bodies located subdorsally in head, posterior and close to neuropile of nerve ring. SMDD cell bodies in ventral ganglion. Born from AB lineage: AB alppappaa for SMDDL. Innervate muscles in head via neuromuscular junctions in nerve ring and send processes posteriorly down sublateral cords. Use acetylcholine and betaine as neurotransmitters (Wang et al., 2024; Loer and Rand, 2022; Duerr et al., 2008; Rand and Nonet, 1997). Express innexins INX-2, INX-7, INX-10a, INX-14, UNC-7, UNC-9 (Bhattacharya et al., 2019; Altun et al., 2009). Function in locomotion: after food removal, animals initiate local search behavior consisting of reversals and deep omega-shaped turns, followed by dispersal ~30 min later as reversals and turns are suppressed; local search triggered by AWC olfactory neurons, ASK gustatory neurons, and AIB interneurons, while dispersal promoted by ASI gustatory neurons and AIY interneurons (Gray et al., 2005). Downstream of AIB and AIY, motor neurons define specific aspects of reversal and turn frequency, amplitude, and directionality: SMD motor neurons define steep amplitude of omega turns, RIV motor neurons specify ventral bias of turns following reversal, and SMB motor neurons set amplitude of sinusoidal movement. Important model for understanding head motor control, omega turn generation, and hierarchical organization of locomotor behaviors.",Unknown - function not yet characterized in this dataset,SMDDL; smddl; SMDDL,Located in the nervous system,,,https://wormbase.org/species/all/anatomy_term/WBbt:0004972,WormFindr Information Cards (Nov 2024),[Imported from WormFindr],review,,
SMDDR,SMDDR cell,SMDDR,cell,,WBbt:0004971,c-elegans,NCBITaxon:6239,L1,hermaphrodite,"SMDDR (Submedial Motor Neuron D) - Motor neurons. SMDV cell bodies located subdorsally in head, posterior and close to neuropile of nerve ring. SMDD cell bodies in ventral ganglion. Born from AB lineage: AB arappppaa for SMDDR. Innervate muscles in head via neuromuscular junctions in nerve ring and send processes posteriorly down sublateral cords. Use acetylcholine and betaine as neurotransmitters (Wang et al., 2024; Loer and Rand, 2022; Duerr et al., 2008; Rand and Nonet, 1997). Express innexins INX-2, INX-7, INX-10a, INX-14, UNC-7, UNC-9 (Bhattacharya et al., 2019; Altun et al., 2009). Function in locomotion: after food removal, animals initiate local search behavior consisting of reversals and deep omega-shaped turns, followed by dispersal ~30 min later as reversals and turns are suppressed; local search triggered by AWC olfactory neurons, ASK gustatory neurons, and AIB interneurons, while dispersal promoted by ASI gustatory neurons and AIY interneurons (Gray et al., 2005). Downstream of AIB and AIY, motor neurons define specific aspects of reversal and turn frequency, amplitude, and directionality: SMD motor neurons define steep amplitude of omega turns, RIV motor neurons specify ventral bias of turns following reversal, and SMB motor neurons set amplitude of sinusoidal movement. Important model for understanding head motor control, omega turn generation, and hierarchical organization of locomotor behaviors.",Unknown - function not yet characterized in this dataset,SMDDR; smddr; SMDDR,Located in the nervous system,,,https://wormbase.org/species/all/anatomy_term/WBbt:0004971,WormFindr Information Cards (Nov 2024),[Imported from WormFindr],review,,
SMDVL,SMDVL cell,SMDVL,cell,,WBbt:0004970,c-elegans,NCBITaxon:6239,L1,hermaphrodite,"SMDVL (Submedial Motor Neuron D) - Motor neurons. SMDV cell bodies located subdorsally in head, posterior and close to neuropile of nerve ring. SMDD cell bodies in ventral ganglion. Born from AB lineage: AB plpapaaaa for SMDVL. Innervate muscles in head via neuromuscular junctions in nerve ring and send processes posteriorly down sublateral cords. Use acetylcholine and betaine as neurotransmitters (Wang et al., 2024; Loer and Rand, 2022; Duerr et al., 2008; Rand and Nonet, 1997). Express innexins INX-2, INX-7, INX-10a, INX-14, UNC-7, UNC-9 (Bhattacharya et al., 2019; Altun et al., 2009). Function in locomotion: after food removal, animals initiate local search behavior consisting of reversals and deep omega-shaped turns, followed by dispersal ~30 min later as reversals and turns are suppressed; local search triggered by AWC olfactory neurons, ASK gustatory neurons, and AIB interneurons, while dispersal promoted by ASI gustatory neurons and AIY interneurons (Gray et al., 2005). Downstream of AIB and AIY, motor neurons define specific aspects of reversal and turn frequency, amplitude, and directionality: SMD motor neurons define steep amplitude of omega turns, RIV motor neurons specify ventral bias of turns following reversal, and SMB motor neurons set amplitude of sinusoidal movement. Important model for understanding head motor control, omega turn generation, and hierarchical organization of locomotor behaviors.",Unknown - function not yet characterized in this dataset,SMDVL; smdvl; SMDVL,Located in the nervous system,,,https://wormbase.org/species/all/anatomy_term/WBbt:0004970,WormFindr Information Cards (Nov 2024),[Imported from WormFindr],review,,
SMDVR,SMDVR cell,SMDVR,cell,,WBbt:0004969,c-elegans,NCBITaxon:6239,L1,hermaphrodite,"SMDVR (Submedial Motor Neuron D) - Motor neurons. SMDV cell bodies located subdorsally in head, posterior and close to neuropile of nerve ring. SMDD cell bodies in ventral ganglion. Born from AB lineage: AB prpapaaaa for SMDVR. Innervate muscles in head via neuromuscular junctions in nerve ring and send processes posteriorly down sublateral cords. Use acetylcholine and betaine as neurotransmitters (Wang et al., 2024; Loer and Rand, 2022; Duerr et al., 2008; Rand and Nonet, 1997). Express innexins INX-2, INX-7, INX-10a, INX-14, UNC-7, UNC-9 (Bhattacharya et al., 2019; Altun et al., 2009). Function in locomotion: after food removal, animals initiate local search behavior consisting of reversals and deep omega-shaped turns, followed by dispersal ~30 min later as reversals and turns are suppressed; local search triggered by AWC olfactory neurons, ASK gustatory neurons, and AIB interneurons, while dispersal promoted by ASI gustatory neurons and AIY interneurons (Gray et al., 2005). Downstream of AIB and AIY, motor neurons define specific aspects of reversal and turn frequency, amplitude, and directionality: SMD motor neurons define steep amplitude of omega turns, RIV motor neurons specify ventral bias of turns following reversal, and SMB motor neurons set amplitude of sinusoidal movement. Important model for understanding head motor control, omega turn generation, and hierarchical organization of locomotor behaviors.",Unknown - function not yet characterized in this dataset,SMDVR; smdvr; SMDVR,Located in the nervous system,,,https://wormbase.org/species/all/anatomy_term/WBbt:0004969,WormFindr Information Cards (Nov 2024),[Imported from WormFindr],review,,
SML,SML cell,SML,cell,,,c-elegans,NCBITaxon:6239,L1,hermaphrodite,SML is a cell in C. elegans. [Description needs expansion],Unknown - function not yet characterized in this dataset,SML; sml; SML,,,,,WormFindr Information Cards (Nov 2024),[Imported from WormFindr],review,,
SMR,SMR cell,SMR,cell,,,c-elegans,NCBITaxon:6239,L1,hermaphrodite,SMR is a cell in C. elegans. [Description needs expansion],Unknown - function not yet characterized in this dataset,SMR; smr; SMR,,,,,WormFindr Information Cards (Nov 2024),[Imported from WormFindr],review,,
SQDR,SQDR cell,SQDR,cell,,WBbt:0004991,c-elegans,NCBITaxon:6239,L1,hermaphrodite,SQDR is a neuron cell in the nervous system of C. elegans. Interneuron that runs laterally. Post-embryonic lineage: QR.pap,Unknown - function not yet characterized in this dataset,SQDR; sqdr; SQDR,Located in the nervous system,,,https://wormbase.org/species/all/anatomy_term/WBbt:0004991,WormFindr Information Cards (Nov 2024),[Imported from WormFindr],review,,
TL,TL cell,TL,cell,,WBbt:0004946,c-elegans,NCBITaxon:6239,L1,hermaphrodite,TL is a epithelial cell in the seam system of C. elegans. Posteriormost epithelial seam cell with stem cell-like properties covering left lateral cord. Embryonic lineage: ABplappppp,Unknown - function not yet characterized in this dataset,TL; tl; TL,Located in the seam system,,,https://wormbase.org/species/all/anatomy_term/WBbt:0004946,WormFindr Information Cards (Nov 2024),[Imported from WormFindr],review,,
TR,TR cell,TR,cell,,WBbt:0004944,c-elegans,NCBITaxon:6239,L1,hermaphrodite,TR is a epithelial cell in the seam system of C. elegans. Posteriormost epithelial seam cell with stem cell-like properties covering right lateral cord. Embryonic lineage: ABprappppp,Unknown - function not yet characterized in this dataset,TR; tr; TR,Located in the seam system,,,https://wormbase.org/species/all/anatomy_term/WBbt:0004944,WormFindr Information Cards (Nov 2024),[Imported from WormFindr],review,,
U,U cell,U,cell,,WBbt:0004942,c-elegans,NCBITaxon:6239,L1,hermaphrodite,U is a epithelial cell in the alimentary system of C. elegans. Epithelial cell on anterior side of rectum. Embryonic lineage: ABplppppapa,Unknown - function not yet characterized in this dataset,U; u; U,Located in the alimentary system,,,https://wormbase.org/species/all/anatomy_term/WBbt:0004942,WormFindr Information Cards (Nov 2024),[Imported from WormFindr],review,,
URADL,URADL cell,URADL,cell,,WBbt:0004940,c-elegans,NCBITaxon:6239,L1,hermaphrodite,URADL is a neuron cell in the nervous system of C. elegans. Motor neurons located in the head. Embryonic lineage: ABplaaaaaaa,Unknown - function not yet characterized in this dataset,URADL; uradl; URADL,Located in the nervous system,,,https://wormbase.org/species/all/anatomy_term/WBbt:0004940,WormFindr Information Cards (Nov 2024),[Imported from WormFindr],review,,
URADR,URADR cell,URADR,cell,,WBbt:0004936,c-elegans,NCBITaxon:6239,L1,hermaphrodite,URADR is a neuron cell in the nervous system of C. elegans. Motor neurons located in the head. Embryonic lineage: ABarpapaaaa,Unknown - function not yet characterized in this dataset,URADR; uradr; URADR,Located in the nervous system,,,https://wormbase.org/species/all/anatomy_term/WBbt:0004936,WormFindr Information Cards (Nov 2024),[Imported from WormFindr],review,,
URAVL,URAVL cell,URAVL,cell,,WBbt:0004935,c-elegans,NCBITaxon:6239,L1,hermaphrodite,URAVL is a neuron cell in the nervous system of C. elegans. Motor neurons located in the head. Embryonic lineage: ABplpaaapaa,Unknown - function not yet characterized in this dataset,URAVL; uravl; URAVL,Located in the nervous system,,,https://wormbase.org/species/all/anatomy_term/WBbt:0004935,WormFindr Information Cards (Nov 2024),[Imported from WormFindr],review,,
URAVR,URAVR cell,URAVR,cell,,WBbt:0004934,c-elegans,NCBITaxon:6239,L1,hermaphrodite,URAVR is a neuron cell in the nervous system of C. elegans. Motor neurons located in the head. Embryonic lineage: ABprpaaapaa,Unknown - function not yet characterized in this dataset,URAVR; uravr; URAVR,Located in the nervous system,,,https://wormbase.org/species/all/anatomy_term/WBbt:0004934,WormFindr Information Cards (Nov 2024),[Imported from WormFindr],review,,
URBL,URBL cell,URBL,cell,,WBbt:0004932,c-elegans,NCBITaxon:6239,L1,hermaphrodite,URBL is a neuron cell in the nervous system of C. elegans. Interneuron located right and anterior of nerve ring. Sends anterior process along lateral fasiscle and posterior process into nerve ring. Embryonic lineage: ABplaapaapa,Unknown - function not yet characterized in this dataset,URBL; urbl; URBL,Located in the nervous system,,,https://wormbase.org/species/all/anatomy_term/WBbt:0004932,WormFindr Information Cards (Nov 2024),[Imported from WormFindr],review,,
URBR,URBR cell,URBR,cell,,WBbt:0004930,c-elegans,NCBITaxon:6239,L1,hermaphrodite,URBR is a neuron cell in the nervous system of C. elegans. Interneuron located left and anterior of nerve ring. Sends anterior process along lateral fasiscle and posterior process into nerve ring. Embryonic lineage: ABpraapaapa,Unknown - function not yet characterized in this dataset,URBR; urbr; URBR,Located in the nervous system,,,https://wormbase.org/species/all/anatomy_term/WBbt:0004930,WormFindr Information Cards (Nov 2024),[Imported from WormFindr],review,,
URXL,URXL cell,URXL,cell,,WBbt:0004928,c-elegans,NCBITaxon:6239,L1,hermaphrodite,"URXL (UR neurons X) - Sensory neurons (oxygen and minor CO2), also ring interneurons. Located in head. Born from AB lineage: AB plaaaaappp. Nonciliated dendritic endings in nose associated with CEPD in embryo, terminating in flat, membranous and branched processes around ILso endings (Doroquez et al., 2014). Unlike retrograde extension of amphid dendrites during embryonic development, URX dendrite likely extends from stationary cell body with OL glia possibly as adhesive guide (McLachlan and Heiman, 2013). Like AQR and PQR, directly exposed to pseudocoelomic fluid, proposed to monitor contents of this fluid. Use acetylcholine and betaine as neurotransmitters and release FLP-8, FLP-10, FLP-11, FLP-19 neuropeptides (Wang et al., 2024; Pereira et al., 2015; Li and Kim, 2008). Express receptors GCY-1, GCY-25 (transmembrane guanylyl cyclases), GCY-32, GCY-34, GCY-35 (binds molecular oxygen mediating oxygen sensation, heterodimerizes with GCY-36), GCY-36, GCY-37 (soluble guanylyl cyclases), NPR-1 (peptide receptor), PDFR-1 (pigment dispersing factor receptor), SRA-10 (GPCR), and innexins CHE-7, INX-1a, INX-1b, INX-2, INX-10a, INX-14, INX-18a, INX-18b, UNC-7, UNC-9 (Wormbase; Barrios et al., 2012; Cheung et al., 2004; Gray et al., 2004; Troemel et al., 1995; Bhattacharya et al., 2019; Altun et al., 2009). Function in aerotaxis along with AQR, PQR, AUA, regulating social feeding (aggregation on bacterial lawn) and bordering (accumulation on thickest bacterial lawn part) behaviors. C. elegans in O2 gradient shows strong preference for ~5-10% (intermediate) O2, avoiding hypoxia (<7%) and hyperoxia (21%), navigating gradients through O2-induced locomotion speed, reversal and turning changes (Cheung et al., 2005; Gray et al., 2004). Intermediate O2 preference allows oxidative metabolism while avoiding oxidative stress (Lee and Atkinson, 1977), promotes aggregation behavior as aggregating worms locally deplete O2 to preferred levels (Gray et al., 2004; Rogers et al., 2006). O2 rise leaving group induces reversal and turning; O2 fall entering group suppresses reversal, turning, rapid locomotion, allowing staying with group. Soluble guanylyl cyclase (sGC)-expressing oxygen-sensing neurons (URX, BAG, AQR, PQR, SDQ, BDU, ALN, PLN) mediate ambient O2 responses (Zimmer et al., 2009). URX most important for aggregation (Coates and de Bono, 2002), redundant with other sGC-expressing neurons for aerotactic behavior in O2 gradient (Chang et al., 2006). O2 sensation requires opposing actions of BAG and URX: in wild type with high NPR-1 function, BAG senses O2 drops, URX senses elevations, interaction producing locomotion responses allowing worm to find and settle at preferred O2 (Skora and Zimmer, 2013; Zimmer et al., 2009). O2-sensing abilities attributed to specific O2-binding sGCs (GCY-31 and GCY-33 in BAG; GCY-35 and GCY-36 in URX). URX location in head and PQR in tail facilitate high O2 avoidance: tail/PQR encountering high O2 causes forward acceleration without direction change; head/URX encountering high O2 causes reversal and turning (Busch et al., 2012). Post-synaptic targets AUA and RMG involved in O2-induced behavioral response. O2 response strength regulated by food, genotype, prior O2 exposure: N2 strain with high NPR-1 (215V) activity indifferent to high O2 with food, while isolates with low NPR-1 (215F) activity avoid high O2 with food and aggregate (Gray et al., 2004; Rogers et al., 2006). All strains avoid high O2 without food, suggesting NPR-1 is internal food sensor for food-related aggregation regulation (Chang et al., 2006). In low NPR-1 activity animals, O2 drops increase GCY-35/36 heterodimeric soluble guanylyl cyclase activity; rising cGMP opens TAX-2/TAX-4 cGMP-gated ion channel in AQR, PQR, URX causing depolarization and strong roaming behavior suppression with food present (Cheung et al., 2005). Cultivation conditions regulate O2 preference: hypoxia-cultivated animals migrate to lower O2, avoid high O2 regardless of food or NPR-1 genotype (Cheung et al., 2005; Chang and Bargmann, 2008). ASH, ADL, ADF also promote high O2 avoidance (through OCR-2, OSM-9, ODR-4 in ASH and ADL; serotonin by ADF) but not needed after hypoxia cultivation (Chang et al., 2006; Chang and Bargmann, 2008; Rogers et al., 2006). Weak CO2-sensors contributing to CO2 avoidance (main sensors AFD, BAG, ASE) (Bretscher et al., 2011). Lifespan regulation: BAG ablation increases lifespan, URX ablation decreases lifespan; BAG and URX counterbalance each other for lifespan control via different sGCs, effects independent of canonical pathways (DAF-2/DAF-16, DAF-12, germline signaling, sensory perception, dietary restriction) (Liu and Cai, 2013). Suppress innate immunity via NPR-1 regulating both PMK-1-dependent and -independent immune responses (Styer et al., 2008); exposure to pseudocoelomic fluid suggests communication of neuroendocrine signals to nonneural tissues for innate immunity defense. Essential model for understanding oxygen sensing, social behavior regulation, and neuroendocrine control of immunity and lifespan.",Unknown - function not yet characterized in this dataset,URXL; urxl; URXL,Located in the nervous system,,,https://wormbase.org/species/all/anatomy_term/WBbt:0004928,WormFindr Information Cards (Nov 2024),[Imported from WormFindr],review,,
URXR,URXR cell,URXR,cell,,WBbt:0004926,c-elegans,NCBITaxon:6239,L1,hermaphrodite,"URXR (UR neurons X) - Sensory neurons (oxygen and minor CO2), also ring interneurons. Located in head. Born from AB lineage: AB arpapaappp. Nonciliated dendritic endings in nose associated with CEPD in embryo, terminating in flat, membranous and branched processes around ILso endings (Doroquez et al., 2014). Unlike retrograde extension of amphid dendrites during embryonic development, URX dendrite likely extends from stationary cell body with OL glia possibly as adhesive guide (McLachlan and Heiman, 2013). Like AQR and PQR, directly exposed to pseudocoelomic fluid, proposed to monitor contents of this fluid. Use acetylcholine and betaine as neurotransmitters and release FLP-8, FLP-10, FLP-11, FLP-19 neuropeptides (Wang et al., 2024; Pereira et al., 2015; Li and Kim, 2008). Express receptors GCY-1, GCY-25 (transmembrane guanylyl cyclases), GCY-32, GCY-34, GCY-35 (binds molecular oxygen mediating oxygen sensation, heterodimerizes with GCY-36), GCY-36, GCY-37 (soluble guanylyl cyclases), NPR-1 (peptide receptor), PDFR-1 (pigment dispersing factor receptor), SRA-10 (GPCR), and innexins CHE-7, INX-1a, INX-1b, INX-2, INX-10a, INX-14, INX-18a, INX-18b, UNC-7, UNC-9 (Wormbase; Barrios et al., 2012; Cheung et al., 2004; Gray et al., 2004; Troemel et al., 1995; Bhattacharya et al., 2019; Altun et al., 2009). Function in aerotaxis along with AQR, PQR, AUA, regulating social feeding (aggregation on bacterial lawn) and bordering (accumulation on thickest bacterial lawn part) behaviors. C. elegans in O2 gradient shows strong preference for ~5-10% (intermediate) O2, avoiding hypoxia (<7%) and hyperoxia (21%), navigating gradients through O2-induced locomotion speed, reversal and turning changes (Cheung et al., 2005; Gray et al., 2004). Intermediate O2 preference allows oxidative metabolism while avoiding oxidative stress (Lee and Atkinson, 1977), promotes aggregation behavior as aggregating worms locally deplete O2 to preferred levels (Gray et al., 2004; Rogers et al., 2006). O2 rise leaving group induces reversal and turning; O2 fall entering group suppresses reversal, turning, rapid locomotion, allowing staying with group. Soluble guanylyl cyclase (sGC)-expressing oxygen-sensing neurons (URX, BAG, AQR, PQR, SDQ, BDU, ALN, PLN) mediate ambient O2 responses (Zimmer et al., 2009). URX most important for aggregation (Coates and de Bono, 2002), redundant with other sGC-expressing neurons for aerotactic behavior in O2 gradient (Chang et al., 2006). O2 sensation requires opposing actions of BAG and URX: in wild type with high NPR-1 function, BAG senses O2 drops, URX senses elevations, interaction producing locomotion responses allowing worm to find and settle at preferred O2 (Skora and Zimmer, 2013; Zimmer et al., 2009). O2-sensing abilities attributed to specific O2-binding sGCs (GCY-31 and GCY-33 in BAG; GCY-35 and GCY-36 in URX). URX location in head and PQR in tail facilitate high O2 avoidance: tail/PQR encountering high O2 causes forward acceleration without direction change; head/URX encountering high O2 causes reversal and turning (Busch et al., 2012). Post-synaptic targets AUA and RMG involved in O2-induced behavioral response. O2 response strength regulated by food, genotype, prior O2 exposure: N2 strain with high NPR-1 (215V) activity indifferent to high O2 with food, while isolates with low NPR-1 (215F) activity avoid high O2 with food and aggregate (Gray et al., 2004; Rogers et al., 2006). All strains avoid high O2 without food, suggesting NPR-1 is internal food sensor for food-related aggregation regulation (Chang et al., 2006). In low NPR-1 activity animals, O2 drops increase GCY-35/36 heterodimeric soluble guanylyl cyclase activity; rising cGMP opens TAX-2/TAX-4 cGMP-gated ion channel in AQR, PQR, URX causing depolarization and strong roaming behavior suppression with food present (Cheung et al., 2005). Cultivation conditions regulate O2 preference: hypoxia-cultivated animals migrate to lower O2, avoid high O2 regardless of food or NPR-1 genotype (Cheung et al., 2005; Chang and Bargmann, 2008). ASH, ADL, ADF also promote high O2 avoidance (through OCR-2, OSM-9, ODR-4 in ASH and ADL; serotonin by ADF) but not needed after hypoxia cultivation (Chang et al., 2006; Chang and Bargmann, 2008; Rogers et al., 2006). Weak CO2-sensors contributing to CO2 avoidance (main sensors AFD, BAG, ASE) (Bretscher et al., 2011). Lifespan regulation: BAG ablation increases lifespan, URX ablation decreases lifespan; BAG and URX counterbalance each other for lifespan control via different sGCs, effects independent of canonical pathways (DAF-2/DAF-16, DAF-12, germline signaling, sensory perception, dietary restriction) (Liu and Cai, 2013). Suppress innate immunity via NPR-1 regulating both PMK-1-dependent and -independent immune responses (Styer et al., 2008); exposure to pseudocoelomic fluid suggests communication of neuroendocrine signals to nonneural tissues for innate immunity defense. Essential model for understanding oxygen sensing, social behavior regulation, and neuroendocrine control of immunity and lifespan.",Unknown - function not yet characterized in this dataset,URXR; urxr; URXR,Located in the nervous system,,,https://wormbase.org/species/all/anatomy_term/WBbt:0004926,WormFindr Information Cards (Nov 2024),[Imported from WormFindr],review,,
URYDL,URYDL cell,URYDL,cell,,WBbt:0004924,c-elegans,NCBITaxon:6239,L1,hermaphrodite,URYDL is a neuron cell in the nervous system of C. elegans. Dorsal left sensory neuron located anterior of nerve ring. Sends posterior process into nerve ring and anterior process towards nose. Embryonic lineage: ABalapapapp,Unknown - function not yet characterized in this dataset,URYDL; urydl; URYDL,Located in the nervous system,,,https://wormbase.org/species/all/anatomy_term/WBbt:0004924,WormFindr Information Cards (Nov 2024),[Imported from WormFindr],review,,
URYDR,URYDR cell,URYDR,cell,,WBbt:0004922,c-elegans,NCBITaxon:6239,L1,hermaphrodite,URYDR is a neuron cell in the nervous system of C. elegans. Dorsal right sensory neuron located anterior of nerve ring. Sends posterior process into nerve ring and anterior process towards nose. Embryonic lineage: ABalapppapp,Unknown - function not yet characterized in this dataset,URYDR; urydr; URYDR,Located in the nervous system,,,https://wormbase.org/species/all/anatomy_term/WBbt:0004922,WormFindr Information Cards (Nov 2024),[Imported from WormFindr],review,,
URYVL,URYVL cell,URYVL,cell,,WBbt:0004920,c-elegans,NCBITaxon:6239,L1,hermaphrodite,URYVL is a neuron cell in the nervous system of C. elegans. Ventral left sensory neuron located anterior of nerve ring. Sends posterior process into nerve ring and anterior process towards nose. Embryonic lineage: ABplpaaappp,Unknown - function not yet characterized in this dataset,URYVL; uryvl; URYVL,Located in the nervous system,,,https://wormbase.org/species/all/anatomy_term/WBbt:0004920,WormFindr Information Cards (Nov 2024),[Imported from WormFindr],review,,
URYVR,URYVR cell,URYVR,cell,,WBbt:0004906,c-elegans,NCBITaxon:6239,L1,hermaphrodite,URYVR is a neuron cell in the nervous system of C. elegans. Ventral left sensory neuron located anterior of nerve ring. Sends posterior process into nerve ring and anterior process towards nose. Embryonic lineage: ABprpaaappp,Unknown - function not yet characterized in this dataset,URYVR; uryvr; URYVR,Located in the nervous system,,,https://wormbase.org/species/all/anatomy_term/WBbt:0004906,WormFindr Information Cards (Nov 2024),[Imported from WormFindr],review,,
V1L.p,V1Lp cell,V1Lp,cell,,WBbt:0007390,c-elegans,NCBITaxon:6239,L1,hermaphrodite,V1Lp is a epithelial cell in the seam system of C. elegans. Fourth epithelial seam cell with stem cell-like properties covering left lateral cord. Post-embryonic lineage: V1L.p,Unknown - function not yet characterized in this dataset,V1Lp; v1lp; V1LP; V1L.p,Located in the seam system,,,https://wormbase.org/species/all/anatomy_term/WBbt:0007390,WormFindr Information Cards (Nov 2024),[Imported from WormFindr],review,,
V1R.p,V1Rp cell,V1Rp,cell,,WBbt:0007397,c-elegans,NCBITaxon:6239,L1,hermaphrodite,V1Rp is a epithelial cell in the seam system of C. elegans. Fourth epithelial seam cell with stem cell-like properties covering right lateral cord. Post-embryonic lineage: V1R.p,Unknown - function not yet characterized in this dataset,V1Rp; v1rp; V1RP; V1R.p,Located in the seam system,,,https://wormbase.org/species/all/anatomy_term/WBbt:0007397,WormFindr Information Cards (Nov 2024),[Imported from WormFindr],review,,
V2L.p,V2Lp cell,V2Lp,cell,,WBbt:0007404,c-elegans,NCBITaxon:6239,L1,hermaphrodite,V2Lp is a epithelial cell in the seam system of C. elegans. Fifth epithelial seam cell with stem cell-like properties covering left lateral cord. Post-embryonic lineage: V2L.p,Unknown - function not yet characterized in this dataset,V2Lp; v2lp; V2LP; V2L.p,Located in the seam system,,,https://wormbase.org/species/all/anatomy_term/WBbt:0007404,WormFindr Information Cards (Nov 2024),[Imported from WormFindr],review,,
V2R.p,V2Rp cell,V2Rp,cell,,WBbt:0007411,c-elegans,NCBITaxon:6239,L1,hermaphrodite,V2Rp is a epithelial cell in the seam system of C. elegans. Fifth epithelial seam cell with stem cell-like properties covering right lateral cord. Post-embryonic lineage: V2R.p,Unknown - function not yet characterized in this dataset,V2Rp; v2rp; V2RP; V2R.p,Located in the seam system,,,https://wormbase.org/species/all/anatomy_term/WBbt:0007411,WormFindr Information Cards (Nov 2024),[Imported from WormFindr],review,,
V3L.p,V3Lp cell,V3Lp,cell,,WBbt:0007418,c-elegans,NCBITaxon:6239,L1,hermaphrodite,V3Lp is a epithelial cell in the seam system of C. elegans. Sixth epithelial seam cell with stem cell-like properties covering left lateral cord. Post-embryonic lineage: V3L.p,Unknown - function not yet characterized in this dataset,V3Lp; v3lp; V3LP; V3L.p,Located in the seam system,,,https://wormbase.org/species/all/anatomy_term/WBbt:0007418,WormFindr Information Cards (Nov 2024),[Imported from WormFindr],review,,
V3R.p,V3Rp cell,V3Rp,cell,,WBbt:0007425,c-elegans,NCBITaxon:6239,L1,hermaphrodite,V3Rp is a epithelial cell in the seam system of C. elegans. Sixth epithelial seam cell with stem cell-like properties covering right lateral cord. Post-embryonic lineage: V3R.p,Unknown - function not yet characterized in this dataset,V3Rp; v3rp; V3RP; V3R.p,Located in the seam system,,,https://wormbase.org/species/all/anatomy_term/WBbt:0007425,WormFindr Information Cards (Nov 2024),[Imported from WormFindr],review,,
V4L.p,V4Lp cell,V4Lp,cell,,WBbt:0007432,c-elegans,NCBITaxon:6239,L1,hermaphrodite,V4Lp is a epithelial cell in the seam system of C. elegans. Seventh epithelial seam cell with stem cell-like properties covering left lateral cord. Post-embryonic lineage: V4L.p,Unknown - function not yet characterized in this dataset,V4Lp; v4lp; V4LP; V4L.p,Located in the seam system,,,https://wormbase.org/species/all/anatomy_term/WBbt:0007432,WormFindr Information Cards (Nov 2024),[Imported from WormFindr],review,,
V4R.p,V4Rp cell,V4Rp,cell,,WBbt:0007439,c-elegans,NCBITaxon:6239,L1,hermaphrodite,V4Rp is a epithelial cell in the seam system of C. elegans. Seventh epithelial seam cell with stem cell-like properties covering right lateral cord. Post-embryonic lineage: V4R.p,Unknown - function not yet characterized in this dataset,V4Rp; v4rp; V4RP; V4R.p,Located in the seam system,,,https://wormbase.org/species/all/anatomy_term/WBbt:0007439,WormFindr Information Cards (Nov 2024),[Imported from WormFindr],review,,
V5L.pa,V5Lpa cell,V5Lpa,cell,,WBbt:0007447,c-elegans,NCBITaxon:6239,L1,hermaphrodite,"V5Lpa is a epithelial cell in the seam system of C. elegans. Blast cell that will form PDE, PVD and post-deirid sensilla. Post-embryonic lineage:V5L.pa",Unknown - function not yet characterized in this dataset,V5Lpa; v5lpa; V5LPA; V5L.pa,Located in the seam system,,,https://wormbase.org/species/all/anatomy_term/WBbt:0007447,WormFindr Information Cards (Nov 2024),[Imported from WormFindr],review,,
V5L.pp,V5Lpp cell,V5Lpp,cell,,WBbt:0007452,c-elegans,NCBITaxon:6239,L1,hermaphrodite,V5Lpp is a epithelial cell in the seam system of C. elegans. Eighth epithelial seam cell with stem cell-like properties covering left lateral cord. Post-embryonic lineage: V5L.pp,Unknown - function not yet characterized in this dataset,V5Lpp; v5lpp; V5LPP; V5L.pp,Located in the seam system,,,https://wormbase.org/species/all/anatomy_term/WBbt:0007452,WormFindr Information Cards (Nov 2024),[Imported from WormFindr],review,,
V5R.p,V5Rp cell,V5Rp,cell,,WBbt:0007463,c-elegans,NCBITaxon:6239,L1,hermaphrodite,V5Rp is a epithelial cell in the seam system of C. elegans. Eighth epithelial seam cell with stem cell-like properties covering right lateral cord. Post-embryonic lineage: V5R.p,Unknown - function not yet characterized in this dataset,V5Rp; v5rp; V5RP; V5R.p,Located in the seam system,,,https://wormbase.org/species/all/anatomy_term/WBbt:0007463,WormFindr Information Cards (Nov 2024),[Imported from WormFindr],review,,
V6L.p,V6Lp cell,V6Lp,cell,,WBbt:0007480,c-elegans,NCBITaxon:6239,L1,hermaphrodite,V6Lp is a epithelial cell in the seam system of C. elegans. Ninth epithelial seam cell with stem cell-like properties covering left lateral cord. Post-embryonic lineage: V6L.p,Unknown - function not yet characterized in this dataset,V6Lp; v6lp; V6LP; V6L.p,Located in the seam system,,,https://wormbase.org/species/all/anatomy_term/WBbt:0007480,WormFindr Information Cards (Nov 2024),[Imported from WormFindr],review,,
V6R.p,V6Rp cell,V6Rp,cell,,WBbt:0007524,c-elegans,NCBITaxon:6239,L1,hermaphrodite,V6Rp is a epithelial cell in the seam system of C. elegans. Ninth epithelial seam cell with stem cell-like properties covering right lateral cord. Post-embryonic lineage: V6R.p,Unknown - function not yet characterized in this dataset,V6Rp; v6rp; V6RP; V6R.p,Located in the seam system,,,https://wormbase.org/species/all/anatomy_term/WBbt:0007524,WormFindr Information Cards (Nov 2024),[Imported from WormFindr],review,,
VA1,VA1 cell,VA1,cell,,WBbt:0004872,c-elegans,NCBITaxon:6239,L1,hermaphrodite,"VA1 (Ventral A Motor Neurons) - Motor neurons. Located in body (ventral nerve cord). Born postembryonically from lineages: W.pa. Ventral cord motor neurons with connectivity of VA1, VA3, and VA5 differing slightly from remaining VAs (Haspel and Donovan, 2011). Use acetylcholine as neurotransmitter, with VA12 also using betaine (Wang et al., 2024; Loer and Rand, 2022; Duerr et al., 2008; Rand and Nonet, 1997). Express innexins INX-1a, INX-1b, INX-3, INX-7, INX-10a, INX-12, INX-14, UNC-7, UNC-9 (Bhattacharya et al., 2019; Altun et al., 2009). Function in locomotion. Represent ventral A-class motor neurons essential for backward locomotion. Important for understanding coordinated dorsal-ventral muscle activation, motor pattern generation, and how bilateral motor coordination produces sinusoidal locomotion.",Unknown - function not yet characterized in this dataset,VA1; va1; VA1,Located in the nervous system,,,https://wormbase.org/species/all/anatomy_term/WBbt:0004872,WormFindr Information Cards (Nov 2024),[Imported from WormFindr],review,,
VA10,VA10 cell,VA10,cell,,WBbt:0004649,c-elegans,NCBITaxon:6239,L1,hermaphrodite,"VA10 (Ventral A Motor Neurons) - Motor neurons. Located in body (ventral nerve cord). Born postembryonically from lineages: P10.aaaa. Ventral cord motor neurons with connectivity of VA1, VA3, and VA5 differing slightly from remaining VAs (Haspel and Donovan, 2011). Use acetylcholine as neurotransmitter, with VA12 also using betaine (Wang et al., 2024; Loer and Rand, 2022; Duerr et al., 2008; Rand and Nonet, 1997). Express innexins INX-1a, INX-1b, INX-3, INX-7, INX-10a, INX-12, INX-14, UNC-7, UNC-9 (Bhattacharya et al., 2019; Altun et al., 2009). Function in locomotion. Represent ventral A-class motor neurons essential for backward locomotion. Important for understanding coordinated dorsal-ventral muscle activation, motor pattern generation, and how bilateral motor coordination produces sinusoidal locomotion.",Unknown - function not yet characterized in this dataset,VA10; va10; VA10,Located in the nervous system,,,https://wormbase.org/species/all/anatomy_term/WBbt:0004649,WormFindr Information Cards (Nov 2024),[Imported from WormFindr],review,,
VA11,VA11 cell,VA11,cell,,WBbt:0004647,c-elegans,NCBITaxon:6239,L1,hermaphrodite,"VA11 (Ventral A Motor Neurons) - Motor neurons. Located in body (ventral nerve cord). Born postembryonically from lineages: P11.aaaa. Ventral cord motor neurons with connectivity of VA1, VA3, and VA5 differing slightly from remaining VAs (Haspel and Donovan, 2011). Use acetylcholine as neurotransmitter, with VA12 also using betaine (Wang et al., 2024; Loer and Rand, 2022; Duerr et al., 2008; Rand and Nonet, 1997). Express innexins INX-1a, INX-1b, INX-3, INX-7, INX-10a, INX-12, INX-14, UNC-7, UNC-9 (Bhattacharya et al., 2019; Altun et al., 2009). Function in locomotion. Represent ventral A-class motor neurons essential for backward locomotion. Important for understanding coordinated dorsal-ventral muscle activation, motor pattern generation, and how bilateral motor coordination produces sinusoidal locomotion.",Unknown - function not yet characterized in this dataset,VA11; va11; VA11,Located in the nervous system,,,https://wormbase.org/species/all/anatomy_term/WBbt:0004647,WormFindr Information Cards (Nov 2024),[Imported from WormFindr],review,,
VA12,VA12 cell,VA12,cell,,WBbt:0004645,c-elegans,NCBITaxon:6239,L1,hermaphrodite,"VA12 (Ventral A Motor Neurons) - Motor neurons. Located in body (ventral nerve cord). Born postembryonically from lineages: P12.aaaa. Ventral cord motor neurons with connectivity of VA1, VA3, and VA5 differing slightly from remaining VAs (Haspel and Donovan, 2011). Use acetylcholine as neurotransmitter, with VA12 also using betaine (Wang et al., 2024; Loer and Rand, 2022; Duerr et al., 2008; Rand and Nonet, 1997). Express innexins INX-1a, INX-1b, INX-3, INX-7, INX-10a, INX-12, INX-14, UNC-7, UNC-9 (Bhattacharya et al., 2019; Altun et al., 2009). Function in locomotion. Represent ventral A-class motor neurons essential for backward locomotion. Important for understanding coordinated dorsal-ventral muscle activation, motor pattern generation, and how bilateral motor coordination produces sinusoidal locomotion.",Unknown - function not yet characterized in this dataset,VA12; va12; VA12,Located in the nervous system,,,https://wormbase.org/species/all/anatomy_term/WBbt:0004645,WormFindr Information Cards (Nov 2024),[Imported from WormFindr],review,,
VA2,VA2 cell,VA2,cell,,WBbt:0004870,c-elegans,NCBITaxon:6239,L1,hermaphrodite,"VA2 (Ventral A Motor Neurons) - Motor neurons. Located in body (ventral nerve cord). Born postembryonically from lineages: P2.aaaa. Ventral cord motor neurons with connectivity of VA1, VA3, and VA5 differing slightly from remaining VAs (Haspel and Donovan, 2011). Use acetylcholine as neurotransmitter, with VA12 also using betaine (Wang et al., 2024; Loer and Rand, 2022; Duerr et al., 2008; Rand and Nonet, 1997). Express innexins INX-1a, INX-1b, INX-3, INX-7, INX-10a, INX-12, INX-14, UNC-7, UNC-9 (Bhattacharya et al., 2019; Altun et al., 2009). Function in locomotion. Represent ventral A-class motor neurons essential for backward locomotion. Important for understanding coordinated dorsal-ventral muscle activation, motor pattern generation, and how bilateral motor coordination produces sinusoidal locomotion.",Unknown - function not yet characterized in this dataset,VA2; va2; VA2,Located in the nervous system,,,https://wormbase.org/species/all/anatomy_term/WBbt:0004870,WormFindr Information Cards (Nov 2024),[Imported from WormFindr],review,,
VA3,VA3 cell,VA3,cell,,WBbt:0004868,c-elegans,NCBITaxon:6239,L1,hermaphrodite,"VA3 (Ventral A Motor Neurons) - Motor neurons. Located in body (ventral nerve cord). Born postembryonically from lineages: P3.aaaa. Ventral cord motor neurons with connectivity of VA1, VA3, and VA5 differing slightly from remaining VAs (Haspel and Donovan, 2011). Use acetylcholine as neurotransmitter, with VA12 also using betaine (Wang et al., 2024; Loer and Rand, 2022; Duerr et al., 2008; Rand and Nonet, 1997). Express innexins INX-1a, INX-1b, INX-3, INX-7, INX-10a, INX-12, INX-14, UNC-7, UNC-9 (Bhattacharya et al., 2019; Altun et al., 2009). Function in locomotion. Represent ventral A-class motor neurons essential for backward locomotion. Important for understanding coordinated dorsal-ventral muscle activation, motor pattern generation, and how bilateral motor coordination produces sinusoidal locomotion.",Unknown - function not yet characterized in this dataset,VA3; va3; VA3,Located in the nervous system,,,https://wormbase.org/species/all/anatomy_term/WBbt:0004868,WormFindr Information Cards (Nov 2024),[Imported from WormFindr],review,,
VA4,VA4 cell,VA4,cell,,WBbt:0004866,c-elegans,NCBITaxon:6239,L1,hermaphrodite,"VA4 (Ventral A Motor Neurons) - Motor neurons. Located in body (ventral nerve cord). Born postembryonically from lineages: P4.aaaa. Ventral cord motor neurons with connectivity of VA1, VA3, and VA5 differing slightly from remaining VAs (Haspel and Donovan, 2011). Use acetylcholine as neurotransmitter, with VA12 also using betaine (Wang et al., 2024; Loer and Rand, 2022; Duerr et al., 2008; Rand and Nonet, 1997). Express innexins INX-1a, INX-1b, INX-3, INX-7, INX-10a, INX-12, INX-14, UNC-7, UNC-9 (Bhattacharya et al., 2019; Altun et al., 2009). Function in locomotion. Represent ventral A-class motor neurons essential for backward locomotion. Important for understanding coordinated dorsal-ventral muscle activation, motor pattern generation, and how bilateral motor coordination produces sinusoidal locomotion.",Unknown - function not yet characterized in this dataset,VA4; va4; VA4,Located in the nervous system,,,https://wormbase.org/species/all/anatomy_term/WBbt:0004866,WormFindr Information Cards (Nov 2024),[Imported from WormFindr],review,,
VA5,VA5 cell,VA5,cell,,WBbt:0004864,c-elegans,NCBITaxon:6239,L1,hermaphrodite,"VA5 (Ventral A Motor Neurons) - Motor neurons. Located in body (ventral nerve cord). Born postembryonically from lineages: P5.aaaa. Ventral cord motor neurons with connectivity of VA1, VA3, and VA5 differing slightly from remaining VAs (Haspel and Donovan, 2011). Use acetylcholine as neurotransmitter, with VA12 also using betaine (Wang et al., 2024; Loer and Rand, 2022; Duerr et al., 2008; Rand and Nonet, 1997). Express innexins INX-1a, INX-1b, INX-3, INX-7, INX-10a, INX-12, INX-14, UNC-7, UNC-9 (Bhattacharya et al., 2019; Altun et al., 2009). Function in locomotion. Represent ventral A-class motor neurons essential for backward locomotion. Important for understanding coordinated dorsal-ventral muscle activation, motor pattern generation, and how bilateral motor coordination produces sinusoidal locomotion.",Unknown - function not yet characterized in this dataset,VA5; va5; VA5,Located in the nervous system,,,https://wormbase.org/species/all/anatomy_term/WBbt:0004864,WormFindr Information Cards (Nov 2024),[Imported from WormFindr],review,,
VA6,VA6 cell,VA6,cell,,WBbt:0004862,c-elegans,NCBITaxon:6239,L1,hermaphrodite,"VA6 (Ventral A Motor Neurons) - Motor neurons. Located in body (ventral nerve cord). Born postembryonically from lineages: P6.aaaa. Ventral cord motor neurons with connectivity of VA1, VA3, and VA5 differing slightly from remaining VAs (Haspel and Donovan, 2011). Use acetylcholine as neurotransmitter, with VA12 also using betaine (Wang et al., 2024; Loer and Rand, 2022; Duerr et al., 2008; Rand and Nonet, 1997). Express innexins INX-1a, INX-1b, INX-3, INX-7, INX-10a, INX-12, INX-14, UNC-7, UNC-9 (Bhattacharya et al., 2019; Altun et al., 2009). Function in locomotion. Represent ventral A-class motor neurons essential for backward locomotion. Important for understanding coordinated dorsal-ventral muscle activation, motor pattern generation, and how bilateral motor coordination produces sinusoidal locomotion.",Unknown - function not yet characterized in this dataset,VA6; va6; VA6,Located in the nervous system,,,https://wormbase.org/species/all/anatomy_term/WBbt:0004862,WormFindr Information Cards (Nov 2024),[Imported from WormFindr],review,,
VA7,VA7 cell,VA7,cell,,WBbt:0004860,c-elegans,NCBITaxon:6239,L1,hermaphrodite,"VA7 (Ventral A Motor Neurons) - Motor neurons. Located in body (ventral nerve cord). Born postembryonically from lineages: P7.aaaa. Ventral cord motor neurons with connectivity of VA1, VA3, and VA5 differing slightly from remaining VAs (Haspel and Donovan, 2011). Use acetylcholine as neurotransmitter, with VA12 also using betaine (Wang et al., 2024; Loer and Rand, 2022; Duerr et al., 2008; Rand and Nonet, 1997). Express innexins INX-1a, INX-1b, INX-3, INX-7, INX-10a, INX-12, INX-14, UNC-7, UNC-9 (Bhattacharya et al., 2019; Altun et al., 2009). Function in locomotion. Represent ventral A-class motor neurons essential for backward locomotion. Important for understanding coordinated dorsal-ventral muscle activation, motor pattern generation, and how bilateral motor coordination produces sinusoidal locomotion.",Unknown - function not yet characterized in this dataset,VA7; va7; VA7,Located in the nervous system,,,https://wormbase.org/species/all/anatomy_term/WBbt:0004860,WormFindr Information Cards (Nov 2024),[Imported from WormFindr],review,,
VA8,VA8 cell,VA8,cell,,WBbt:0004653,c-elegans,NCBITaxon:6239,L1,hermaphrodite,"VA8 (Ventral A Motor Neurons) - Motor neurons. Located in body (ventral nerve cord). Born postembryonically from lineages: P8.aaaa. Ventral cord motor neurons with connectivity of VA1, VA3, and VA5 differing slightly from remaining VAs (Haspel and Donovan, 2011). Use acetylcholine as neurotransmitter, with VA12 also using betaine (Wang et al., 2024; Loer and Rand, 2022; Duerr et al., 2008; Rand and Nonet, 1997). Express innexins INX-1a, INX-1b, INX-3, INX-7, INX-10a, INX-12, INX-14, UNC-7, UNC-9 (Bhattacharya et al., 2019; Altun et al., 2009). Function in locomotion. Represent ventral A-class motor neurons essential for backward locomotion. Important for understanding coordinated dorsal-ventral muscle activation, motor pattern generation, and how bilateral motor coordination produces sinusoidal locomotion.",Unknown - function not yet characterized in this dataset,VA8; va8; VA8,Located in the nervous system,,,https://wormbase.org/species/all/anatomy_term/WBbt:0004653,WormFindr Information Cards (Nov 2024),[Imported from WormFindr],review,,
VA9,VA9 cell,VA9,cell,,WBbt:0004651,c-elegans,NCBITaxon:6239,L1,hermaphrodite,"VA9 (Ventral A Motor Neurons) - Motor neurons. Located in body (ventral nerve cord). Born postembryonically from lineages: P9.aaaa. Ventral cord motor neurons with connectivity of VA1, VA3, and VA5 differing slightly from remaining VAs (Haspel and Donovan, 2011). Use acetylcholine as neurotransmitter, with VA12 also using betaine (Wang et al., 2024; Loer and Rand, 2022; Duerr et al., 2008; Rand and Nonet, 1997). Express innexins INX-1a, INX-1b, INX-3, INX-7, INX-10a, INX-12, INX-14, UNC-7, UNC-9 (Bhattacharya et al., 2019; Altun et al., 2009). Function in locomotion. Represent ventral A-class motor neurons essential for backward locomotion. Important for understanding coordinated dorsal-ventral muscle activation, motor pattern generation, and how bilateral motor coordination produces sinusoidal locomotion.",Unknown - function not yet characterized in this dataset,VA9; va9; VA9,Located in the nervous system,,,https://wormbase.org/species/all/anatomy_term/WBbt:0004651,WormFindr Information Cards (Nov 2024),[Imported from WormFindr],review,,
VB1,VB1 cell,VB1,cell,,WBbt:0004643,c-elegans,NCBITaxon:6239,L1,hermaphrodite,"VB1-VB11 (Ventral B Motor Neurons 1-11) - Motor neurons, sensory neurons (proprioceptive). Located in body (ventral nerve cord). Born postembryonically from lineages: P1.aaap (VB1), W.aap (VB2), P2.aaap (VB3), P3.aaap (VB4), P4.aaap (VB5), P5.aaap (VB6), P6.aaap (VB7), P7.aaap (VB8), P8.aaap (VB9), P9.aaap (VB10), P10.aaap (VB11). Ventral cord motor neurons with connectivity of VB1, VB4, and VB7 differing slightly from remaining VBs (Haspel and Donovan, 2011). Use acetylcholine and betaine as neurotransmitters (Wang et al., 2024; Loer and Rand, 2022; Duerr et al., 2008; Rand and Nonet, 1997). Express innexins INX-3, INX-12, UNC-9 (Altun et al., 2009). Function in locomotion and proprioception involving propagation of rhythmic activities along body during forward locomotion: ventral and dorsal bending of anterior body region directly activates VB and DB motor neurons (Wen et al., 2012); gap junctions between neighbors and overlapping process segments propagate bending signal from anterior to posterior, with mechanosensitive-proprioceptive receptors likely localized near anterior of processes. Make chemical synapses to other motor neurons (DD, VA, VD), receive chemical synapses from PVC, and form gap junctions with VB, DB, AVB. Represent B-class motor neurons essential for forward locomotion. Important for understanding proprioception, mechanosensitive feedback during locomotion, postembryonic motor neuron development, and rhythmic motor pattern generation.",Unknown - function not yet characterized in this dataset,VB1; vb1; VB1,Located in the nervous system,,,https://wormbase.org/species/all/anatomy_term/WBbt:0004643,WormFindr Information Cards (Nov 2024),[Imported from WormFindr],review,,
VB10,VB10 cell,VB10,cell,,WBbt:0004625,c-elegans,NCBITaxon:6239,L1,hermaphrodite,"VB1-VB11 (Ventral B Motor Neurons 1-11) - Motor neurons, sensory neurons (proprioceptive). Located in body (ventral nerve cord). Born postembryonically from lineages: P1.aaap (VB1), W.aap (VB2), P2.aaap (VB3), P3.aaap (VB4), P4.aaap (VB5), P5.aaap (VB6), P6.aaap (VB7), P7.aaap (VB8), P8.aaap (VB9), P9.aaap (VB10), P10.aaap (VB11). Ventral cord motor neurons with connectivity of VB1, VB4, and VB7 differing slightly from remaining VBs (Haspel and Donovan, 2011). Use acetylcholine and betaine as neurotransmitters (Wang et al., 2024; Loer and Rand, 2022; Duerr et al., 2008; Rand and Nonet, 1997). Express innexins INX-3, INX-12, UNC-9 (Altun et al., 2009). Function in locomotion and proprioception involving propagation of rhythmic activities along body during forward locomotion: ventral and dorsal bending of anterior body region directly activates VB and DB motor neurons (Wen et al., 2012); gap junctions between neighbors and overlapping process segments propagate bending signal from anterior to posterior, with mechanosensitive-proprioceptive receptors likely localized near anterior of processes. Make chemical synapses to other motor neurons (DD, VA, VD), receive chemical synapses from PVC, and form gap junctions with VB, DB, AVB. Represent B-class motor neurons essential for forward locomotion. Important for understanding proprioception, mechanosensitive feedback during locomotion, postembryonic motor neuron development, and rhythmic motor pattern generation.",Unknown - function not yet characterized in this dataset,VB10; vb10; VB10,Located in the nervous system,,,https://wormbase.org/species/all/anatomy_term/WBbt:0004625,WormFindr Information Cards (Nov 2024),[Imported from WormFindr],review,,
VB11,VB11 cell,VB11,cell,,WBbt:0004623,c-elegans,NCBITaxon:6239,L1,hermaphrodite,"VB1-VB11 (Ventral B Motor Neurons 1-11) - Motor neurons, sensory neurons (proprioceptive). Located in body (ventral nerve cord). Born postembryonically from lineages: P1.aaap (VB1), W.aap (VB2), P2.aaap (VB3), P3.aaap (VB4), P4.aaap (VB5), P5.aaap (VB6), P6.aaap (VB7), P7.aaap (VB8), P8.aaap (VB9), P9.aaap (VB10), P10.aaap (VB11). Ventral cord motor neurons with connectivity of VB1, VB4, and VB7 differing slightly from remaining VBs (Haspel and Donovan, 2011). Use acetylcholine and betaine as neurotransmitters (Wang et al., 2024; Loer and Rand, 2022; Duerr et al., 2008; Rand and Nonet, 1997). Express innexins INX-3, INX-12, UNC-9 (Altun et al., 2009). Function in locomotion and proprioception involving propagation of rhythmic activities along body during forward locomotion: ventral and dorsal bending of anterior body region directly activates VB and DB motor neurons (Wen et al., 2012); gap junctions between neighbors and overlapping process segments propagate bending signal from anterior to posterior, with mechanosensitive-proprioceptive receptors likely localized near anterior of processes. Make chemical synapses to other motor neurons (DD, VA, VD), receive chemical synapses from PVC, and form gap junctions with VB, DB, AVB. Represent B-class motor neurons essential for forward locomotion. Important for understanding proprioception, mechanosensitive feedback during locomotion, postembryonic motor neuron development, and rhythmic motor pattern generation.",Unknown - function not yet characterized in this dataset,VB11; vb11; VB11,Located in the nervous system,,,https://wormbase.org/species/all/anatomy_term/WBbt:0004623,WormFindr Information Cards (Nov 2024),[Imported from WormFindr],review,,
VB2,VB2 cell,VB2,cell,,WBbt:0004641,c-elegans,NCBITaxon:6239,L1,hermaphrodite,"VB1-VB11 (Ventral B Motor Neurons 1-11) - Motor neurons, sensory neurons (proprioceptive). Located in body (ventral nerve cord). Born postembryonically from lineages: P1.aaap (VB1), W.aap (VB2), P2.aaap (VB3), P3.aaap (VB4), P4.aaap (VB5), P5.aaap (VB6), P6.aaap (VB7), P7.aaap (VB8), P8.aaap (VB9), P9.aaap (VB10), P10.aaap (VB11). Ventral cord motor neurons with connectivity of VB1, VB4, and VB7 differing slightly from remaining VBs (Haspel and Donovan, 2011). Use acetylcholine and betaine as neurotransmitters (Wang et al., 2024; Loer and Rand, 2022; Duerr et al., 2008; Rand and Nonet, 1997). Express innexins INX-3, INX-12, UNC-9 (Altun et al., 2009). Function in locomotion and proprioception involving propagation of rhythmic activities along body during forward locomotion: ventral and dorsal bending of anterior body region directly activates VB and DB motor neurons (Wen et al., 2012); gap junctions between neighbors and overlapping process segments propagate bending signal from anterior to posterior, with mechanosensitive-proprioceptive receptors likely localized near anterior of processes. Make chemical synapses to other motor neurons (DD, VA, VD), receive chemical synapses from PVC, and form gap junctions with VB, DB, AVB. Represent B-class motor neurons essential for forward locomotion. Important for understanding proprioception, mechanosensitive feedback during locomotion, postembryonic motor neuron development, and rhythmic motor pattern generation.",Unknown - function not yet characterized in this dataset,VB2; vb2; VB2,Located in the nervous system,,,https://wormbase.org/species/all/anatomy_term/WBbt:0004641,WormFindr Information Cards (Nov 2024),[Imported from WormFindr],review,,
VB3,VB3 cell,VB3,cell,,WBbt:0004639,c-elegans,NCBITaxon:6239,L1,hermaphrodite,"VB1-VB11 (Ventral B Motor Neurons 1-11) - Motor neurons, sensory neurons (proprioceptive). Located in body (ventral nerve cord). Born postembryonically from lineages: P1.aaap (VB1), W.aap (VB2), P2.aaap (VB3), P3.aaap (VB4), P4.aaap (VB5), P5.aaap (VB6), P6.aaap (VB7), P7.aaap (VB8), P8.aaap (VB9), P9.aaap (VB10), P10.aaap (VB11). Ventral cord motor neurons with connectivity of VB1, VB4, and VB7 differing slightly from remaining VBs (Haspel and Donovan, 2011). Use acetylcholine and betaine as neurotransmitters (Wang et al., 2024; Loer and Rand, 2022; Duerr et al., 2008; Rand and Nonet, 1997). Express innexins INX-3, INX-12, UNC-9 (Altun et al., 2009). Function in locomotion and proprioception involving propagation of rhythmic activities along body during forward locomotion: ventral and dorsal bending of anterior body region directly activates VB and DB motor neurons (Wen et al., 2012); gap junctions between neighbors and overlapping process segments propagate bending signal from anterior to posterior, with mechanosensitive-proprioceptive receptors likely localized near anterior of processes. Make chemical synapses to other motor neurons (DD, VA, VD), receive chemical synapses from PVC, and form gap junctions with VB, DB, AVB. Represent B-class motor neurons essential for forward locomotion. Important for understanding proprioception, mechanosensitive feedback during locomotion, postembryonic motor neuron development, and rhythmic motor pattern generation.",Unknown - function not yet characterized in this dataset,VB3; vb3; VB3,Located in the nervous system,,,https://wormbase.org/species/all/anatomy_term/WBbt:0004639,WormFindr Information Cards (Nov 2024),[Imported from WormFindr],review,,
VB4,VB4 cell,VB4,cell,,WBbt:0004638,c-elegans,NCBITaxon:6239,L1,hermaphrodite,"VB1-VB11 (Ventral B Motor Neurons 1-11) - Motor neurons, sensory neurons (proprioceptive). Located in body (ventral nerve cord). Born postembryonically from lineages: P1.aaap (VB1), W.aap (VB2), P2.aaap (VB3), P3.aaap (VB4), P4.aaap (VB5), P5.aaap (VB6), P6.aaap (VB7), P7.aaap (VB8), P8.aaap (VB9), P9.aaap (VB10), P10.aaap (VB11). Ventral cord motor neurons with connectivity of VB1, VB4, and VB7 differing slightly from remaining VBs (Haspel and Donovan, 2011). Use acetylcholine and betaine as neurotransmitters (Wang et al., 2024; Loer and Rand, 2022; Duerr et al., 2008; Rand and Nonet, 1997). Express innexins INX-3, INX-12, UNC-9 (Altun et al., 2009). Function in locomotion and proprioception involving propagation of rhythmic activities along body during forward locomotion: ventral and dorsal bending of anterior body region directly activates VB and DB motor neurons (Wen et al., 2012); gap junctions between neighbors and overlapping process segments propagate bending signal from anterior to posterior, with mechanosensitive-proprioceptive receptors likely localized near anterior of processes. Make chemical synapses to other motor neurons (DD, VA, VD), receive chemical synapses from PVC, and form gap junctions with VB, DB, AVB. Represent B-class motor neurons essential for forward locomotion. Important for understanding proprioception, mechanosensitive feedback during locomotion, postembryonic motor neuron development, and rhythmic motor pattern generation.",Unknown - function not yet characterized in this dataset,VB4; vb4; VB4,Located in the nervous system,,,https://wormbase.org/species/all/anatomy_term/WBbt:0004638,WormFindr Information Cards (Nov 2024),[Imported from WormFindr],review,,
VB5,VB5 cell,VB5,cell,,WBbt:0004637,c-elegans,NCBITaxon:6239,L1,hermaphrodite,"VB1-VB11 (Ventral B Motor Neurons 1-11) - Motor neurons, sensory neurons (proprioceptive). Located in body (ventral nerve cord). Born postembryonically from lineages: P1.aaap (VB1), W.aap (VB2), P2.aaap (VB3), P3.aaap (VB4), P4.aaap (VB5), P5.aaap (VB6), P6.aaap (VB7), P7.aaap (VB8), P8.aaap (VB9), P9.aaap (VB10), P10.aaap (VB11). Ventral cord motor neurons with connectivity of VB1, VB4, and VB7 differing slightly from remaining VBs (Haspel and Donovan, 2011). Use acetylcholine and betaine as neurotransmitters (Wang et al., 2024; Loer and Rand, 2022; Duerr et al., 2008; Rand and Nonet, 1997). Express innexins INX-3, INX-12, UNC-9 (Altun et al., 2009). Function in locomotion and proprioception involving propagation of rhythmic activities along body during forward locomotion: ventral and dorsal bending of anterior body region directly activates VB and DB motor neurons (Wen et al., 2012); gap junctions between neighbors and overlapping process segments propagate bending signal from anterior to posterior, with mechanosensitive-proprioceptive receptors likely localized near anterior of processes. Make chemical synapses to other motor neurons (DD, VA, VD), receive chemical synapses from PVC, and form gap junctions with VB, DB, AVB. Represent B-class motor neurons essential for forward locomotion. Important for understanding proprioception, mechanosensitive feedback during locomotion, postembryonic motor neuron development, and rhythmic motor pattern generation.",Unknown - function not yet characterized in this dataset,VB5; vb5; VB5,Located in the nervous system,,,https://wormbase.org/species/all/anatomy_term/WBbt:0004637,WormFindr Information Cards (Nov 2024),[Imported from WormFindr],review,,
VB6,VB6 cell,VB6,cell,,WBbt:0004633,c-elegans,NCBITaxon:6239,L1,hermaphrodite,"VB1-VB11 (Ventral B Motor Neurons 1-11) - Motor neurons, sensory neurons (proprioceptive). Located in body (ventral nerve cord). Born postembryonically from lineages: P1.aaap (VB1), W.aap (VB2), P2.aaap (VB3), P3.aaap (VB4), P4.aaap (VB5), P5.aaap (VB6), P6.aaap (VB7), P7.aaap (VB8), P8.aaap (VB9), P9.aaap (VB10), P10.aaap (VB11). Ventral cord motor neurons with connectivity of VB1, VB4, and VB7 differing slightly from remaining VBs (Haspel and Donovan, 2011). Use acetylcholine and betaine as neurotransmitters (Wang et al., 2024; Loer and Rand, 2022; Duerr et al., 2008; Rand and Nonet, 1997). Express innexins INX-3, INX-12, UNC-9 (Altun et al., 2009). Function in locomotion and proprioception involving propagation of rhythmic activities along body during forward locomotion: ventral and dorsal bending of anterior body region directly activates VB and DB motor neurons (Wen et al., 2012); gap junctions between neighbors and overlapping process segments propagate bending signal from anterior to posterior, with mechanosensitive-proprioceptive receptors likely localized near anterior of processes. Make chemical synapses to other motor neurons (DD, VA, VD), receive chemical synapses from PVC, and form gap junctions with VB, DB, AVB. Represent B-class motor neurons essential for forward locomotion. Important for understanding proprioception, mechanosensitive feedback during locomotion, postembryonic motor neuron development, and rhythmic motor pattern generation.",Unknown - function not yet characterized in this dataset,VB6; vb6; VB6,Located in the nervous system,,,https://wormbase.org/species/all/anatomy_term/WBbt:0004633,WormFindr Information Cards (Nov 2024),[Imported from WormFindr],review,,
VB7,VB7 cell,VB7,cell,,WBbt:0004631,c-elegans,NCBITaxon:6239,L1,hermaphrodite,"VB1-VB11 (Ventral B Motor Neurons 1-11) - Motor neurons, sensory neurons (proprioceptive). Located in body (ventral nerve cord). Born postembryonically from lineages: P1.aaap (VB1), W.aap (VB2), P2.aaap (VB3), P3.aaap (VB4), P4.aaap (VB5), P5.aaap (VB6), P6.aaap (VB7), P7.aaap (VB8), P8.aaap (VB9), P9.aaap (VB10), P10.aaap (VB11). Ventral cord motor neurons with connectivity of VB1, VB4, and VB7 differing slightly from remaining VBs (Haspel and Donovan, 2011). Use acetylcholine and betaine as neurotransmitters (Wang et al., 2024; Loer and Rand, 2022; Duerr et al., 2008; Rand and Nonet, 1997). Express innexins INX-3, INX-12, UNC-9 (Altun et al., 2009). Function in locomotion and proprioception involving propagation of rhythmic activities along body during forward locomotion: ventral and dorsal bending of anterior body region directly activates VB and DB motor neurons (Wen et al., 2012); gap junctions between neighbors and overlapping process segments propagate bending signal from anterior to posterior, with mechanosensitive-proprioceptive receptors likely localized near anterior of processes. Make chemical synapses to other motor neurons (DD, VA, VD), receive chemical synapses from PVC, and form gap junctions with VB, DB, AVB. Represent B-class motor neurons essential for forward locomotion. Important for understanding proprioception, mechanosensitive feedback during locomotion, postembryonic motor neuron development, and rhythmic motor pattern generation.",Unknown - function not yet characterized in this dataset,VB7; vb7; VB7,Located in the nervous system,,,https://wormbase.org/species/all/anatomy_term/WBbt:0004631,WormFindr Information Cards (Nov 2024),[Imported from WormFindr],review,,
VB8,VB8 cell,VB8,cell,,WBbt:0004629,c-elegans,NCBITaxon:6239,L1,hermaphrodite,"VB1-VB11 (Ventral B Motor Neurons 1-11) - Motor neurons, sensory neurons (proprioceptive). Located in body (ventral nerve cord). Born postembryonically from lineages: P1.aaap (VB1), W.aap (VB2), P2.aaap (VB3), P3.aaap (VB4), P4.aaap (VB5), P5.aaap (VB6), P6.aaap (VB7), P7.aaap (VB8), P8.aaap (VB9), P9.aaap (VB10), P10.aaap (VB11). Ventral cord motor neurons with connectivity of VB1, VB4, and VB7 differing slightly from remaining VBs (Haspel and Donovan, 2011). Use acetylcholine and betaine as neurotransmitters (Wang et al., 2024; Loer and Rand, 2022; Duerr et al., 2008; Rand and Nonet, 1997). Express innexins INX-3, INX-12, UNC-9 (Altun et al., 2009). Function in locomotion and proprioception involving propagation of rhythmic activities along body during forward locomotion: ventral and dorsal bending of anterior body region directly activates VB and DB motor neurons (Wen et al., 2012); gap junctions between neighbors and overlapping process segments propagate bending signal from anterior to posterior, with mechanosensitive-proprioceptive receptors likely localized near anterior of processes. Make chemical synapses to other motor neurons (DD, VA, VD), receive chemical synapses from PVC, and form gap junctions with VB, DB, AVB. Represent B-class motor neurons essential for forward locomotion. Important for understanding proprioception, mechanosensitive feedback during locomotion, postembryonic motor neuron development, and rhythmic motor pattern generation.",Unknown - function not yet characterized in this dataset,VB8; vb8; VB8,Located in the nervous system,,,https://wormbase.org/species/all/anatomy_term/WBbt:0004629,WormFindr Information Cards (Nov 2024),[Imported from WormFindr],review,,
VB9,VB9 cell,VB9,cell,,WBbt:0004627,c-elegans,NCBITaxon:6239,L1,hermaphrodite,"VB1-VB11 (Ventral B Motor Neurons 1-11) - Motor neurons, sensory neurons (proprioceptive). Located in body (ventral nerve cord). Born postembryonically from lineages: P1.aaap (VB1), W.aap (VB2), P2.aaap (VB3), P3.aaap (VB4), P4.aaap (VB5), P5.aaap (VB6), P6.aaap (VB7), P7.aaap (VB8), P8.aaap (VB9), P9.aaap (VB10), P10.aaap (VB11). Ventral cord motor neurons with connectivity of VB1, VB4, and VB7 differing slightly from remaining VBs (Haspel and Donovan, 2011). Use acetylcholine and betaine as neurotransmitters (Wang et al., 2024; Loer and Rand, 2022; Duerr et al., 2008; Rand and Nonet, 1997). Express innexins INX-3, INX-12, UNC-9 (Altun et al., 2009). Function in locomotion and proprioception involving propagation of rhythmic activities along body during forward locomotion: ventral and dorsal bending of anterior body region directly activates VB and DB motor neurons (Wen et al., 2012); gap junctions between neighbors and overlapping process segments propagate bending signal from anterior to posterior, with mechanosensitive-proprioceptive receptors likely localized near anterior of processes. Make chemical synapses to other motor neurons (DD, VA, VD), receive chemical synapses from PVC, and form gap junctions with VB, DB, AVB. Represent B-class motor neurons essential for forward locomotion. Important for understanding proprioception, mechanosensitive feedback during locomotion, postembryonic motor neuron development, and rhythmic motor pattern generation.",Unknown - function not yet characterized in this dataset,VB9; vb9; VB9,Located in the nervous system,,,https://wormbase.org/species/all/anatomy_term/WBbt:0004627,WormFindr Information Cards (Nov 2024),[Imported from WormFindr],review,,
VC1,VC1 cell,VC1,cell,,WBbt:0004621,c-elegans,NCBITaxon:6239,L1,hermaphrodite,VC1 is a neuron cell in the nervous system of C. elegans. Ventral cord motor neuron. This specimen does not extend any processes. Post-embryonic lineage: P3.aap,Unknown - function not yet characterized in this dataset,VC1; vc1; VC1,Located in the nervous system,,,https://wormbase.org/species/all/anatomy_term/WBbt:0004621,WormFindr Information Cards (Nov 2024),[Imported from WormFindr],review,,
VC2,VC2 cell,VC2,cell,,WBbt:0004619,c-elegans,NCBITaxon:6239,L1,hermaphrodite,VC2 is a neuron cell in the nervous system of C. elegans. Ventral cord motor neuron. This specimen does not extend any processes. Post-embryonic lineage: P4.aap,Unknown - function not yet characterized in this dataset,VC2; vc2; VC2,Located in the nervous system,,,https://wormbase.org/species/all/anatomy_term/WBbt:0004619,WormFindr Information Cards (Nov 2024),[Imported from WormFindr],review,,
VC3,VC3 cell,VC3,cell,,WBbt:0004618,c-elegans,NCBITaxon:6239,L1,hermaphrodite,VC3 is a neuron cell in the nervous system of C. elegans. Ventral cord motor neuron. This specimen does not extend any processes. Post-embryonic lineage: P5.aap,Unknown - function not yet characterized in this dataset,VC3; vc3; VC3,Located in the nervous system,,,https://wormbase.org/species/all/anatomy_term/WBbt:0004618,WormFindr Information Cards (Nov 2024),[Imported from WormFindr],review,,
VC4,VC4 cell,VC4,cell,,WBbt:0004617,c-elegans,NCBITaxon:6239,L1,hermaphrodite,VC4 is a neuron cell in the nervous system of C. elegans. Ventral cord motor neuron. This specimen does not extend any processes. Post-embryonic lineage: P6.aap,Unknown - function not yet characterized in this dataset,VC4; vc4; VC4,Located in the nervous system,,,https://wormbase.org/species/all/anatomy_term/WBbt:0004617,WormFindr Information Cards (Nov 2024),[Imported from WormFindr],review,,
VC5,VC5 cell,VC5,cell,,WBbt:0004613,c-elegans,NCBITaxon:6239,L1,hermaphrodite,VC5 is a neuron cell in the nervous system of C. elegans. Ventral cord motor neuron. This specimen does not extend any processes. Post-embryonic lineage: P7.aap,Unknown - function not yet characterized in this dataset,VC5; vc5; VC5,Located in the nervous system,,,https://wormbase.org/species/all/anatomy_term/WBbt:0004613,WormFindr Information Cards (Nov 2024),[Imported from WormFindr],review,,
VC6,VC6 cell,VC6,cell,,WBbt:0004611,c-elegans,NCBITaxon:6239,L1,hermaphrodite,VC6 is a neuron cell in the nervous system of C. elegans. Ventral cord motor neuron. This specimen does not extend any processes. Post-embryonic lineage: P8.aap,Unknown - function not yet characterized in this dataset,VC6; vc6; VC6,Located in the nervous system,,,https://wormbase.org/species/all/anatomy_term/WBbt:0004611,WormFindr Information Cards (Nov 2024),[Imported from WormFindr],review,,
VD1,VD1 cell,VD1,cell,,WBbt:0004609,c-elegans,NCBITaxon:6239,L1,hermaphrodite,"VD1-VD13 (Ventral D Motor Neurons 1-13) - Motor neurons. Located in body (ventral nerve cord). Born postembryonically from lineages: W.pp (VD1), P1.app (VD2), P2.app (VD3), P3.app (VD4), P4.app (VD5), P5.app (VD6), P6.app (VD7), P7.app (VD8), P8.app (VD9), P9.app (VD10), P10.app (VD11), P11.app (VD12), P12.app (VD13). GABAergic inhibitory ventral cord motor neurons born postembryonically. Use GABA as neurotransmitter. Express receptor NPR-1 (peptide receptor for flp-18- and flp-21-encoded peptides) and innexins INX-3, INX-14, UNC-9 (Altun et al., 2009). Function in sinusoidal body movement-locomotion. Make chemical synapses to other motor neurons (VA, VB), receive chemical synapses from AVEL, PVNR, VC1-3, and form gap junctions with DD, VA, VD, PVPR. Represent D-class inhibitory motor neurons essential for coordinated locomotion. Important for understanding GABAergic inhibition in locomotor circuits, postembryonic motor neuron development, and reciprocal inhibition coordinating dorsal-ventral muscle activity.",Unknown - function not yet characterized in this dataset,VD1; vd1; VD1,Located in the nervous system,,,https://wormbase.org/species/all/anatomy_term/WBbt:0004609,WormFindr Information Cards (Nov 2024),[Imported from WormFindr],review,,
VD10,VD10 cell,VD10,cell,,WBbt:0004591,c-elegans,NCBITaxon:6239,L1,hermaphrodite,"VD1-VD13 (Ventral D Motor Neurons 1-13) - Motor neurons. Located in body (ventral nerve cord). Born postembryonically from lineages: W.pp (VD1), P1.app (VD2), P2.app (VD3), P3.app (VD4), P4.app (VD5), P5.app (VD6), P6.app (VD7), P7.app (VD8), P8.app (VD9), P9.app (VD10), P10.app (VD11), P11.app (VD12), P12.app (VD13). GABAergic inhibitory ventral cord motor neurons born postembryonically. Use GABA as neurotransmitter. Express receptor NPR-1 (peptide receptor for flp-18- and flp-21-encoded peptides) and innexins INX-3, INX-14, UNC-9 (Altun et al., 2009). Function in sinusoidal body movement-locomotion. Make chemical synapses to other motor neurons (VA, VB), receive chemical synapses from AVEL, PVNR, VC1-3, and form gap junctions with DD, VA, VD, PVPR. Represent D-class inhibitory motor neurons essential for coordinated locomotion. Important for understanding GABAergic inhibition in locomotor circuits, postembryonic motor neuron development, and reciprocal inhibition coordinating dorsal-ventral muscle activity.",Unknown - function not yet characterized in this dataset,VD10; vd10; VD10,Located in the nervous system,,,https://wormbase.org/species/all/anatomy_term/WBbt:0004591,WormFindr Information Cards (Nov 2024),[Imported from WormFindr],review,,
VD11,VD11 cell,VD11,cell,,WBbt:0004589,c-elegans,NCBITaxon:6239,L1,hermaphrodite,"VD1-VD13 (Ventral D Motor Neurons 1-13) - Motor neurons. Located in body (ventral nerve cord). Born postembryonically from lineages: W.pp (VD1), P1.app (VD2), P2.app (VD3), P3.app (VD4), P4.app (VD5), P5.app (VD6), P6.app (VD7), P7.app (VD8), P8.app (VD9), P9.app (VD10), P10.app (VD11), P11.app (VD12), P12.app (VD13). GABAergic inhibitory ventral cord motor neurons born postembryonically. Use GABA as neurotransmitter. Express receptor NPR-1 (peptide receptor for flp-18- and flp-21-encoded peptides) and innexins INX-3, INX-14, UNC-9 (Altun et al., 2009). Function in sinusoidal body movement-locomotion. Make chemical synapses to other motor neurons (VA, VB), receive chemical synapses from AVEL, PVNR, VC1-3, and form gap junctions with DD, VA, VD, PVPR. Represent D-class inhibitory motor neurons essential for coordinated locomotion. Important for understanding GABAergic inhibition in locomotor circuits, postembryonic motor neuron development, and reciprocal inhibition coordinating dorsal-ventral muscle activity.",Unknown - function not yet characterized in this dataset,VD11; vd11; VD11,Located in the nervous system,,,https://wormbase.org/species/all/anatomy_term/WBbt:0004589,WormFindr Information Cards (Nov 2024),[Imported from WormFindr],review,,
VD12,VD12 cell,VD12,cell,,,c-elegans,NCBITaxon:6239,adult,hermaphrodite,"VD1-VD13 (Ventral D Motor Neurons 1-13) - Motor neurons. Located in body (ventral nerve cord). Born postembryonically from lineages: W.pp (VD1), P1.app (VD2), P2.app (VD3), P3.app (VD4), P4.app (VD5), P5.app (VD6), P6.app (VD7), P7.app (VD8), P8.app (VD9), P9.app (VD10), P10.app (VD11), P11.app (VD12), P12.app (VD13). GABAergic inhibitory ventral cord motor neurons born postembryonically. Use GABA as neurotransmitter. Express receptor NPR-1 (peptide receptor for flp-18- and flp-21-encoded peptides) and innexins INX-3, INX-14, UNC-9 (Altun et al., 2009). Function in sinusoidal body movement-locomotion. Make chemical synapses to other motor neurons (VA, VB), receive chemical synapses from AVEL, PVNR, VC1-3, and form gap junctions with DD, VA, VD, PVPR. Represent D-class inhibitory motor neurons essential for coordinated locomotion. Important for understanding GABAergic inhibition in locomotor circuits, postembryonic motor neuron development, and reciprocal inhibition coordinating dorsal-ventral muscle activity.",Unknown - function not yet characterized in this dataset,,,,,,,,review,,
VD13,VD13 cell,VD13,cell,,,c-elegans,NCBITaxon:6239,dauer,hermaphrodite,"VD1-VD13 (Ventral D Motor Neurons 1-13) - Motor neurons. Located in body (ventral nerve cord). Born postembryonically from lineages: W.pp (VD1), P1.app (VD2), P2.app (VD3), P3.app (VD4), P4.app (VD5), P5.app (VD6), P6.app (VD7), P7.app (VD8), P8.app (VD9), P9.app (VD10), P10.app (VD11), P11.app (VD12), P12.app (VD13). GABAergic inhibitory ventral cord motor neurons born postembryonically. Use GABA as neurotransmitter. Express receptor NPR-1 (peptide receptor for flp-18- and flp-21-encoded peptides) and innexins INX-3, INX-14, UNC-9 (Altun et al., 2009). Function in sinusoidal body movement-locomotion. Make chemical synapses to other motor neurons (VA, VB), receive chemical synapses from AVEL, PVNR, VC1-3, and form gap junctions with DD, VA, VD, PVPR. Represent D-class inhibitory motor neurons essential for coordinated locomotion. Important for understanding GABAergic inhibition in locomotor circuits, postembryonic motor neuron development, and reciprocal inhibition coordinating dorsal-ventral muscle activity.",Unknown - function not yet characterized in this dataset,,,,,,,,review,,
VD2,VD2 cell,VD2,cell,,WBbt:0004607,c-elegans,NCBITaxon:6239,L1,hermaphrodite,"VD1-VD13 (Ventral D Motor Neurons 1-13) - Motor neurons. Located in body (ventral nerve cord). Born postembryonically from lineages: W.pp (VD1), P1.app (VD2), P2.app (VD3), P3.app (VD4), P4.app (VD5), P5.app (VD6), P6.app (VD7), P7.app (VD8), P8.app (VD9), P9.app (VD10), P10.app (VD11), P11.app (VD12), P12.app (VD13). GABAergic inhibitory ventral cord motor neurons born postembryonically. Use GABA as neurotransmitter. Express receptor NPR-1 (peptide receptor for flp-18- and flp-21-encoded peptides) and innexins INX-3, INX-14, UNC-9 (Altun et al., 2009). Function in sinusoidal body movement-locomotion. Make chemical synapses to other motor neurons (VA, VB), receive chemical synapses from AVEL, PVNR, VC1-3, and form gap junctions with DD, VA, VD, PVPR. Represent D-class inhibitory motor neurons essential for coordinated locomotion. Important for understanding GABAergic inhibition in locomotor circuits, postembryonic motor neuron development, and reciprocal inhibition coordinating dorsal-ventral muscle activity.",Unknown - function not yet characterized in this dataset,VD2; vd2; VD2,Located in the nervous system,,,https://wormbase.org/species/all/anatomy_term/WBbt:0004607,WormFindr Information Cards (Nov 2024),[Imported from WormFindr],review,,
VD3,VD3 cell,VD3,cell,,WBbt:0004605,c-elegans,NCBITaxon:6239,L1,hermaphrodite,"VD1-VD13 (Ventral D Motor Neurons 1-13) - Motor neurons. Located in body (ventral nerve cord). Born postembryonically from lineages: W.pp (VD1), P1.app (VD2), P2.app (VD3), P3.app (VD4), P4.app (VD5), P5.app (VD6), P6.app (VD7), P7.app (VD8), P8.app (VD9), P9.app (VD10), P10.app (VD11), P11.app (VD12), P12.app (VD13). GABAergic inhibitory ventral cord motor neurons born postembryonically. Use GABA as neurotransmitter. Express receptor NPR-1 (peptide receptor for flp-18- and flp-21-encoded peptides) and innexins INX-3, INX-14, UNC-9 (Altun et al., 2009). Function in sinusoidal body movement-locomotion. Make chemical synapses to other motor neurons (VA, VB), receive chemical synapses from AVEL, PVNR, VC1-3, and form gap junctions with DD, VA, VD, PVPR. Represent D-class inhibitory motor neurons essential for coordinated locomotion. Important for understanding GABAergic inhibition in locomotor circuits, postembryonic motor neuron development, and reciprocal inhibition coordinating dorsal-ventral muscle activity.",Unknown - function not yet characterized in this dataset,VD3; vd3; VD3,Located in the nervous system,,,https://wormbase.org/species/all/anatomy_term/WBbt:0004605,WormFindr Information Cards (Nov 2024),[Imported from WormFindr],review,,
VD4,VD4 cell,VD4,cell,,WBbt:0004603,c-elegans,NCBITaxon:6239,L1,hermaphrodite,"VD1-VD13 (Ventral D Motor Neurons 1-13) - Motor neurons. Located in body (ventral nerve cord). Born postembryonically from lineages: W.pp (VD1), P1.app (VD2), P2.app (VD3), P3.app (VD4), P4.app (VD5), P5.app (VD6), P6.app (VD7), P7.app (VD8), P8.app (VD9), P9.app (VD10), P10.app (VD11), P11.app (VD12), P12.app (VD13). GABAergic inhibitory ventral cord motor neurons born postembryonically. Use GABA as neurotransmitter. Express receptor NPR-1 (peptide receptor for flp-18- and flp-21-encoded peptides) and innexins INX-3, INX-14, UNC-9 (Altun et al., 2009). Function in sinusoidal body movement-locomotion. Make chemical synapses to other motor neurons (VA, VB), receive chemical synapses from AVEL, PVNR, VC1-3, and form gap junctions with DD, VA, VD, PVPR. Represent D-class inhibitory motor neurons essential for coordinated locomotion. Important for understanding GABAergic inhibition in locomotor circuits, postembryonic motor neuron development, and reciprocal inhibition coordinating dorsal-ventral muscle activity.",Unknown - function not yet characterized in this dataset,VD4; vd4; VD4,Located in the nervous system,,,https://wormbase.org/species/all/anatomy_term/WBbt:0004603,WormFindr Information Cards (Nov 2024),[Imported from WormFindr],review,,
VD5,VD5 cell,VD5,cell,,WBbt:0004601,c-elegans,NCBITaxon:6239,L1,hermaphrodite,"VD1-VD13 (Ventral D Motor Neurons 1-13) - Motor neurons. Located in body (ventral nerve cord). Born postembryonically from lineages: W.pp (VD1), P1.app (VD2), P2.app (VD3), P3.app (VD4), P4.app (VD5), P5.app (VD6), P6.app (VD7), P7.app (VD8), P8.app (VD9), P9.app (VD10), P10.app (VD11), P11.app (VD12), P12.app (VD13). GABAergic inhibitory ventral cord motor neurons born postembryonically. Use GABA as neurotransmitter. Express receptor NPR-1 (peptide receptor for flp-18- and flp-21-encoded peptides) and innexins INX-3, INX-14, UNC-9 (Altun et al., 2009). Function in sinusoidal body movement-locomotion. Make chemical synapses to other motor neurons (VA, VB), receive chemical synapses from AVEL, PVNR, VC1-3, and form gap junctions with DD, VA, VD, PVPR. Represent D-class inhibitory motor neurons essential for coordinated locomotion. Important for understanding GABAergic inhibition in locomotor circuits, postembryonic motor neuron development, and reciprocal inhibition coordinating dorsal-ventral muscle activity.",Unknown - function not yet characterized in this dataset,VD5; vd5; VD5,Located in the nervous system,,,https://wormbase.org/species/all/anatomy_term/WBbt:0004601,WormFindr Information Cards (Nov 2024),[Imported from WormFindr],review,,
VD6,VD6 cell,VD6,cell,,WBbt:0004599,c-elegans,NCBITaxon:6239,L1,hermaphrodite,"VD1-VD13 (Ventral D Motor Neurons 1-13) - Motor neurons. Located in body (ventral nerve cord). Born postembryonically from lineages: W.pp (VD1), P1.app (VD2), P2.app (VD3), P3.app (VD4), P4.app (VD5), P5.app (VD6), P6.app (VD7), P7.app (VD8), P8.app (VD9), P9.app (VD10), P10.app (VD11), P11.app (VD12), P12.app (VD13). GABAergic inhibitory ventral cord motor neurons born postembryonically. Use GABA as neurotransmitter. Express receptor NPR-1 (peptide receptor for flp-18- and flp-21-encoded peptides) and innexins INX-3, INX-14, UNC-9 (Altun et al., 2009). Function in sinusoidal body movement-locomotion. Make chemical synapses to other motor neurons (VA, VB), receive chemical synapses from AVEL, PVNR, VC1-3, and form gap junctions with DD, VA, VD, PVPR. Represent D-class inhibitory motor neurons essential for coordinated locomotion. Important for understanding GABAergic inhibition in locomotor circuits, postembryonic motor neuron development, and reciprocal inhibition coordinating dorsal-ventral muscle activity.",Unknown - function not yet characterized in this dataset,VD6; vd6; VD6,Located in the nervous system,,,https://wormbase.org/species/all/anatomy_term/WBbt:0004599,WormFindr Information Cards (Nov 2024),[Imported from WormFindr],review,,
VD7,VD7 cell,VD7,cell,,WBbt:0004598,c-elegans,NCBITaxon:6239,L1,hermaphrodite,"VD1-VD13 (Ventral D Motor Neurons 1-13) - Motor neurons. Located in body (ventral nerve cord). Born postembryonically from lineages: W.pp (VD1), P1.app (VD2), P2.app (VD3), P3.app (VD4), P4.app (VD5), P5.app (VD6), P6.app (VD7), P7.app (VD8), P8.app (VD9), P9.app (VD10), P10.app (VD11), P11.app (VD12), P12.app (VD13). GABAergic inhibitory ventral cord motor neurons born postembryonically. Use GABA as neurotransmitter. Express receptor NPR-1 (peptide receptor for flp-18- and flp-21-encoded peptides) and innexins INX-3, INX-14, UNC-9 (Altun et al., 2009). Function in sinusoidal body movement-locomotion. Make chemical synapses to other motor neurons (VA, VB), receive chemical synapses from AVEL, PVNR, VC1-3, and form gap junctions with DD, VA, VD, PVPR. Represent D-class inhibitory motor neurons essential for coordinated locomotion. Important for understanding GABAergic inhibition in locomotor circuits, postembryonic motor neuron development, and reciprocal inhibition coordinating dorsal-ventral muscle activity.",Unknown - function not yet characterized in this dataset,VD7; vd7; VD7,Located in the nervous system,,,https://wormbase.org/species/all/anatomy_term/WBbt:0004598,WormFindr Information Cards (Nov 2024),[Imported from WormFindr],review,,
VD8,VD8 cell,VD8,cell,,WBbt:0004597,c-elegans,NCBITaxon:6239,L1,hermaphrodite,"VD1-VD13 (Ventral D Motor Neurons 1-13) - Motor neurons. Located in body (ventral nerve cord). Born postembryonically from lineages: W.pp (VD1), P1.app (VD2), P2.app (VD3), P3.app (VD4), P4.app (VD5), P5.app (VD6), P6.app (VD7), P7.app (VD8), P8.app (VD9), P9.app (VD10), P10.app (VD11), P11.app (VD12), P12.app (VD13). GABAergic inhibitory ventral cord motor neurons born postembryonically. Use GABA as neurotransmitter. Express receptor NPR-1 (peptide receptor for flp-18- and flp-21-encoded peptides) and innexins INX-3, INX-14, UNC-9 (Altun et al., 2009). Function in sinusoidal body movement-locomotion. Make chemical synapses to other motor neurons (VA, VB), receive chemical synapses from AVEL, PVNR, VC1-3, and form gap junctions with DD, VA, VD, PVPR. Represent D-class inhibitory motor neurons essential for coordinated locomotion. Important for understanding GABAergic inhibition in locomotor circuits, postembryonic motor neuron development, and reciprocal inhibition coordinating dorsal-ventral muscle activity.",Unknown - function not yet characterized in this dataset,VD8; vd8; VD8,Located in the nervous system,,,https://wormbase.org/species/all/anatomy_term/WBbt:0004597,WormFindr Information Cards (Nov 2024),[Imported from WormFindr],review,,
VD9,VD9 cell,VD9,cell,,WBbt:0004593,c-elegans,NCBITaxon:6239,L1,hermaphrodite,"VD1-VD13 (Ventral D Motor Neurons 1-13) - Motor neurons. Located in body (ventral nerve cord). Born postembryonically from lineages: W.pp (VD1), P1.app (VD2), P2.app (VD3), P3.app (VD4), P4.app (VD5), P5.app (VD6), P6.app (VD7), P7.app (VD8), P8.app (VD9), P9.app (VD10), P10.app (VD11), P11.app (VD12), P12.app (VD13). GABAergic inhibitory ventral cord motor neurons born postembryonically. Use GABA as neurotransmitter. Express receptor NPR-1 (peptide receptor for flp-18- and flp-21-encoded peptides) and innexins INX-3, INX-14, UNC-9 (Altun et al., 2009). Function in sinusoidal body movement-locomotion. Make chemical synapses to other motor neurons (VA, VB), receive chemical synapses from AVEL, PVNR, VC1-3, and form gap junctions with DD, VA, VD, PVPR. Represent D-class inhibitory motor neurons essential for coordinated locomotion. Important for understanding GABAergic inhibition in locomotor circuits, postembryonic motor neuron development, and reciprocal inhibition coordinating dorsal-ventral muscle activity.",Unknown - function not yet characterized in this dataset,VD9; vd9; VD9,Located in the nervous system,,,https://wormbase.org/species/all/anatomy_term/WBbt:0004593,WormFindr Information Cards (Nov 2024),[Imported from WormFindr],review,,
virL,virL cell,virL,cell,,WBbt:0004511,c-elegans,NCBITaxon:6239,L1,hermaphrodite,virL is a epithelial cell in the alimentary system of C. elegans. Left rectal-intestinal valve cell. Embryonic lineage: Abprpappppp,Unknown - function not yet characterized in this dataset,virL; virl; VIRL,Located in the alimentary system,,,https://wormbase.org/species/all/anatomy_term/WBbt:0004511,WormFindr Information Cards (Nov 2024),[Imported from WormFindr],review,,
virR,virR cell,virR,cell,,WBbt:0004510,c-elegans,NCBITaxon:6239,L1,hermaphrodite,virR is a epithelial cell in the alimentary system of C. elegans. Right rectal-intestinal valve cell. Embryonic lineage: ABprpappppa,Unknown - function not yet characterized in this dataset,virR; virr; VIRR,Located in the alimentary system,,,https://wormbase.org/species/all/anatomy_term/WBbt:0004510,WormFindr Information Cards (Nov 2024),[Imported from WormFindr],review,,
vpi1,vpi1 cell,vpi1,cell,,WBbt:0004509,c-elegans,NCBITaxon:6239,L1,hermaphrodite,vpi1 is a epithelial cell in the alimentary system of C. elegans. 1st pharyngeal-intestinal valve cell. Embryonic lineage: Mspaapapp,Unknown - function not yet characterized in this dataset,vpi1; vpi1; VPI1,Located in the alimentary system,,,https://wormbase.org/species/all/anatomy_term/WBbt:0004509,WormFindr Information Cards (Nov 2024),[Imported from WormFindr],review,,
vpi2DL,vpi2DL cell,vpi2DL,cell,,WBbt:0004508,c-elegans,NCBITaxon:6239,L1,hermaphrodite,vpi2DL is a epithelial cell in the alimentary system of C. elegans. Dorsal left cell in 2nd pharyngeal-intestinal valve ring. Embryonic lineage: Msaapappp,Unknown - function not yet characterized in this dataset,vpi2DL; vpi2dl; VPI2DL,Located in the alimentary system,,,https://wormbase.org/species/all/anatomy_term/WBbt:0004508,WormFindr Information Cards (Nov 2024),[Imported from WormFindr],review,,
vpi2DR,vpi2DR cell,vpi2DR,cell,,WBbt:0004507,c-elegans,NCBITaxon:6239,L1,hermaphrodite,vpi2DR is a epithelial cell in the alimentary system of C. elegans. Dorsal right cell in 2nd pharyngeal-intestinal valve ring. Embryonic lineage: Mspapappp,Unknown - function not yet characterized in this dataset,vpi2DR; vpi2dr; VPI2DR,Located in the alimentary system,,,https://wormbase.org/species/all/anatomy_term/WBbt:0004507,WormFindr Information Cards (Nov 2024),[Imported from WormFindr],review,,
vpi2V,vpi2V cell,vpi2V,cell,,WBbt:0004486,c-elegans,NCBITaxon:6239,L1,hermaphrodite,vpi2V is a epithelial cell in the alimentary system of C. elegans. Ventral cell in 2nd pharyngeal-intestinal valve ring. Embryonic lineage: Msaappaa,Unknown - function not yet characterized in this dataset,vpi2V; vpi2v; VPI2V,Located in the alimentary system,,,https://wormbase.org/species/all/anatomy_term/WBbt:0004486,WormFindr Information Cards (Nov 2024),[Imported from WormFindr],review,,
vpi3D,vpi3D cell,vpi3D,cell,,WBbt:0004485,c-elegans,NCBITaxon:6239,L1,hermaphrodite,vpi3D is a epithelial cell in the alimentary system of C. elegans. Dorsal cell in 3rd pharyngeal-intestinal valve ring. Embryonic lineage: Msaaappp,Unknown - function not yet characterized in this dataset,vpi3D; vpi3d; VPI3D,Located in the alimentary system,,,https://wormbase.org/species/all/anatomy_term/WBbt:0004485,WormFindr Information Cards (Nov 2024),[Imported from WormFindr],review,,
vpi3V,vpi3V cell,vpi3V,cell,,WBbt:0004484,c-elegans,NCBITaxon:6239,L1,hermaphrodite,vpi3V is a epithelial cell in the alimentary system of C. elegans. Ventral cell in 3rd pharyngeal-intestinal valve ring. Embryonic lineage: Msaappap,Unknown - function not yet characterized in this dataset,vpi3V; vpi3v; VPI3V,Located in the alimentary system,,,https://wormbase.org/species/all/anatomy_term/WBbt:0004484,WormFindr Information Cards (Nov 2024),[Imported from WormFindr],review,,
Y,Y cell,Y,cell,,WBbt:0004578,c-elegans,NCBITaxon:6239,L1,hermaphrodite,Y is a epithelial/neuron cell in the alimentary system of C. elegans. Epithelial cell on anterior side of rectum. Will differentiate to form PDA. Embryonic lineage: ABprpppaaaa,Unknown - function not yet characterized in this dataset,Y; y; Y,Located in the alimentary system,,,https://wormbase.org/species/all/anatomy_term/WBbt:0004578,WormFindr Information Cards (Nov 2024),[Imported from WormFindr],review,,
Z1.pp,Z1.pp cell,Z1.pp,cell,,WBbt:0007627,c-elegans,NCBITaxon:6239,L1,hermaphrodite,"Z1.pp is a blast cell  in the reproductive system of C. elegans. Post-embryonic blast cell that will form part of ventral uterus, spermathecal-uterine junction, and anchor cell. Post-embryonic lineage: Z1.pp",Unknown - function not yet characterized in this dataset,Z1.pp; z1.pp; Z1.PP,Located in the reproductive system,,,https://wormbase.org/species/all/anatomy_term/WBbt:0007627,WormFindr Information Cards (Nov 2024),[Imported from WormFindr],review,,
Z2,Z2 (primordial germ cell),Z2,cell,,,c-elegans,NCBITaxon:6239,embryo,both,"Z2 is one of the two primordial germ cells, born from the germline blastomere P4; labeled as the germ-cell precursor in IntFIG3.",Primordial germ cell.,Z2 germ cell,,,IntFIG3,,WormAtlas IntFIG3 cataloguing,[to fill],draft,,
Z3,Z3 (primordial germ cell),Z3,cell,,,c-elegans,NCBITaxon:6239,embryo,both,"Z3 is one of the two primordial germ cells, born from the germline blastomere P4; labeled as the germ-cell precursor in IntFIG3.",Primordial germ cell.,Z3 germ cell,,,IntFIG3,,WormAtlas IntFIG3 cataloguing,[to fill],draft,,
Z4.aa,Z4.aa cell,Z4.aa,cell,,WBbt:0007687,c-elegans,NCBITaxon:6239,L1,hermaphrodite,"Z4.aa is a blast cell  in the reproductive system of C. elegans. Post-embryonic blast cell that will form part of ventral uterus, spermathecal-uterine junction, and anchor cell. Post -embryonic lineage: Z1.aa",Unknown - function not yet characterized in this dataset,Z4.aa; z4.aa; Z4.AA,Located in the reproductive system,,,https://wormbase.org/species/all/anatomy_term/WBbt:0007687,WormFindr Information Cards (Nov 2024),[Imported from WormFindr],review,,