source_page,anchor,anchor_malformed_flag,cross_page_anchor_collision,term,abbreviation_or_cellname,synonyms_S,lineage,description,has_wbbt_id,wbbt_ids,cross_reference_candidate,already_in_entities,match_basis,is_entity,proposed_entity_type,ambiguous_flag,editor_notes
A,aband,FALSE,FALSE,A band,,,,"The bundle of thick (myosin) and thin (actin) filaments running lengthwise within the sarcomere of bodywall muscles, best viewed by polarized light, or by phalloidin or antibody staining. Runs in parallel with I bands to form a series of alternating bright and dark bands ( Waterston, 1988 ; Miller et al., 1983 ). The A band is brighter by polarized light, with a thin darker central stripe, the H zone; the A band contains interdigitating thick and thin filaments. See H zone See I band See M line",FALSE,,FALSE,FALSE,,,,,
A,afiber,FALSE,FALSE,A fiber,A subfiber,,,"A specialized microtubule within the ciliary axoneme ( Chalfie and Thomson, 1982 ; Perkins et al., 1986 ).",FALSE,,FALSE,FALSE,,,,,
A,amotorneurons,FALSE,FALSE,A motor neurons,,,,Class A motor neurons are a subset of the ventral cord motor neurons which drive the bodywall muscles and execute backward movement. This class of neuron includes VA and DA cells. See DA neurons See VA neurons,FALSE,,FALSE,FALSE,,,,,
A,aneuron,FALSE,FALSE,"""a"" neuron",AWAL | AWAR,AWA cell,ABplaapapaa ABpraapapaa,"Amphid wing ""a"" cells, neurons having ciliated sheet-like sensory endings closely associated with amphid sheath.",FALSE,,FALSE,TRUE,entity_id == cell name,,,,
A,abblastomere,FALSE,FALSE,AB blastomere,AB,,P0a,"An early blast cell (embryonic founder cell) in the developing embryo which gives rise to many ectodermal cells, principally hypodermis, neurons and accessory cells. The daughters of the cell divisions of such a blast cell are named according to the orientation of the subsequent cell division planes, for instance: ABa and ABp are the anterior and posterior daughters of AB . In early studies of other nematode species this blast cell was also called the S 1 , or “somatic” blastomere.",TRUE,WBbt:0004015 | WBbt:0005906 | WBbt:0005994,FALSE,FALSE,,,,,
A,ablation,FALSE,FALSE,Ablation,,,,"The physical removal of a cell, organelle or tissue (for instance by surgery, laser or genetic means).",FALSE,,FALSE,FALSE,,,,,
A,aboc,FALSE,FALSE,aBoc,,,,Anterior body contraction. A motor step in defecation behavior in which anterior body wall muscles contract to concentrate the intestinal contents before the posterior body wall muscles contract. See Defecation motor program See pBoc,FALSE,,FALSE,FALSE,,,,,
A,ac,FALSE,FALSE,AC,,,,See Anchor cell,TRUE,WBbt:0004522,TRUE,TRUE,entity_id == anchor,,,,
A,ACVUdecison,TRUE,FALSE,AC/VU decision,,,,"A cell fate choice which occurs in the somatic germline between two cells ( Z1.ppp and Z4.aaa ) with equal chances to adopt the AC fate. After one cell adopts the AC fate, signaling between these cells then causes the remaining cell to adopt the VU fate ( Greenwald, 1997 ).",TRUE,WBbt:0007667 | WBbt:0007688,FALSE,FALSE,,,,,
A,accessorycell,FALSE,FALSE,Accessory cell(s),,,,"A subset of interfacial cell group. It can refer to socket cells, sheath cells and structural cells or their processes. All of these cells extend long processes which serve a supporting role, rather like glia, by forming a protective environment around sensory neuron endings. In addition, some of these cells extend broad thin processes from their somata which wrap around neuropil, similarly in a glia-like fashion.",FALSE,,FALSE,FALSE,,,,,
A,accessorystructures,FALSE,FALSE,Accessory structures,,,,"This term has been used with regard to the muscle sarcomere to encompass those proteins and physical elements which attach the visible myofilament lattice to the cell membrane and bodywall. These structures include the dense body, the M-line, intermediate filaments inside the muscle cell, perhaps hemidesmosomes or even basal lamina components on the outside of the cell ( Waterston, 1988 ).",FALSE,,FALSE,FALSE,,,,,
A,acentriolar,FALSE,FALSE,Acentriolar,,,,"Refers to a condition of the meiotic spindle apparatus during oogenesis in which the condensing chromosomes begin to line up, surrounded by diffuse, unaligned microtubules to form a barrel-shaped structure (when viewed by light microscopy) which lacks organizing centrioles ( Albertson et al., 1997 ). During spermatogenesis, the meiotic spindle apparatus is organized differently than in oogenesis, and always involves centrioles.",FALSE,,FALSE,FALSE,,,,,
A,achiasmatechromosomes,FALSE,FALSE,Achiasmate chromosomes,,Noncrossover chromosomes,,"Condensed chromosomes that lack visible points of crossover (attachment) during meiosis, a condition that is increased in some mutants which interfere with crossovers .",FALSE,,FALSE,FALSE,,,,,
A,actin,FALSE,FALSE,Actin,Thin,filament,,"An abundant cytoskeletal protein in most cells, often linked to the plasma membrane and concentrated at cell junctions. Can assemble in different forms to create a mesh-like web or gel (g actin) underneath the plasma membrane, or long parallel fibers (f actin; as in muscle sarcomeres or stress fibers) stretching between distant portions of the cell. Through interactions with myosin motors and with anchoring proteins on organelles and the plasma membrane, these thin filaments help to provide the basis for cell shape changes, tissue rigidity, morphogenetic movements, and muscle contraction. See Myosin See Thin filament",FALSE,,FALSE,FALSE,,,,,
A,activezone,FALSE,FALSE,Active zone,Release,zone | (Pre)synaptic bar | Presynaptic density | Presynaptic darkening,,"The portion of a neuron’s pre-synaptic membrane that is specialized for the directed release of synaptic vesicles into the synaptic cleft. It is recognized morphologically as an electron dense thickening or tuft lying on the cytoplasmic side of the plasma membrane, at which several small round vesicles may be “docked”, ready for release. There is generally no visible post-synaptic specialization seen in thin sections in C. elegans synapses.",FALSE,,FALSE,FALSE,,,,,
A,actomyosin,FALSE,FALSE,Actomyosin,,,,The combined macromolecular structure of actin + myosin; these two filamentous structures slide past each other in muscles to produce muscle contraction (the powerstroke) or relaxation (by sliding in the opposite direction).,FALSE,,FALSE,FALSE,,,,,
A,adacell,FALSE,FALSE,ADA cell,ADAL | ADAR,,ABplapaaaapp ABprapaaaapp,Ring interneurons,TRUE,WBbt:0004011 | WBbt:0004013,FALSE,TRUE,wormbase_id,,,,
A,adaptation,FALSE,FALSE,Adaptation,,,,"This term has several very different definitions, depending upon the context: Evolution: The general ability of a species to undergo (evolutionary) change in order to accommodate changing environmental conditions. Genetics / Development : A specific change in structure, developmental pattern, or behavior that results from a genetic alteration in response to changing environmental conditions and improves the animal’s chance of survival. Behavior: Any change in behavior that is prompted by changing environmental conditions. Neurological / Sensory: A reduction in neuronal sensitivity (reduction in firing rate or size of evoked potentials) to repeated stimuli of constant intensity. Sensory adaptation is likely to play a role in some normal mechanisms of body movement in C. elegans ( Dusenbery, 1980 ) and has been shown to change responses to volatile odorants ( Bettinger and McIntire, 2004 ).",FALSE,,FALSE,FALSE,,,,,
A,adecell,FALSE,FALSE,ADE cell,ADEL | ADER,,ABplapaaaapa ABprapaaaapa,"Anterior deirids, sensory receptors in lateral alae, contain dopamine.",TRUE,WBbt:0004007 | WBbt:0004009,FALSE,TRUE,wormbase_id,,,,
A,adesheathcell,FALSE,FALSE,ADE sheath cell,ADEshL | ADEshR,,ABarppaaaa ABarpppaaa,Anterior deirid sheath cells. See Anterior and Posterior Deirid Sensilla,TRUE,WBbt:0004004 | WBbt:0004005,FALSE,TRUE,wormbase_id,,,,
A,adesocketcell,FALSE,FALSE,ADE socket cell,ADEsoL | ADEsoR,,H2 aaL H2 aaR,Anterior deirid socket cells. See Anterior and Posterior Deirid Sensilla,TRUE,WBbt:0005602 | WBbt:0005603,FALSE,TRUE,wormbase_id,,,,
A,adenophora,FALSE,FALSE,Adenophora,,,,See Aphasmidia,FALSE,,TRUE,FALSE,,,,,
A,adfcell,FALSE,FALSE,ADF cell,ADFL | ADFR,,ABalpppppaa ABpraaappaa,"Amphid chemosensory neurons, dual ciliated sensory endings, enter ring via commissure from ventral ganglion, take up FITC.",TRUE,WBbt:0003999 | WBbt:0004003,FALSE,TRUE,wormbase_id,,,,
A,adherensjunction,FALSE,FALSE,Adherens junction,AJ,Belt junction | Belt desmosome | Zonula adherens,,"The most common form of intercellular junction between epithelial cells in C. elegans . At high resolution these junctions display many cell specific differences in size and cell-cell spacing. This suggests that some tissues utilize AJ's in order to provide cell-cell adherence at their apical borders, while other AJ's also create a severe restriction or sealing of the extracellular space (tight junction-like) between cells. This is seen in tissues which undergo stronger forces and tend to form larger, more robust adherens junctions. In most instances, these junctions form belt desmosomes, also known as zonula adherens, stretching along a continuous narrow border near the apical side of epithelial cells to link two neighboring cells tightly together. Spot desmosomes, also called macula adherens, are rare in C. elegans, though they have been seen in somatic sheath ( Hall et al., 1999 ; Hall, unpublished). Very similar structures, hemi-adherens junctions or hemidesmosomes, form as one-sided membrane appositions in epithelial cells to the cuticle. See Hemidesmosome See Ring and dot See Sealing junction See Secretory membrane See Self-junction See Tight junction",FALSE,,FALSE,FALSE,,,,,
A,aerotaxis,FALSE,FALSE,Aerotaxis,,Aerokinetic response,,"The guided behavior of an animal to approach or avoid a source of oxygen. In C. elegans , “body cavity” receptors sense oxygen levels and the animal can choose between “social behavior” and solitary feeding depending on several factors including oxygen tension in the environment ( Gray et al., 2004 ; Cheung et al., 2005 ). C. elegans prefers oxygen levels between 2-12%, and can navigate via aerotaxis to find such an environment, avoiding both hypoxia and hyperoxia.",FALSE,,FALSE,FALSE,,,,,
A,adlcell,FALSE,FALSE,ADL cell,ADLL | ADLR,,ABalppppaad ABpraaapaad,"Amphid chemosensory neurons, dual ciliated sensory endings, project directly to ring, take up FITC.",TRUE,WBbt:0003995 | WBbt:0003997,FALSE,TRUE,entity_id == cell name,,,,
A,adhesionplaque,FALSE,FALSE,Adhesion plaque,,Focal Adhesion,,"A specialization of the plasma membrane, occurring in early cell development, which can act to anchor cytoskeletal elements to the membrane in preparation for a cell shape change or the provisional binding between two adjacent cells prior to formation of a full-fledged intercellular junction. This term is used in describing the anchorage of the developing sarcomere apparatus in muscle assembly, prior to development of the dense body structure.",FALSE,,FALSE,FALSE,,,,,
A,afdcell,FALSE,FALSE,AFD cell,AFDL | AFDR,Finger cell,ABalpppapav ABpraaaapav,"Amphid finger cells, associated with amphid sheath. AFD dendrites terminate anteriorly in small fingers, or villi, that project from the basal body into a series of narrow extracellular channels within the amphid sheath cell. The fingers are believed to be involved in temperature transduction for thermosensory behaviors ( Perkins et al., 1986 ; Cassata et al., 2000 ).",TRUE,WBbt:0003991 | WBbt:0003993,FALSE,TRUE,wormbase_id,,,,
A,agepigments,FALSE,FALSE,Age pigments,,,,"Endogenous fluorescent compounds that accumulate with increasing age. These compounds include lipofuscin, a heterogeneous mix of oxidized and cross-linked molecules, such as proteins, lipids and carbohydrates that accumulated in lysosomes ( Yin, 1996 ), and advanced glycation end-products. Studies using in vivo spectrofluorimetry have correlated the accumulation of age pigments in C. elegans to the physiological age (rather than chronological age) of the animal and suggest that age pigments can be used as a biomarker for nematode healthspan ( Gerstbrein et al., 2005 ).",FALSE,,FALSE,FALSE,,,,,
A,ageproducts,FALSE,FALSE,AGE products,Advanced glycation end-products,,,"Age-related fluorophores formed by non-enzymatic sugar addition to free amino groups of proteins followed by autocatalyzed cross-linking ( Ulrich and Cerami, 2001 ). See Age pigments",FALSE,,FALSE,FALSE,,,,,
A,aggregation,FALSE,FALSE,Aggregation,,,,"A social behavior in which nematodes choose to move together into a tight grouping, often to feed ( De Bono et al., 2002 ), or perhaps as a preliminary step in sexual behavior. This is the opposite behavior from dispersal, and generally only occurs in the presence of food. See Bordering See Dispersal See Pheromone See Social feeding",FALSE,,FALSE,FALSE,,,,,
A,agonist,FALSE,FALSE,Agonist,Antagonist,,,Chemical compound producing a ligand-like effect when binding to a receptor.,FALSE,,FALSE,FALSE,,,,,
A,aiacell,FALSE,FALSE,AIA cell,AIAL | AIAR,,ABplppaappa ABprppaappa,Amphid interneurons,TRUE,WBbt:0003987 | WBbt:0003989,FALSE,TRUE,wormbase_id,,,,
A,aibcell,FALSE,FALSE,AIB cell,AIBL | AIBR,,ABplaapappa ABpraapappa,Amphid interneurons,TRUE,WBbt:0003984 | WBbt:0003985,FALSE,TRUE,wormbase_id,,,,
A,aimcell,FALSE,FALSE,AIM cell,AIML | AIMR,,ABplpaapppa ABprpaapppa,Ring interneurons,TRUE,WBbt:0003969 | WBbt:0003983,FALSE,TRUE,wormbase_id,,,,
A,aincell,FALSE,FALSE,AIN cell,AINL | AINR,,ABalaaaalal ABalaapaaar,Ring interneurons,TRUE,WBbt:0003965 | WBbt:0003967,FALSE,TRUE,wormbase_id,,,,
A,aiycell,FALSE,FALSE,AIY cell,AIYL | AIYR,,ABplpapaaap ABprpapaaap,Amphid interneurons,TRUE,WBbt:0003961 | WBbt:0003963,FALSE,TRUE,wormbase_id,,,,
A,aizcell,FALSE,FALSE,AIZ cell,AIZL | AIZR,,ABplapaaapav ABprapaaapav,Amphid interneurons,TRUE,WBbt:0003959,FALSE,TRUE,wormbase_id,,,,
A,ala,FALSE,FALSE,Ala/e (/pl),,,,"Small linear ridges running along the lateral lines of the cuticle, lengthwise along the body; these thickenings lie in register with the seam cells which likely produce them and are present in the cuticle of the L1, dauer and adult stages, but not in other larval stages. The alae are suspected to provide better traction when the animal generates a bodywave. Since the animal usually lies on its side, the alae are in perfect position to catch against the substrate.",FALSE,,FALSE,TRUE,entity_id == anchor,,,,
A,alacell,FALSE,FALSE,ALA cell,ALA,,ABalapppaaa,"Neuron, sends processes laterally adjacent to excretory canal and also along dorsal cord.",FALSE,,FALSE,TRUE,entity_id == cell name,,,,
A,alar,FALSE,FALSE,Alar,,,,Referring to the ala/e.,FALSE,,FALSE,FALSE,,,,,
A,alimentarytract,FALSE,FALSE,Alimentary tract,,Digestive tract | Gastrointestinal system,,"A series of related tissues lying within the body cavity and devoted to feeding and digestion; they form a continuous single tube that includes the pharynx , intestine , rectum and anus and related valves, glands and muscles.",FALSE,,FALSE,FALSE,,,,,
A,allelochemical,FALSE,FALSE,Allelochemical,,,,"A chemical that affects the growth, health or behavior of a different species. Chemicals that mediate interactions within a species are called pheromones. See Allomone See Pheromone",FALSE,,FALSE,FALSE,,,,,
A,allomone,FALSE,FALSE,Allomone,,,,"A type of allelochemical that is produced and released by one individual that affects the behavior of another ( Huettel, 1986 ). Usually this is used as a defensive mechanism by plants against insects. See Allelochemical",FALSE,,FALSE,FALSE,,,,,
A,almcell,FALSE,FALSE,ALM cell,ALML | ALMR,,ABarppaappa ABarpppappa,"Anterior lateral microtubule cells, touch receptor neurons.",TRUE,WBbt:0003953 | WBbt:0003954,FALSE,TRUE,wormbase_id,,,,
A,alncell,FALSE,FALSE,ALN cell,ALNL | ALNR,,ABplapappppap ABprapappppap,"Neurons associated with ALM , send processes into tailspike.",TRUE,WBbt:0003937 | WBbt:0003939,FALSE,TRUE,wormbase_id,,,,
A,amphid,FALSE,FALSE,Amphid,Amphid,sensillum,,Bilaterally symmetric chemosensory specializations located on the two lateral lips in the head involving a large hole in the anterior cuticle. Each amphid contains 11 chemo and odorsensory endings and an apparent thermosensory ending. The cilia of the 8 of the chemosensory neurons extend out to the amphid pore whereas the endings of the three odorsensory neurons as well as the ending of the thermosensory neuron are enclosed by the amphid sheath cell.,FALSE,,FALSE,FALSE,,,,,
A,amphidcapcell,FALSE,FALSE,Amphid cap cell,Amphid,socket cell,,Older name for amphid socket cell. See Amphid socket cell,FALSE,,FALSE,FALSE,,,,,
A,amphidchannel,FALSE,FALSE,Amphid channel,,Amphid lining | Amphid pouch,,"A narrow enclosed space formed by the amphid sheath and socket cells. The ciliated dendrites of the amphid chemosensory neurons are bathed in the fluid in this space that is continuous with the exterior environment via the amphid pore. The space is filled with an electron dense matrix material that surrounds the cilia. A similar (narrower) phasmid channel is formed in the tail by homologous cell types. A longer, more open canal, the spicule channel, encloses the spicule in the male tail, and is again formed by a sheath and socket cell. Unlike the amphid and phasmid channels, the spicule channel is lined with cuticle. See Phasmid channel See Spicule channel See Accessory cells",FALSE,,FALSE,FALSE,,,,,
A,amphidcommissure,FALSE,FALSE,Amphid commissure,,Hemizonid,,"A large bundle of nerve processes which exit ventrolaterally from the amphid neuron cell bodies and then travel circumferentially under the ventral body muscles to reach the ventral nerve cord, where each amphid axon turns anteriorly to enter the nerve ring and deliver synaptic outputs to interneurons. The term can refer to the course of any one axon within the bundle, or to the bundle as a whole. Because the commissure is so large and close to the cuticle, it can apparently be seen by light microscopy in larger nematodes, where it is known as the “hemizonid” (Bird and Bird, 1991).",FALSE,,FALSE,FALSE,,,,,
A,amphidgland,FALSE,FALSE,Amphid gland,,Amphid sheath | Amphidial gland | Sensillar gland cell,,See Amphid sheath cell,FALSE,,TRUE,FALSE,,,,,
A,amphidnerve,FALSE,FALSE,Amphid nerve,,,,"A prominent fascicle of dendrites extending from the amphid sensilla to the cell bodies of the amphid neurons, containing single unbranched processes from the amphid neurons and also those of the related sheath and socket cells. There are virtually no synaptic contacts within this nerve.",FALSE,,FALSE,FALSE,,,,,
A,amphidneuron,FALSE,FALSE,Amphid neuron,,,,"Each of the 12 neurons that make up the amphid sensillum along with the support cells. These neurons are: ADF , ADL , ASE , ASG , ASH , ASI , ASJ , ASK (chemosensory neurons); AWA , AWB , AWC (odorsensory neurons); AFD (thermosensory neuron).",FALSE,,FALSE,FALSE,,,,,
A,amphidpocketcell,FALSE,FALSE,Amphid pocket cell,Amphid,sheath cell,,Older name for amphid sheath cell. See Amphid sheath cell,FALSE,,FALSE,FALSE,,,,,
A,amphidpore,FALSE,FALSE,Amphid pore,Amphid,opening,,"The tips of the sensory dendrites of the amphid cilia are exposed to the outside environment via a narrow opening in the cuticle at the lateral lips, the amphid pore. Each pore is formed by one of the amphid socket cells. The pore may be obstructed or closed in certain mutants.",FALSE,,FALSE,FALSE,,,,,
A,amphidpouch,FALSE,FALSE,Amphid pouch,Amphid,channel | Amphid lining,,See Amphid channel,FALSE,,TRUE,FALSE,,,,,
A,amphidsheathcell,FALSE,FALSE,Amphid sheath cell,AMshL | AMshR,Amphid gland | Amphid pocket cell,ABplaapaapp ABpraapaapp,"Accessory cells of the amphid sensillum . The sheath cell of the amphid is very large and contains distinctive secretory vesicles that are released into the amphid channel. This secretion may also spill out of the amphid pore to coat the nose of the animal (Bird and Bird, 1991).",TRUE,WBbt:0003933 | WBbt:0003935,FALSE,TRUE,wormbase_id,,,,
A,amphidsocketcell,FALSE,FALSE,Amphid socket cell,AMsoL | AMsoR,Amphid cap cell,ABplpaapapa ABprpaapapa,"Accessory cells of the amphid sensillum . The anterior process of this interfacial epidermal cell encircles the amphid opening on the left or right lip of the snout, binding tightly to the hypodermal cells (hyp2 and hyp3) and to the amphid sheath cell by adherens junctions.",TRUE,WBbt:0003929 | WBbt:0003931,FALSE,TRUE,wormbase_id,,,,
A,amphidelphic,FALSE,FALSE,Amphidelphic,,,,"This term describes the reproductive tract of C. elegans , in which two equivalent ovarian arms extend anteriorly and posteriorly from a single vulval opening. Some other nematode species have a single ovary and are termed “monodelphic” and “prodelphic” since their single gonad is positioned anterior of the vulva. Other species may have two completely separate ovarian systems (didelphic), and yet some others have more than two ovaries extending from the same vulval region. There are species within Strongylida with both ovaries anterior of the vulva (didelphic and prodelphic) and there are also nematodes with the vulva near the mouth which consequently is didelphic and opisthodelphic.",FALSE,,FALSE,FALSE,,,,,
A,amphimictic,FALSE,FALSE,Amphimictic / Amphimixis,,,,"Describes a species in which sexual reproduction involves the mixing of eggs and sperm from different individuals. This trait is not always true in C. elegans , since the hermaphrodite can fertilize itself by mixing germ cells produced internally. See Automictic See Dioecious",FALSE,,FALSE,FALSE,,,,,
A,ampulla,FALSE,FALSE,Ampulla,,,,An enlarged extracellular space through which the dorsal g1 gland cell duct opens into the pharyngeal lumen.,FALSE,,FALSE,FALSE,,,,,
A,analdepressormuscle,FALSE,FALSE,Anal depressor muscle,mu anal,Depressor ani | Dorso-rectal muscle,AB.plpppppap,A single muscle cell lying above the anal ridge of the hermaphrodite tail that is in position to widen the anal opening for defecation. In the male tail this muscle cell becomes reorganized in the adult to open the cloaca. See Defecation motor program,TRUE,WBbt:0004292,FALSE,TRUE,wormbase_id,,,,
A,analpapillae,FALSE,FALSE,Anal papillae,,,,"This term is a carryover from the older nematode literature, but it has rarely been used with regard to C. elegans . It refers to sensory receptors in the tail other than the phasmids, but it is not clear how broadly it applies in this species. In the hermaphrodite, the postdeirids lie somewhat too far anterior, and don’t seem to form a visible papilla when viewed by SEM so far (Hall, unpublished). There are definitely papillae present in the developing male tail; the hook and postcloacal sensillum possibly qualify and are retained in the adult male tail, while the developing rays have an intermediate stage during late L4 in which they form papillae (Hall, unpublished).",FALSE,,FALSE,FALSE,,,,,
A,analridge,FALSE,FALSE,Anal ridge,,,,"A robust chain of hypodermal cells, such as hyp10, hyp9, hyp8 and K’, extending from the tail whip forward into a ventral position and projecting centrally in the region above the anus and rectum, where it terminates in contact with the dorsorectal ganglion.",FALSE,,FALSE,FALSE,,,,,
A,analsphinctermuscle,FALSE,FALSE,Anal sphincter muscle,mu sph,Rectal valve muscle | Rectal sphincter muscle,AB.prpppppap,A smooth muscle formed by a single cell (mu sph) which encircles the rectal valve and whose contractions likely close the valve. See Sphincter muscle See Defecation motor program,TRUE,WBbt:0005798,FALSE,TRUE,wormbase_id,,,,
A,anaphase,FALSE,FALSE,Anaphase,,,,The subdivision of M phase during mitosis or meiosis during which the chromatids separate from one another and move to the two ends of the spindle.,FALSE,,FALSE,FALSE,,,,,
A,anchorcell,FALSE,FALSE,Anchor cell,AC | gon herm anch,,Z1.ppp or Z4.aaa,"A cell in the somatic gonad that plays a key role in organizing vulval patterning and morphogenesis in the hermaphrodite; the preAC cell is the source for a secreted signal, LAG-2 , which drives the AC/VU decision, which in turn determines the patterns of cell divisions among vulval precursors (reviewed by Greenwald, 1997 ). Through a feedback mechanism, the mature AC becomes the highest source of LAG-2 secretion, inhibiting LAG-2 production in VU. In the male gonad, the anchor cell plays a much different role, as the gonadal leader cell during outgrowth, much as the DTC guides the outgrowth of the hermaphrodite gonad. See AC/VU decision See Distal tip cell See Linker cell See Somatic primordium",TRUE,WBbt:0004522 | WBbt:0007667 | WBbt:0007688,FALSE,TRUE,entity_id == cell name,,,,
A,andricindex,FALSE,FALSE,Andric index / Andric ratio,,,,"A measure of the rate of spontaneous males in a wild species of nematode. Bisexual species tend to support nearly equal numbers (Andric index near 50%), whereas hermaphroditic species (or races) tend to support very low rates of males. In C. elegans , the andric index is roughly 0.2% but can be considerably higher in some him mutants or after heat shock.",FALSE,,FALSE,FALSE,,,,,
A,androdiocey,FALSE,FALSE,Androdiocey/ Androdioecious,,,,"A breeding population in which males and hermaphrodites coexist ( Stewart and Phillips, 2002 ). See Dioecious",FALSE,,FALSE,FALSE,,,,,
A,aneuploid,FALSE,FALSE,Aneuploid / Aneuploidy,,,,"Refers to any condition in which cells contain an abnormal number of chromosomes compared to the normal status for that time in development (euploid status). Thus, it can refer to multiple copies of chromosomes (e.g. trisomy, tetrasomy), free duplications, or loss of full chromosomes.",FALSE,,FALSE,FALSE,,,,,
A,annuli,FALSE,FALSE,Annulus / Annuli (/pl),Annulation,,,"Regular periodic specialization of the cuticle, forming shallow and deep transverse indentations of the outer surface of the cuticle. The deep indentation is known as an annulation or annulus . The thicker region of cuticle between two annuli is known as the “annule”. Other nematode species have similar deep indentations running lengthwise in the cuticle, called stria ( Chitwood and Chitwood, 1950 ).",FALSE,,FALSE,FALSE,,,,,
A,anoxia,FALSE,FALSE,Anoxia,,Anaerobiosis,,"A complete absence of oxygen in the culture medium (0% O 2 ), under which C. elegans enters a reversible state of “suspended animation” or cryptobiosis ( Van Voorhies and Ward, 2000 ; Padilla et al., 2002 ). Under anoxic conditions the animals cease all movement, cell division and cell development. See Cryptobiosis See Hypoxia",FALSE,,FALSE,FALSE,,,,,
A,antagonist,FALSE,FALSE,Antagonist,Agonist,,,"1) A chemical compound that inhibits the effect of a ligand, hormone or drug. 2) A muscle whose contraction counteracts the contraction of another muscle.",FALSE,,FALSE,FALSE,,,,,
A,anteriorganglion,FALSE,FALSE,Anterior ganglion,,,,"A cluster of neuron somata located close to the nerve ring. Several other similar ganglia are associated with the ring, including the left and right lateral ganglia, the retrovesicular and ventral ganglion. Each of these ganglia contributes their axonal processes into the nerve ring, but maintain no zone of neuropil outside of the ring.",FALSE,,FALSE,FALSE,,,,,
A,antagonist,FALSE,FALSE,Anterior intestine,,,,Portion of the intestine that is closest to the pharynx. The anterior intestine is connected to the pharynx via the pharyngeal-intestinal valve .,FALSE,,FALSE,FALSE,,,,,
A,anteriorposterioraxis,FALSE,FALSE,Anterior/posterior axis,A/P axis,,,"The longitudinal axis of the extended body of the worm, or the major axis of the early embryo.",FALSE,,FALSE,FALSE,,,,,
A,anthelminthic,FALSE,FALSE,Anthelminthic,,,,A drug used to expel or kill parasitic worms from the host organism.,FALSE,,FALSE,FALSE,,,,,
A,anus,FALSE,FALSE,Anus,,,,The caudal opening of the rectum in the hermaphrodite tail.,FALSE,,FALSE,FALSE,,,,,
A,apary,FALSE,FALSE,Apary,,,,This is technical term for the naturally occurring egl phenotype. In quite a number of species it is frequently observed that under certain conditions females don't lay all eggs and the hatching juveniles eventually eat their mother.,FALSE,,FALSE,FALSE,,,,,
A,aphasmidia,FALSE,FALSE,Aphasmidia,Adenophora,,,"A major classification of nematode species, grouped on the basis of their lack of caudal phasmids. Most of these species have caudal or epidermal glands, a single cell secretory/excretory system with a duct which lacks a cuticular lining, well developed amphids behind the labia, cephalic and somatic setae, and occur commonly in aquatic environments ( Bird and Bird, 1991 ). Few species among the Aphasmidia are parasitic.",FALSE,,FALSE,FALSE,,,,,
A,apicalcontriction,FALSE,FALSE,Apical constriction,,,,"A distinctive shape change noted in some embryonic cells just prior to ingression during gastrulation, where the apical cell cortex shortens due to actomyosin contractions ( Nance et al., 2005 ).",FALSE,,FALSE,FALSE,,,,,
A,apicalring,FALSE,FALSE,Apical ring,Central,cylinder,,"A cytoskeletal specialization within the proximal segment (basal body) of the cilium of many sensory dendrites where a narrow cylinder confines seven singlet microtubules which attach to its inner surface and nine (or fewer) doublet microtubules which attach to its outer surface; this cylinder of cytoskeletal material appears as a thin ring in cross-section ( Perkins et al., 1986 ).",FALSE,,FALSE,FALSE,,,,,
A,apolysis,FALSE,FALSE,Apolysis,,,,"The first step in molting, during which time the old cuticle separates from direct contact with the hypodermis, in order to allow for the deposition of new cuticle underneath it. See Molt",FALSE,,FALSE,FALSE,,,,,
A,apomorphy,FALSE,FALSE,Apomorphy,,,,An evolutionary term describing a derived characteristic arising in the descendents of a species making it different from its ancestors.,FALSE,,FALSE,FALSE,,,,,
A,apoptosis,FALSE,FALSE,Apoptosis,Programmed,cell death,,"A common form of cell death which appears to originate as a decision within the nucleus to initiate a cascade of cellular events inside both the nucleoplasm and the cytoplasm resulting in chromatin clumping, nuclear breakdown, cell shrinkage and eventual death. Unlike necrotic cell death, apoptosis does not generally spread to neighboring cells. See Necrosis See Phagocytosis",FALSE,,FALSE,FALSE,,,,,
A,approachbehavior,FALSE,FALSE,Approach behavior,,,,"A positive taxis in which the nematode reduces its probability of turning to move towards the stimulus ( Miller et al., 2005 ).",FALSE,,FALSE,FALSE,,,,,
A,aqrcell,FALSE,FALSE,AQR cell,AQR,,QR ap,"Neuron, rudimentary cilium, projects into ring.",TRUE,WBbt:0003927,FALSE,TRUE,wormbase_id,,,,
A,arcadecell,FALSE,FALSE,Arcade cell(s),arc ant | arc post,,AB X3 AB X3,"Interfacial cells between the pharynx and hypodermis which connect the hypodermal epithelium of the lips to the pharyngeal epithelium, firmly binding the inner tissue (the pharynx) to the outer bodywall (the hypodermis). Form anterior part of buccal cavity.",TRUE,WBbt:0005794 | WBbt:0005795,FALSE,FALSE,,,,,
A,arearestrictedsearch,FALSE,FALSE,Area restricted search,ARS,,,"A foraging strategy in which the animal varies its turning frequency to maximize the time spent in places where resources (food) are abundant ( Hills et al., 2004 ). When the animal senses the presence of food, it turns often, and tends to dwell in the same region. But as the time since the last food encounter lengthens, the animal turns less often, causing it to move in a straight line towards a new locale where food may be encountered once again. In C. elegans , ARS behavior seems to be evoked by food (chemosensory) signals but not by touch, and requires glutamatergic, octaminergic and dopaminergic signaling among head neurons ( Horvitz et al., 1982 ). See Basal slowing response",FALSE,,FALSE,FALSE,,,,,
A,arm,FALSE,FALSE,Arm,,,,"1) Extended lobes of the gonad in both males and hermaphrodites. In hermaphrodites gonad arms include the uterus, spermatheca and gonad sheath (which together constitute the “proximal arm”) and the unsheathed germ cells and distal tip cell (which together constitute the “distal arm”). The distal and proximal arms of the gonad connect via the “loop” region. 2) Distinctive processes (muscle arms) formed by each bodywall muscle in order to reach major nerve cords where they receive all of their synaptic input from motorneurons.",FALSE,,FALSE,FALSE,,,,,
A,arreststage,FALSE,FALSE,Arrest stage,,,,"The typical developmental endpoint (early zygote, lima bean stage, young L1 larva, sterile adult, etc) that is achieved for a particular mutation or condition that leads to arrested development. See Embryonic arrest See Monster",FALSE,,FALSE,FALSE,,,,,
A,arresteddevelopment,FALSE,FALSE,Arrested development,,,,See Dauer See Diapause See Quiescence,FALSE,,TRUE,FALSE,,,,,
A,ascells,FALSE,FALSE,AS cell(s),AS1 | AS2 | AS3 | AS4 | AS5 | AS6 | AS7 | AS8 | AS9 | AS10 | AS11,AS motor neurons | DAS motor neurons,P1 apa P2 apa P3 apa P4 apa P5 apa P6 apa P7 apa P8 apa P9 apa P10 apa P11 apa,"Ventral cord motor neurons, innervate dorsal muscles, They have no ventral counterpart, and are cholinergic. Their connectivities are similar to VA neurons but receive additional synaptic input from AVB . AS neuron cell bodies lie within the ventral cord.",TRUE,WBbt:0005334,FALSE,TRUE,entity_id == cell name,,,,
A,asmotorneurons,FALSE,FALSE,AS motor neurons,DAS motor,neurons,,See AS cells,FALSE,,TRUE,FALSE,,,,,
A,ascaris,FALSE,FALSE,Ascaris,,,,"A family of very large parasitic nematode species, commonly studied by physiologists and pharmacologists due to the accessibility of its nerves and muscles by simple dissection. Adult animals may range in length from 12-30 inches.",FALSE,,FALSE,FALSE,,,,,
A,aschelmintes,FALSE,FALSE,Aschelmintes,,Nemathelminthes | Pseudocoelomata,,"A heterogeneous and large cluster of animals that have traditionally been classified together as a single group but later have been divided into about ten separate phyla, one of which is the Nematoda. See Introduction to the Aschelminth Phyla",FALSE,,FALSE,FALSE,,,,,
A,asecell,FALSE,FALSE,ASE cell,ASEL | ASER,,ABalppppppaa ABpraaapppaa,"Amphid neurons, single ciliated endings, probably chemosensory; project into ring via commissure from ventral ganglion, make diverse synaptic connections in ring neuropil.",TRUE,WBbt:0003903 | WBbt:0003904,FALSE,TRUE,wormbase_id,,,,
A,asgcell,FALSE,FALSE,ASG cell,ASGL | ASGR,,ABplaapapap ABpraapapap,"Amphid neurons, single ciliated endings, probably chemosensory; project into ring via commissure from ventral ganglion, make diverse synaptic connections in ring neuropil.",TRUE,WBbt:0003891 | WBbt:0003892,FALSE,TRUE,wormbase_id,,,,
A,ashcell,FALSE,FALSE,ASH cell,ASHL | ASHR,,ABplpaappaa ABprpaappaa,"Amphid neurons, single ciliated endings, probably chemosensory; project into ring via commissure from ventral ganglion, make diverse synaptic connections in ring neuropil. Also take up FITC.",TRUE,WBbt:0003889 | WBbt:0003890,FALSE,TRUE,wormbase_id,,,,
A,asicell,FALSE,FALSE,ASI cell,ASIL | ASIR,,ABplaapapppa ABpraapapppa,"Amphid neurons, single ciliated endings, probably chemosensory; project into ring via commissure from ventral ganglion, make diverse synaptic connections in ring neuropil. Also take up FITC.",TRUE,WBbt:0003887 | WBbt:0003888,FALSE,TRUE,wormbase_id,,,,
A,asjcell,FALSE,FALSE,ASJ cell,ASJL | ASJR,,ABalpppppppa ABpraaappppa,"Amphid neurons, single ciliated endings, probably chemosensory; project into ring via commissure from ventral ganglion, make diverse synaptic connections in ring neuropil. Also take up FITC.",TRUE,WBbt:0003885 | WBbt:0003886,FALSE,TRUE,wormbase_id,,,,
A,askcell,FALSE,FALSE,ASK cell,ASKL | ASKR,,ABalpppapppa ABpraaaapppa,"Amphid neurons, single ciliated endings, probably chemosensory; project into ring via commissure from ventral ganglion, make diverse synaptic connections in ring neuropil. Also take up FITC.",TRUE,WBbt:0003883 | WBbt:0003884,FALSE,TRUE,wormbase_id,,,,
A,associativelearning,FALSE,FALSE,Associative learning,,,,"A type of learning in which two stimuli that were previously experienced simultaneously become linked in the memory, such that encountering one of these stimuli provokes the animal to react as if it has now encountered the second, associated stimulus.",FALSE,,FALSE,FALSE,,,,,
A,asymmetricalcelldivision,FALSE,FALSE,Asymmetrical cell division,,,,"Asymmetric cell divisions play an important role in establishing the three main axes of the body and for separating various cellular components that help specific cell fate (for more detail see Gönczy and Rose, 2005 ). See Symmetrical cell division",FALSE,,FALSE,FALSE,,,,,
A,asymmetry,FALSE,FALSE,Asymmetry,,,,"A condition in which an object or parts of an object fail to show symmetrical configuration on the opposite sides of the central plane. Examples of asymmetry is noted in C. elegans in: 1) the overall layout of cell positions in the early embryo, 2) the portions of cell cytoplasm allocated to two daughter cells during mitosis, 3) the patterns of cell divisions (lineage) stemming from a blast cell, and 4) positions of certain tissues in larval and adult anatomy, such as nerve cords, mesodermal organs, etc.",FALSE,,FALSE,FALSE,,,,,
A,attachmentplaque,FALSE,FALSE,Attachment plaque,,,,"The ends of the terminal (half) I bands where microfilaments are attached to the cytoplasmic surface of the plasma membrane of the muscle cell. Through these attachments each of the somatic muscle cells adheres tightly to adjacent muscle cells ( Waterston, 1988 ). These electron dense plaques are also found in gonadal sheath cells where microfilaments attach to the plasma membrane ( Hall et al., 1999 ). In vertebrates, attachment plaques are found in smooth muscle where they serve a similar function.",FALSE,,FALSE,FALSE,,,,,
A,attractant,FALSE,FALSE,Attractant,Repellant,,,"A chemical moiety that causes an animal, a cell or a tissue to move towards that moiety.",FALSE,,FALSE,FALSE,,,,,
A,auacell,FALSE,FALSE,AUA cell,AUAL | AUAR,,ABalpppppppp ABpraaappppp,"Neurons, processes run with amphid neuron dendrites but lack ciliated ending.",TRUE,WBbt:0003871 | WBbt:0003872,FALSE,TRUE,wormbase_id,,,,
A,autofluorescentgranule,FALSE,FALSE,Autofluorescent granule,,,,"A cytoplasmic structure that accumulates within certain cells, especially the intestine, as C. elegans ages. The content of these granules may include protein, lipid and/or carbohydrates, such as lipofuscin or rhabditin. They are often strongly fluorescent and not associated with particular organelles.",FALSE,,FALSE,FALSE,,,,,
A,automictic,FALSE,FALSE,Automictic/ Automixis,,,,"Describes a species in which reproduction involves the mixing of eggs and sperm generated from the same individual. This trait is true in C. elegans hermaphrodites, which can self-fertilize by mixing germ cells produced internally. See Amphimictic",FALSE,,FALSE,FALSE,,,,,
A,autophagosome,FALSE,FALSE,Autophagosome,,,,"A large membrane bound structure in intestine and some other cell types that may be involved in catabolic destruction of organelles. Material likely passes between the autophagosome and other endosomal structures, such as vacuoles or multivesicular bodies, as the contents of the autophagosome are consumed.",FALSE,,FALSE,FALSE,,,,,
A,autophagy,FALSE,FALSE,Autophagy,,,,"A process occurring within certain cells by which organelles or other cytoplasmic materials are degraded, using enzymes produced within that cell (for review see Kovacs et al., 2003 ). Molecular pathways controlling this process have been elucidated ( Melendez and Levine, 2009; Kovacs and Zhang, 2010 ) . See Melendez and Levine, 2009 for more detail",FALSE,,FALSE,FALSE,,,,,
A,autosome,FALSE,FALSE,Autosome,,,,"In C. elegans , refers to any chromosome other than the X sex chromosome.",FALSE,,FALSE,FALSE,,,,,
A,auxotroph,FALSE,FALSE,Auxotroph,,,,"Refers to any animal that cannot supply a natural substance (such as an amino acid) necessary for its own growth, and therefore requires a nutritional supplement in order to survive and reproduce. Culture plates for C. elegans are usually made with a bacterial lawn of uracil-dependent E. coli ; adding a limited amount of uracil within the medium of the culture plate forces a limit to the thickness of the lawn, since the auxotrophic bacteria fail to thrive once uracil is exhausted from the medium. See Bacterial lawn",FALSE,,FALSE,FALSE,,,,,
A,avacell,FALSE,FALSE,AVA cell,AVAL | AVAR,,ABalppaaapa ABalaappapa,"Ventral cord interneurons, synapse onto VA , DA and AS motorneurons; formerly called alpha.",TRUE,WBbt:0003869 | WBbt:0003870,FALSE,TRUE,wormbase_id,,,,
A,avbcell,FALSE,FALSE,AVB cell,AVBL | AVBR,,ABplpaapaap ABprpaapaap,"Ventral cord interneurons, synapse onto VB , DB and AS motorneurons; formerly called beta.",TRUE,WBbt:0003867 | WBbt:0003868,FALSE,TRUE,wormbase_id,,,,
A,avdcell,FALSE,FALSE,AVD cell,AVDL | AVDR,,ABalaaapalr ABalaaapprl,"Ventral cord interneurons, synapse onto VA , DA and AS motorneurons; formerly called delta.",TRUE,WBbt:0003865 | WBbt:0003866,FALSE,TRUE,wormbase_id,,,,
A,avecell,FALSE,FALSE,AVE cell,AVEL | AVER,,ABalpppaaaa ABpraaaaaaa,"Ventral cord interneurons, same post- synaptic targets as AVD , but processes restricted to anterior cord.",TRUE,WBbt:0003863 | WBbt:0003864,FALSE,TRUE,wormbase_id,,,,
A,aversion,FALSE,FALSE,Aversion,Avoidance,,,"A behavioral term, referring to the animal’s withdrawal or retreat from the neighborhood of a repellant or negative stimulus. See Avoidance behavior",FALSE,,FALSE,FALSE,,,,,
A,avfcell,FALSE,FALSE,AVF cell,AVFL | AVFR,,P1 aaaa W aaa,"Interneurons, processes in ventral cord and ring, few synapses.",TRUE,WBbt:0005657 | WBbt:0005658,FALSE,TRUE,wormbase_id,,,,
A,avgcell,FALSE,FALSE,AVG cell,AVG,,ABprpapppap,"Ventral cord interneuron, few synapses, sends process into tailspike.",TRUE,WBbt:0003850,FALSE,TRUE,wormbase_id,,,,
A,avhcell,FALSE,FALSE,AVH cell,AVHL | AVHR,,ABalapaaaaa ABalappapaa,"Neurons, mainly presynaptic in ring and postsynaptic in ventral cord.",TRUE,WBbt:0003848 | WBbt:0003849,FALSE,TRUE,wormbase_id,,,,
A,avjcell,FALSE,FALSE,AVJ cell,AVJL | AVJR,,ABalapapppa ABalapppppa,"Neurons, mainly postsynaptic in ventral cord and presynaptic in ring. Ring and ventral cord interneuron.",TRUE,WBbt:0003846 | WBbt:0003847,FALSE,TRUE,wormbase_id,,,,
A,avkcell,FALSE,FALSE,AVK cell,AVKL | AVKR,,ABplpapapap ABprpapapap,"Neurons, mainly postsynaptic in ventral cord and presynaptic in ring. Ring and ventral cord interneuron.",TRUE,WBbt:0003844 | WBbt:0003845,FALSE,TRUE,wormbase_id,,,,
A,avlcell,FALSE,FALSE,AVL cell,AVL,,ABprpappaap,"Ring and ventral cord interneuron and an excitatory GABAergic motor neuron for rectal muscles. Makes few synapses. Functions in defecation; together with DVB , activates expulsion muscle contraction ( E.p or EMC), also required for anterior body contraction ( aBoc ) step in defecation motor program . See Defecation motor program",TRUE,WBbt:0003843 | WBbt:0006612,FALSE,TRUE,wormbase_id,,,,
A,avmcell,FALSE,FALSE,AVM cell,AVM,,QR paa,"Anterior ventral microtubule cell, touch receptor.",TRUE,WBbt:0003832,FALSE,TRUE,wormbase_id,,,,
A,avoidancebehavior,FALSE,FALSE,Avoidance behavior,Approach behavior,,,"A negative taxis in which the nematode increases its probability of turning to move away from the stimulus ( Miller et al., 2005 ). See Thermal avoidance",FALSE,,FALSE,FALSE,,,,,
A,awcell,FALSE,FALSE,AW (Amphid Wing) cells AWA AWB AWC,AWAL | AWAR | AWBL | AWBR | AWCL | AWCR,,ABplaapapaa ABpraapapaa ABalpppppap ABpraaappap ABplpaaaaap ABprpaaaaap,"Amphid wing cells, neurons having ciliated sheet-like sensory endings closely associated with amphid sheath.",TRUE,WBbt:0003826 | WBbt:0003827 | WBbt:0003828 | WBbt:0003829 | WBbt:0003830 | WBbt:0003831,FALSE,TRUE,wormbase_id,,,,
A,axenicmedium,FALSE,FALSE,Axenic medium,,,,"A sterile medium on which one can grow nematodes without the presence of whole (live) bacteria, or any other living material. See Defined medium See Liquid culture See Monoxenic medium",FALSE,,FALSE,FALSE,,,,,
A,axialcore,FALSE,FALSE,Axial core,,,,General region where homologous chromosomes pair with one another. This region includes the axial element and proteins associated with its pairing. See Axial element,FALSE,,FALSE,FALSE,,,,,
A,axialelement,FALSE,FALSE,Axial element,,Chromosome cores,,"Single proteinaceous axes of sister chromatids which polymerize in the assembly of the mature synaptonemal complex during meiotic prophase ( Moses, 1968 ). The axial elements of homologous chromosomes become aligned and equidistantly separated by the proteins that constitute the central region of the synaptonemal complex ( Zetka et al., 1999 ). It has been suggested that one role for the axial element is to hold the chromosome in a position so that preferred sites of exchange are exposed ( Zetka et al., 1999 ). See Central element See Synaptonemal complex",FALSE,,FALSE,FALSE,,,,,
A,axon,FALSE,FALSE,Axon,,,,"A long thin process of a neuron, sometimes having distal branches, that forms synaptic outputs onto other neurons or muscles. Since many neuronal processes in C. elegans have mixed functions, not solely dendritic or axonal, these processes are more properly termed neurites. See Dendrite See Neurite",FALSE,,FALSE,FALSE,,,,,
A,axonguidance,FALSE,FALSE,Axon guidance,,,,"The mechanism by which a neuron process is stimulated to grow outward towards a particular signal or target cell, usually along the surface of a pre-existing cell or substrate. Axon outgrowth is typically led by a specialized structure, the growth cone. Dendrite outgrowth may occur by passive stretching as the animal enlarges (if the dendrite tip is well fixed to the cuticle) or by active outgrowth and guidance. See Growth cone See Pioneer axon",FALSE,,FALSE,FALSE,,,,,
A,axonring,FALSE,FALSE,Axon Ring,,,,"An unusual structure formed by some individual pharyngeal axons in C. elegans to create a complete loop with itself; sort of a local self-syncytium ( Albertson and Thomson, 1976 ).",FALSE,,FALSE,FALSE,,,,,
A,axonaltransport,FALSE,FALSE,Axonal transport,,,,"The mechanism by which vesicles and other organelles are translocated along the axon (neurite) towards or away from the cell soma. Active transport involves a microtubule based motor (kinesin or dynein family members) attaching to the organelle (the cargo) and the microtubule, and utilizing energy to move stepwise along the microtubule.",FALSE,,FALSE,FALSE,,,,,
A,axoneme,FALSE,FALSE,Axoneme,,,,"A distinctive bundle of microtubules and accessory proteins found within a cilium, often adopting a “9+2” organization in which 9 microtubular structures form a cylinder around 2 central microtubules. In a motile cilium, sliding of microtubules in relation to their neighbors can directly lead to bending of the entire structure. The axoneme is organized by a distal centriole in the dendrite. Axonemal microtubules often occur as doublets, with accessory proteins forming periodic arms extending between neighboring doublets.",FALSE,,FALSE,FALSE,,,,,
A,axonogenesis,FALSE,FALSE,Axonogenesis,,,,"The mechanism by which a neuron produces a new axon or axon branch, usually as a new outgrowth from the cell body led by the active outgrowth of the growth cone. See Growth cone",FALSE,,FALSE,FALSE,,,,,
A,axoplasm,FALSE,FALSE,Axoplasm,,,,The cytoplasmic contents lying within a neurite process.,FALSE,,FALSE,FALSE,,,,,
B,bfiber,FALSE,FALSE,B fiber,B subfiber,,,"A special form of microtubule within the ciliary axoneme ( Chalfie and Thomson, 1982 ).",FALSE,,FALSE,FALSE,,,,,
B,bcell,FALSE,FALSE,B cell,,,ABprppppapa,Rectal epithelial cell. Postembryonic blast cell within male tail rectal epithelium. The B cell lineage contributes to the male proctodeum .,TRUE,WBbt:0003825,FALSE,TRUE,entity_name,,,,
B,bmotorneurons,FALSE,FALSE,B motor neurons,,,,Class B motorneurons are a subset of the motorneurons driving the bodywall muscles and drive forward movement. This class of neuron includes VB and DB cells.,FALSE,,FALSE,FALSE,,,,,
B,bneuron,FALSE,FALSE,"""b"" neuron",AWBL | AWBR,AWB cell,ABalpppppap ABpraaappap,"Amphid wing ""b"" cells, neurons having ciliated sheet-like sensory endings closely associated with amphid sheath . See AW (Amphid wing) cell",TRUE,WBbt:0003828 | WBbt:0003829,FALSE,TRUE,wormbase_id,,,,
B,bacillaryband,FALSE,FALSE,Bacillary band,,,,"A modification of the lateral (or medial) hypodermal cells in some nematode species in which non-syncytial hypodermal cells appear to have a glandular specialization, directed outwards to secrete material towards a cuticular pore (bacillary pore), perhaps involved in osmoregulation ( Wright, 1963 ; McLaren, 1976 ). In some species, cells containing neurosecretory granules project ciliated endings into the bacillary band (gland cell), perhaps permitting granule release towards the pseuocoelom in response to sensory input to those cilia ( Wright and Chan, 1973 ).",FALSE,,FALSE,FALSE,,,,,
B,bacillarypore,FALSE,FALSE,Bacillary pore,,,,"An elongated opening in the cuticle associated with the lateral alae in some nematode species ( Wright, 1963 ). See Bacillary band",FALSE,,FALSE,FALSE,,,,,
B,backcross,FALSE,FALSE,Backcross,,,,"A procedure in which the progeny of a sexual mating or a new isolate from a genetic screen is mated back into a parental strain. This procedure is commonly used after genetic screens to obtain a desired mutation as a stable homozygote, while eliminating any secondary mutations from its genetic composition. Alternatively, it is used after introducing a desired mutation into a strain via mating, to eliminate any genetic contributions from one parental strain other than the selected mutant gene. See Crossing See Inbred / Inbreeding See Outcross",FALSE,,FALSE,FALSE,,,,,
B,backing,FALSE,FALSE,Backing,Backing avoidance response,Backward locomotion | Backing behavior | Backing response |  | Backing reflex,,"""Backing"" describes several spontaneous and induced behaviors of C. elegans : 1) Backward locomotion; backing behavior: Spontaneous backward crawl. Forward locomotion and backward locomotion are antagonistic behaviors, controlled by distinct neural circuits, although these circuits functionally interact. The neuronal circuit comprising AVA , AVD and the A motor neurons drives backward movement. 2) Backing behavior: Male specific behavior (see mating behavior movie ) where after the male's tail comes into contact with the hermaphrodite, the male backs sharply, curving his tail until his ventral side becomes apposed to the hermaphrodite. He then continues backing, sliding along the hermaphrodite's body and turning sharply near its ends (male avoids the head and tail of the hermaphrodite by turning either under or over the hermaphrodite body near but before it reaches the ends) until his tail reaches the vulva ( Barr and Garcia, 2006 ). The PVY interneuron is required for continued backing. 3) Backing response; backing avoidance response; backing reflex: Worms that bump into obstacles (e.g. glass beads) on their paths or that are touched with a fine hair or that encounter high osmotic strength crawl backwards typically for several body lengths. After this, they usually turn around. This response is mediated by the mechanosensory touch neurons .",FALSE,,FALSE,FALSE,,,,,
B,bacteriallawn,FALSE,FALSE,Bacterial lawn,,,,"A thin film of bacteria grown upon the surface of an agar plate as food for nematodes; this is the most common means to raise C. elegans in the laboratory. The lawn is usually kept from overgrowing the plate by the use of an auxotrophic strain of E. coli (uracil-requiring), and adding a limited supply of uracil to the plate. The lawn varies somewhat as the plate ages, growing somewhat thicker until the uracil is exhausted, and usually becoming slightly thicker at the border of the lawn than in the middle. There also may be subtle differences in the lawn depending on the character of the bacterial strain; such differences can affect some behavioral assays and nutritional studies. See Auxotroph",FALSE,,FALSE,FALSE,,,,,
B,bagcell,FALSE,FALSE,BAG cell,BAGL | BAGR,,ABalppappap ABarappppap,"Neurons, not part of any sensillum, dendrite runs along ILLso. Ciliated endings of BAG neurons terminate in bag-shaped structures that wrap short projections from the ILL socket cells.",TRUE,WBbt:0003823 | WBbt:0003824,FALSE,TRUE,wormbase_id,,,,
B,bagofworms,FALSE,FALSE,Bag of worms,,Bag,,"A terminal phenotype in which fertilized embryos hatch from their eggshells within the body of the hermaphrodite and begin to feed upon the tissues of the parent animal. This process can occur occasionally in older animals, but is very common in certain mutants where egg-laying is inhibited by poor vulva development or inadequate motility of the vulval muscles. See Internal hatchees See Oviparous See Ovoviviparous",FALSE,,FALSE,FALSE,,,,,
B,basalbody,FALSE,FALSE,Basal body,,,,"A modified centriole found distally in many sensory dendrites. The proximal segment of the ciliary axoneme, consisting of an organized ring of microtubules lying at a local enlargement of a distal dendrite. These structures in nematode cilia do not exactly match the organization of classical basal bodies in motile cilia from other animals, and therefore have sometimes been called transition zones. Alternately, this term is often more loosely used to refer to that portion of the cilium in which the modified centriole is located, which should more properly be termed the transition zone. See Axoneme See Centriole See Transition zone",FALSE,,FALSE,FALSE,,,,,
B,basallamella,FALSE,FALSE,Basal lamella,,,,"The innermost layer of the cuticle, lying between the fiber layers and the cell membrane of the hypodermis. See Basal zone",FALSE,,FALSE,FALSE,,,,,
B,basallamina,FALSE,FALSE,Basal lamina,,Basement membrane | Lamina | Extracellular matrix,,"An extracellular structure formed along the basal pole of the cells of a tissue. It is a continuous layer of connective tissue over the surface of the tissue, such as hypodermis , muscle , or pharynx , uterus (ubl) , and germline , and serves to separate it from neighboring tissues. This structure consists primarily of collagens , laminin , fibronectin, and other long chain macromolecules (See Kramer, 2005 for more detail). In higher animals the basal lamina often consists of two or three distinct layers, but in C. elegans it usually appears as a single homogeneous layer which can be thick or thin depending on the tissue. The basal lamina generally looks quite thin in cross section by TEM (after chemical fixation), but can look more broad, fluffy or mesh-like after certain treatments (such as high pressure freezing ) or visualization by electron tomography .",FALSE,,FALSE,FALSE,,,,,
B,basallayer,FALSE,FALSE,Basal layer,,Inner layer | Basal lamella,,"The innermost layer of the cuticle is called the basal layer. It is relatively thin and may display longitudinal striations (alternating light and dark bands; see Chitwood and Chitwood, 1950 ). See Cortical layer See Fiber layers See Fibril layer See Matrix layer",FALSE,,FALSE,FALSE,,,,,
B,basalslowingresponse,FALSE,FALSE,Basal slowing response,,,,"A slowing in locomotion rate that occurs when well fed C. elegans encounter bacteria. This response is mediated by dopamine signaling ( Sawin et al., 2000 ).",FALSE,,FALSE,FALSE,,,,,
B,basalzone,FALSE,FALSE,Basal zone,,Fiber layer | Fiber endocuticle,,"A major subdivision of the cuticle, consisting of three “fiber layers” and a basal lamella, all of which lie innermost within the whole cuticle, just outside the hypodermal cell membrane. Each fiber layer may contain coherent parallel fibers running in different orientations, some in helical bands running around the whole body, or circumferentially around the body.",FALSE,,FALSE,FALSE,,,,,
B,basementmembrane,FALSE,FALSE,Basement membrane,,,,See Basal lamina,FALSE,,TRUE,FALSE,,,,,
B,bducell,FALSE,FALSE,BDU cell,BDUL | BDUR,,ABarppaappp ABarpppappp,"Neurons, processes run along excretory canal and also in nerve ring, unique darkly staining synaptic vesicles.",TRUE,WBbt:0003811 | WBbt:0003812,FALSE,TRUE,wormbase_id,,,,
B,beltjunction,FALSE,FALSE,Belt junction,,Belt desmosome | Adherens junction,,"These prominent, robust intercellular junctions have also been called tight junctions or desmosomes; they form continuous belts at the apical margin of lateral cell borders in most nematode epithelia. They are tightly linked to the internal cytoskeleton and provide strength to the tissue. They are a form of adherens junction, but may contain some gene products that are typical of tight junctions in higher animals. See Adherens junction",FALSE,,FALSE,FALSE,,,,,
B,benthead,FALSE,FALSE,Bent head,,,,"A mutant phenotype in which the nematode exhibits a characteristic sharp kink in its head, causing misdirected body motion ( Ward, 1973 ; Pierce-Shimomura et al., 2005 ). See Adherens junction",FALSE,,FALSE,FALSE,,,,,
B,bergeracstrain,FALSE,FALSE,Bergerac strain,,,,"One of the two most commonly studied wild type strains of the nematode Caenorhabditis elegans , originally collected from the wild in France ( Nigon and Dougherty, 1949 ). Reference copies are now stored frozen at the C. elegans Stock Center , at the University of Minnesota, to reduce the amount of possible genetic drift from generation to generation. RW7000 subclone is used as the standard STS (sequence-tagged sites) mapping strain. See Bristol strain",FALSE,,FALSE,FALSE,,,,,
B,bilayer,FALSE,FALSE,Bilayer,,,,"A characteristic feature of plasma membranes, visible in thin section by TEM , in which the lipids, when seen in cross-section, are organized into two discrete dark-staining layers separated by an extremely narrow clear space. The orientation of the lipids is such that non-polar (hydrophobic) portions of the lipids are concentrated towards the middle of the bilayer, while the polar (hydrophilic) “headgroups” lie on the outward faces, exposed to the cytoplasm or the extracellular space. Proteinaceous intramembrane channels lying within the membrane can span both lipid layers to allow passage of materials across the membrane.",FALSE,,FALSE,FALSE,,,,,
B,biofilm,FALSE,FALSE,Biofilm,,,,"A thin layer of bacteria growing on a surface, such as over the body cuticle, within the rectum or in the gut lumen. Sticky biofilms growing on the head or tail of C. elegans can cause swelling of the underlying hypodermis, interfere with feeding or defecation, and lead to delays in growth, larval arrest or death ( Höflich et al., 2004 ). Aging nematodes often show pronounced swelling of the intestinal lumen due to infection.",FALSE,,FALSE,FALSE,,,,,
B,biolistictransformation,FALSE,FALSE,Biolistic transformation,,,,"A method to create transgenic lines in C. elegans by bombardment of live animal with DNA-coated gold microparticles ( Praitis et al., 2001 ).",FALSE,,FALSE,FALSE,,,,,
B,bipolar,FALSE,FALSE,Bipolar,,,,"When referring to a neuron, that which has two processes extending directly from the soma. Alternatively, a tissue which extends two equivalent processes from a common central region.",FALSE,,FALSE,FALSE,,,,,
B,birefringence,FALSE,FALSE,Birefringence,,,,"A double refraction of light into two rays which occurs when it passes through certain types of material. In C. elegans , electron dense, birefringent structures are specifically noted in the intestine and are called gut granules .",FALSE,,FALSE,FALSE,,,,,
B,blastcell,FALSE,FALSE,Blast cell,,Stem cell,,"An ancestral cell in a cell lineage that divides once or more to give rise to several daughter cells. The daughter cells may be of non-equivalent cell fates (as in the AB cell or the MS cell) or of equivalent cell fates, as in a mesoblast. Later in cell lineages, the descendants of individual blast cells may become further restricted, as those of epidermoblasts (neuroblasts) and others.",TRUE,WBbt:0004015 | WBbt:0004458,FALSE,FALSE,,,,,
B,blastocoel,FALSE,FALSE,Blastocoel,,,,"The fluid-filled compartment inside the developing embryo at the onset of gastrulation, surrounded by the early blastomeres, into which some cells begin to migrate at gastrulation to create a multi-layered embryo. This internal space later is converted into the pseudocoelom as the embryo develops.",FALSE,,FALSE,FALSE,,,,,
B,blastomere,FALSE,FALSE,Blastomere,,,,"Any of the early cells that result from divisions of the fertilized oocyte. In some animal species, all blastomeres may have equivalent genetic potential and be interchangeable. However, in C. elegans early segregation of cytoplasmic and nuclear determinants give each blastomere a distinct identity, non-equivalent size and position. Early loss of any blastomere in C. elegans will result in a dead embryo since there is virtually no means to replace its subsequent lineage cells. See AB blastomere See EMS blastomere See Founder cell See P blastomeres",FALSE,,FALSE,FALSE,,,,,
B,blastopore,FALSE,FALSE,Blastopore,,,,"A hole in the ventral/posterior side of the embryo caused by the inward flow of cells during gastrulation. It is initially formed at the 26 cell stage by the movements of Ea and Ep . Over time, the blastopore enlarges to form the “ventral groove”.",FALSE,,FALSE,FALSE,,,,,
B,blastula,FALSE,FALSE,Blastula,,,,"The embryonic stage at which gastrulation begins. At this time the entire embryo still consists of a single mass of cells, except for a small internal space, the blastocoel.",FALSE,,FALSE,FALSE,,,,,
B,bleb,FALSE,FALSE,Bleb,,,,"A small protuberance of the cuticle in a localized spot, often near the lips or tail tip. These often occur in certain mutant phenotypes, such as the vab’s . Alternately, a small acellular protuberance which breaks off from a cell to create a cytoplast as viewed by light microscopy, in some mutant embryos ( Hird and White, 1993 ).",FALSE,,FALSE,FALSE,,,,,
B,blister,FALSE,FALSE,Blister,,,,"A local swelling or loosening of the cuticle (larger than a bleb), which can occur anywhere along the body. These often occur in certain mutant phenotypes, such as the vab’s, or in normal animals as a precursor to a molt.",FALSE,,FALSE,FALSE,,,,,
B,bodycavityneurons,FALSE,FALSE,Body cavity neurons,,,,"A set of sensory cells ( AQR , PQR , URX ) that respond to ambient levels of oxygen and whose sensilla lie close to the pseudocoelomic cavity ( Cheung et al., 2004 ).",FALSE,,FALSE,FALSE,,,,,
B,bodylobe,FALSE,FALSE,Body lobe,,,,See Membraneous organelle,FALSE,,TRUE,FALSE,,,,,
B,bodywallmuscle,FALSE,FALSE,Body wall muscle,Body,muscle,,The principal muscle cell type whose contractile activity generates body motion in the nematode. They consist of 95 unfused cells in the adult organized into four muscle quadrants . Their sarcomeres are obliquely striated and lie lengthwise along the bodywall. Body wall muscles send muscle arms to motor neurons to receive innervation.,FALSE,,FALSE,FALSE,,,,,
B,bordering,FALSE,FALSE,Bordering,Bor,,,"A common behavior observed in C. elegans when grown on a culture plate. Animals move actively and stop to feed, but tend to collect preferentially on the edge (border) of the bacterial lawn, apparently where the lawn is slightly thicker. Animals (mutants) that fail to collect at the border are known as “nonBordering” animals, or Bor(-). Bordering and social feeding are thought to be under the influence of an external pheromone that is sensed by several amphid neurons ( De Bono et al., 2002 ), and by oxygen levels monitored by body cavity sense cells ( Coates and De Bono, 2002 ; Gray et al., 2004 ). See Aerotaxis See Pheromone See Social feeding",FALSE,,FALSE,FALSE,,,,,
B,boundaryzone,FALSE,FALSE,Boundary zone,,,,Thin region of demarcation within the cuticle that separates the overlying matrix layer from the fiber layers beneath it. See Basal zone See Matrix layer,FALSE,,FALSE,FALSE,,,,,
B,bristolstrain,FALSE,FALSE,Bristol strain,,N2,,"One of the two most commonly studied strains of the nematode Caenorhabditis elegans , originally collected from the wild in Bristol, England by L.N. Staniland from mushroom compost ( Nicholas et al., 1959 , Fatt and Dougherty, 1963 ). Reference copies are now stored frozen at the C. elegans Stock Center , at the University of Minnesota, to reduce the amount of possible genetic drift from generation to generation. See Bergerac strain",FALSE,,FALSE,FALSE,,,,,
B,brush,FALSE,FALSE,Brush,Thrush,,,Residual cytoplasts and/or membranous whorls and debris lying in the fan cuticle of the male tail after retraction; most probably derive from retreating hypodermal cells.,FALSE,,FALSE,FALSE,,,,,
B,brushborder,FALSE,FALSE,Brush border,Bacillary | layer (archaic S),,,"The microvillar specialization at the apical zone of the intestine, including a densely packed set of parallel microvilli extending into the lumen from the plasma membrane, and a rugged layer of cytoskeletal elements which form a dense reinforcing layer, the terminal web, just beneath the microvilli. See Microvillus See Terminal web",FALSE,,FALSE,FALSE,,,,,
B,buccalcapsule,FALSE,FALSE,Buccal capsule,,,,"The more anterior portions of the pharyngeal region, often subdivided into subregions of cheilostom, prostom (arcade), mesostom, metastom and telostom. Different authors may include all or only some of these regions when using the term.",FALSE,,FALSE,FALSE,,,,,
B,buccalcavity,FALSE,FALSE,Buccal cavity,,,,"A cuticle-lined lumenal region which lies just behind the lips at the entrance to the pharyngeal lumen. Buccal cavity is surrounded by the pharyngeal epithelium and the arcade cells. The buccal cavity and the pharynx are separated by a cuticular constriction, the flaps . The nematode’s food is consumed by entry into the digestive tract through the buccal cavity.",FALSE,,FALSE,FALSE,,,,,
B,buccalepithelium,FALSE,FALSE,Buccal epithelium,Pharyngeal,epithelium,,See Pharyngeal epithelium,FALSE,,TRUE,FALSE,,,,,
B,buccalfilter,FALSE,FALSE,Buccal filter,,,,"Several cuticular specializations extend into the lumen of the pharynx and may act to trap food particles within the central portion of the lumen during pharyngeal pumping. Three outward channels, in turn, may permit excess fluids to be ejected from the corners of the lumen, thus concentrating food solids. See Channels See Flaps See Grinder See Sieve",FALSE,,FALSE,FALSE,,,,,
B,bulb,FALSE,FALSE,Bulb,Pharyngeal,bulb,,"The tubular pharynx in C. elegans shows two enlarged spherical regions (bulbs) along its length which are separated by a narrower tube-shaped isthmus. First bulb = anterior bulb = metacorpus, and second bulb = posterior bulb = terminal bulb. In some other families of nematode, the pharynx may feature one bulb or none. See Isthmus",FALSE,,FALSE,FALSE,,,,,
B,bursa,FALSE,FALSE,Bursa,,Male tail,,The adult male tail including the the lateral fan and rays.,FALSE,,FALSE,FALSE,,,,,
C,cblastomere,FALSE,FALSE,C blastomere,,,,C founder cell,TRUE,WBbt:0003810,FALSE,FALSE,,,,,
C,cneuron,FALSE,FALSE,"""c"" neuron",,AWC cell,,"Amphid wing ""c"" cells, neurons having ciliated sheet-like sensory endings closely associated with amphid sheath See AW (Amphid wing) cell",FALSE,,FALSE,FALSE,,,,,
C,cneuron,FALSE,FALSE,"""C"" neuron",,CEP cell,,See CEP cell,FALSE,,TRUE,FALSE,,,,,
C,cacell,FALSE,FALSE,CA cell,CA1 | CA2 | CA3 | CA4 | CA5 | CA6 | CA7 | CA8 | CA9,,P3.aapa P4.aapa P5.aapa P6.aapa P7.aapa P8.aapa P9.aapa P10.aapa P11.aapa,"Male specific cell Male specific cell Male specific cell Male specific neuron, innervates dorsal muscles Male specific neuron, innervates dorsal muscles Male specific neuron, innervates dorsal muscles Male specific neuron, innervates dorsal muscles Male specific cells in VC, neuron-like, but lack synapses Male specific cells in VC, neuron-like, but lack synapses",TRUE,WBbt:0003803 | WBbt:0003804 | WBbt:0003805 | WBbt:0003806 | WBbt:0003807 | WBbt:0003808 | WBbt:0003809 | WBbt:0006853 | WBbt:0006854,FALSE,FALSE,,,,,
C,caenorhabditisbrenneri,FALSE,FALSE,Caenorhabditis brenneri,,,,"Previously unnamed strain PB2801 was renamed in honor of Syndey Brenner. While closely related to C. elegans and C. briggsae, and having similar biological characteristics, adults are either male or female, not hermaphrodites. Sequencing of the genome is ongoing. See Phylogeny",FALSE,,FALSE,FALSE,,,,,
C,caenorhabditisbriggsae,FALSE,FALSE,Caenorhabditis briggsae,,,,"A commonly studied species of nematode whose anatomical features are extremely similar to Caenorhabditis elegans , and whose genetic sequences are being compared in exacting detail against the genome of C. elegans . C. briggsae and C. elegans cannot interbreed to create fertile progeny, but are otherwise extremely similar in behavior and ecology; they are likely to be very close relatives evolutionarily ( Nigon and Dougherty, 1949 ; Baird et al., 1992 ). See Phylogeny",FALSE,,FALSE,FALSE,,,,,
C,caenorhabditiselegans,FALSE,FALSE,Caenorhabditis elegans,,,,"A species of nematode, or roundworm, that has been adopted as a model organism for the study of genetics, cell biology, development, and neuroscience. Two different wild strains, Bristol and Bergerac, were initially adopted by Nigon and Dougherty (1949) and by Brenner (1974) as the basis for scientific studies, although additional wild-caught strains have since been collected around the world for comparisons of genetic diversity. The sequence of the entire genome was published in 1998 (with the last gaps finished in 2002) making C. elegans the first multi-cellular eukarote in which every base is known ( C. elegans Sequencing Consortium , 1998 ).",FALSE,,FALSE,FALSE,,,,,
C,caenorhabditisjaponica,FALSE,FALSE,Caenorhabditis japonica,,,,"A species of rhabditid nematode closely related evolutionarily to Caenorhabditis elegans and Caenorhabditis briggsae . Like C. remanei, C. japonica does not form hermaphrodites, but utilizes a male/female sexual mating system. Additionally, it appears that unlike C. elegans, C. japonica may enter the dauer stage regardless of food and environmental conditions. This species is usually found in close association with stink bugs. Full sequencing of the genome is currently in the initial stages.",FALSE,,FALSE,FALSE,,,,,
C,caenorhabditisremanei,FALSE,FALSE,Caenorhabditis remanei,,,,"A species of rhabditid nematode closely related evolutionarily to Caenorhabditis elegans and Caenorhabditis briggsae . C. remanei does not form hermaphrodites, but utilizes a male/female sexual mating system. For research purposes, most widely used strains of C. remanei are EM464 and SB146 . Note that the strain CB5161 , which was called C. remanei for some time, is actually a different species (and now believed to be C. brenneri ). Full sequencing of the genome is currently in the initial stages.",FALSE,,FALSE,FALSE,,,,,
C,cancell,FALSE,FALSE,CAN cell,CANL | CANR,,ABalapaaapa ABalappappa,"A pair of neurons with processes that run along excretory canals and within canal associated nerves. Make no synapses, but essential for survival.",TRUE,WBbt:0004947 | WBbt:0004949,FALSE,TRUE,wormbase_id,,,,
C,canalassociatednerve,FALSE,FALSE,Canal associated nerve,,,,"A pair of longitudinal nerve tracts that run alongside the excretory canals on the right and left side of the animal. Processes from CAN , BDU , PVD and ALA form this nerve.",FALSE,,FALSE,FALSE,,,,,
C,canaliculi,FALSE,FALSE,Canaliculus/Canaliculi (/plu),,,,"A series of thin membranous collecting channels, closed at their distal ends, which feed into lumen of each excretory canal. The canaliculi can differ in shape depending on the status of the animal, perhaps reflecting changes in osmolarity or secretory activity. Thus the canaliculi can be 1) smooth, narrow and sinuous, or 2) undulating in diameter to form a series of beads on a chain, or 3) disconnected to form a series of larger spherical vesicles.",FALSE,,FALSE,FALSE,,,,,
C,canonicalallele,FALSE,FALSE,Canonical allele,,,,The original isolate of a mutation whose properties define the basis for recognizing this strain as a separate class of mutant. (e.g. let-7(mn122) and unc-35(e259)). The severity of the phenotype of this allele is used as a measure against which the phenotypes of later alleles are compared.,FALSE,,FALSE,FALSE,,,,,
C,cap,FALSE,FALSE,Cap,,Cap cell | Socket cell,,"1) Older name for socket cell . 2) Can also refer to a large piece of shed cuticle that had originally covered the head. From the cap’s dimensions, it has been suggested that secretions from the excretory system might provide a molting enzyme that works to weaken this piece of cuticle near the excretory pore at the back of the head in some species ( Chitwood and Chitwood, 1951 ; Bird and Bird, 1991). In C. elegans , laser ablation experiments to remove the excretory system have not inhibited the molting process ( Singh and Sulston, 1978 ). See Socket cell",FALSE,,FALSE,FALSE,,,,,
C,cardia,FALSE,FALSE,Cardia,,,,See Pharyngeal-intestinal valve,FALSE,,TRUE,FALSE,,,,,
C,caudal,FALSE,FALSE,Cauda/Caudal,,,,"Tail/of a tail, relating to a tail. Located at or directed towards the posterior part of the body.",FALSE,,FALSE,FALSE,,,,,
C,caudalalae,FALSE,FALSE,Caudal alae,,,,"The lateral specialization of the cuticle in the male tail, more commonly known as the fan. See Fan",FALSE,,FALSE,FALSE,,,,,
C,caudalglands,FALSE,FALSE,Caudal glands,,,,"These are found in "" Adenophorea "" only. There are 3 caudal glands with a common or separate openings at the tip of the tail. The secretion is used to attach the worm to the substrate.",FALSE,,FALSE,FALSE,,,,,
C,caudalpapillae,FALSE,FALSE,Caudal papillae,Male,tail rays,,See Ray,FALSE,,TRUE,FALSE,,,,,
C,caudalids,FALSE,FALSE,Caudalids (archaic),,Lumbar comissures,,"The nerve connections between the lumbar ganglia and the pre-anal ganglion, which must circumvent the ventral opening of the anus.",FALSE,,FALSE,FALSE,,,,,
C,caveola,FALSE,FALSE,Caveola / Caveolae (/plu),,,,"Vesicular organelles which are a specialized feature of some plasma membranes. They could be the basis of endocytosis or other forms of membrane-trafficking in some nematode cell types. Caveolae are notably smaller and less electron dense than coated vesicles 50-100 nm for caveolae, 200-300 nm diameter for coated vesicles, according to Razani and Lisanti (2001) . Caveolin proteins are principal components of these organelles. A caveolin-1 mutant in C. elegans blocks cell cycle progression ( Scheel et al., 1999 ). See Coated vesicle",FALSE,,FALSE,FALSE,,,,,
C,ccdlherm,FALSE,FALSE,ccDL herm ccDR herm,,,M.dlpa M.drpa,A pair of postembryonic coelomocytes in hermaphrodite.,TRUE,WBbt:0004563 | WBbt:0004564,FALSE,TRUE,wormbase_id,,,,
C,ccdmale,FALSE,FALSE,ccD male,,,M.dlpappp,Single postembryonic coelomocyte in male.,TRUE,WBbt:0004562,FALSE,FALSE,,,,,
C,ccal,FALSE,FALSE,ccAL ccAR ccPL ccPR,,,MSapapaaa MSppapaaa MSapapaap MSppapaap,Embryonic coelomocytes,TRUE,WBbt:0004558 | WBbt:0004559 | WBbt:0004560 | WBbt:0004561,FALSE,TRUE,wormbase_id,,,,
C,cecum,FALSE,FALSE,Cecum/Ceca (/plu),,,,"An outpocketing (diverticulum) or blind ending of the lumen of the intestine, usually forming a side branch of the lumen proper. In C. elegans, the anterior intestinal lumen between the first four cells is quite large in volume, but no distinctive side branches form there. Ceca are common in some other nematode species, especially at the anterior limit, and may form along the length of the intestine of some C. elegans mutants.",FALSE,,FALSE,FALSE,,,,,
C,ced,FALSE,FALSE,Ced,,,,CE ll D eath abnormality phenotype or mutation. See Cell death,FALSE,,FALSE,FALSE,,,,,
C,cellbody,FALSE,FALSE,Cell body,Soma,,,"The largest portion of a cell, generally surrounding the nucleus and containing abundant cytoplasm and organelles.",FALSE,,FALSE,FALSE,,,,,
C,celldeath,FALSE,FALSE,Cell death,,,,"There are a number of distinct mechanisms by which individual cells within the organism can die, generally without direct death of the whole animal. In C. elegans , many cells die via apoptosis , or programmed cell death , soon after their birth ( Conradt and Xue, 2005 ). In a variety of disease mechanisms, in old age, in some mutant phenotypes, and after toxic treatments, various cells may be induced to die by alternate mechanisms, which include necrosis ( Syntichaki and Tavernarakis, 2002 ). These pathways are distinct , but share some components and cellular machinery. The morphological features of these various modes of death are in some ways distinctive, but dying cells can often show mixed characters. The corpses of dead cells rarely linger, but are quickly engulfed and phagocytosed by neighboring cells. See Apoptosis See Necrosis See Autophagy See Programmed cell death See Engulfment",FALSE,,FALSE,FALSE,,,,,
C,cellfusion,FALSE,FALSE,Cell fusion,,,,"A common feature in C. elegans tissues , in which the lateral borders of two or more cells become tightly fused and then open to form a patent channel between the cells ( Podbilewicz and White, 1994 ; Podbilelwicz, 2006 ). In some cases, the point of fusion remains quite small, and fragments of the former cell border can be retained, such that the cells seem virtually separate (as in pharyngeal muscle cell pairs). In other cases, all vestiges of the former border are removed, cell nuclei migrate across from one zone to the next, and the combined syncytial structure shows little resemblance to the original chain of cells (as in the hyp7 syncytium ). In the germline, all young germ cells are fused to a common rachis and may share intracellular components with the rachis, yet these cells mature independently and eventually separate from the rachis (reversing In C. elegans, syncytial cells include some of the hypodermal cells, excretory gland cell, vulva epithelium, uterus epithelium, pharyngeal muscles, pharyngeal epithelial marginal cell, pharyngeal g1 gland cell, ant and post arcade, tail spike cells and seam cells. See Rachis See Syncytium",FALSE,,FALSE,FALSE,,,,,
C,cellintercalation,FALSE,FALSE,Cell intercalation,,,,"A developmental process that results in the rearrangement of several C. elegans tissues in which cells migrate for short distances from their place of birth to surround a developing epithelial structure, as in the intestine and vulva, or to form a discrete chain of cells such as the ventral nerve cord and embryonic hypodermis . Intercalation can be used to describe the positions of excess cells (or structures) that come to lie within a row of other cells due to changes in cell fate due to mutation or developmental anomalies.",FALSE,,FALSE,FALSE,,,,,
C,cellinvasion,FALSE,FALSE,Cell invasion,,,,See Invasion,FALSE,,TRUE,FALSE,,,,,
C,celllineage,FALSE,FALSE,Cell lineage,,,,"The pattern of cell divisions and cell fates produced by an ancestral blast cell. This series of cell divisions is highly stereotyped in C. elegans (See Lineage tree ), so that most dividing cells have reproducible axes of their division planes (e.g. dorsal/ventral, anterior/posterior, etc), and reproducible timing in the divisions and asymmetries in the relative size of the two daughter cells. Segregation of nuclear determinants within the two daughters is also reproducible resulting in consistent cell fates among the daughters from animal to animal. Cell lineages are often depicted graphically as decision trees.",FALSE,,FALSE,FALSE,,,,,
C,cellmigration,FALSE,FALSE,Cell migration,,,,"Some cells are born at some distance from their terminal locations as mature cells, and must crawl in amoeboid fashion within the body cavity to reach their eventual destination. They follow molecular signals expressed by cells along the route of their migration or by cells within their target tissue. During gastrulation , many young cells shift positions within the expanding embryo to form an internal layer of cells. The distal tip cells differentiate and then begin to crawl within the body cavity to guide outgrowth of the gonad. The hypodermal cells of the male tail migrate to lead the retraction (migration) of other cell types from the extreme tail tip prior to morphogenesis of the posterior fan and rays. One differentiated cell type, the gonad sheath cell (1st pair only) in the mature adult gonad appears to crawl continuously by filopodial extension to try to cover the exposed surface of the dividing germline. Some sensory neurons which are born at the surface of the body, later migrate inward and towards the central ganglia, leaving behind a sensory dendrite attached to the bodywall. Many larval cells make shorter migrations in tissues as they reposition themselves to form epithelial layers, including the developing intestine.",FALSE,,FALSE,FALSE,,,,,
C,cellularsheath,FALSE,FALSE,Cellular sheath,,,,See Gonad sheath,FALSE,,TRUE,FALSE,,,,,
C,cellularization,FALSE,FALSE,Cellularization,,,,"Process by which maturing germ cells, which are initially connected via the rachis within the distal gonad arm, break free from the rachis to continue the final stages of development, either as individual spermatocytes or oocytes, or to undergo programmed cell death. See Cell fusion See Nurse cells See Rachis",FALSE,,FALSE,FALSE,,,,,
C,cemcell,FALSE,FALSE,CEM cell,CEMDL | CEMDR | CEMVL | CEMVR,Cephalic companion cell,ABplaaaaaap ABarpapaaap ABplpaapapp ABprpaapapp,"A sensory neuron cell type found in the head of males but not hermaphrodites (these cells die in the hermaphrodite embryo). Each CEM shares the same sheath cell as the CEP neuron in the four dorsal and ventral lips, and forms a sense ending which opens separately to the exterior through the cuticle (See Cephalic Sensilla ). They may mediate male chemotaxis towards hermaphrodites.",TRUE,WBbt:0004939 | WBbt:0004941 | WBbt:0004943 | WBbt:0004945,FALSE,FALSE,,,,,
C,centralcells,FALSE,FALSE,Central cells,,,,See Wishbone cells,FALSE,,TRUE,FALSE,,,,,
C,centralcylinder,FALSE,FALSE,Central cylinder,,,,See Apical ring,FALSE,,TRUE,FALSE,,,,,
C,centralelement,FALSE,FALSE,Central element,,,,"A specific portion of the chromosomal pair during synapsis that forms part of the synaptonemal complex and runs between the lateral elements. Ladder-like in structure, it has two longitudinal components and regularly spaced transverse components that bridge the longitudinal components and may be subdivided into 3-4 layers ( Schmekel and Daneholt, 1995 ). See Axial element See Lateral element See Synaptonemal complex",FALSE,,FALSE,FALSE,,,,,
C,centration,FALSE,FALSE,Centration,,,,"A coordinated movement during prophase of the two centrosomes and the two pronuclei towards the center of the one cell embryo ( Gönczy and Rose, 2005 )",FALSE,,FALSE,FALSE,,,,,
C,centriole,FALSE,FALSE,Centriole,,,,"A small cylindrical structure , usually found in pairs, that are found at each pole of the mitotic spindle in animal cells and some other eucaryotes. Centrioles lie perpendicular to one another to form the centrosome and organize the mitotic spindle for cell division. While in most animals, centrioles are composed of nine triplet microtubules, in C. elegans the centriole has a nine singlet conformation (for more detail see Oegema and Hyman, 2006 ). Centrioles are also found distally in the dendrites of some sensory neurons, at the basal pole of the cilium. Presumably the centriole organizes the microtubules which make up the distal cilium, and perhaps the contents of the striated rootlet, where present. See Centrosome",FALSE,,FALSE,FALSE,,,,,
C,centrosome,FALSE,FALSE,Centrosome,,,,"This structure acts as the primary microtubule organizing center (MTOC) , and is important both for creation of the mitotic spindle during cell division, and for creation of the cytoplasmic network of microtubules during cytokinesis and during G1 and G2 phases . The centrosome contains two centrioles, plus the intermediate filament protein, IFA, and is generally surrounded by a halo of other fibrous materials including the ZYG-9 protein ( Leung et al., 1999 ). Shortly after fertilization of the early embryo , the centrosome becomes anchored to the plasma membrane asymmetrically near the point of entry of the sperm into the egg; this anchoring point helps to establish the initial polarity of the embryo. Later in cell division , just after duplication of the centrosomes, the two daughter centrosomes show specific movements within the cytoplasm to organize two independent mitotic spindles, including the “rotation” of one centrosome versus its sister, and the “centering” of each centrosome within two different domains to establish separate regions with independently organized axes of polarity. See Centriole",FALSE,,FALSE,FALSE,,,,,
C,cepcell,FALSE,FALSE,CEP cell,CEPDL | CEPDR | CEPVL | CEPVR,,ABplaaaaappa ABarpapaappa ABplpaappppa ABprpaappppa,All four are dopaminergic neurons of cephalic sensilla. See Cephalic sensilla section,TRUE,WBbt:0004931 | WBbt:0004933 | WBbt:0004937 | WBbt:0004938,FALSE,TRUE,wormbase_id,,,,
C,cephalicnervecord,FALSE,FALSE,Cephalic nerve cord,,,,See Mechanosensory nerve,FALSE,,TRUE,FALSE,,,,,
C,cephalicsensilla,FALSE,FALSE,Cephalic sensilla,,,,"Refers specifically to the sensory specializations of the CEP and CEM neurons and socket and sheath cells. In some nematode species these sensilla lie on the head (hence “cephalic”) rather than on the lips (Coomans, 1979), but in C. elegans the cephalic sensilla lie close to the outer labial (OL) sensilla on the lips proper (See Cephalic sensilla section ). See CEP cell See CEM cell",FALSE,,FALSE,FALSE,,,,,
C,cephalicsheathcell,FALSE,FALSE,Cephalic sheath cell,CEPshDL | CEPshDR | CEPshVL | CEPshVR,,ABarpaaaapp ABarpaaapap ABplpaaapap ABprpaaapap,"Refers to the sheath cells of the cephalic sensilla of the nose. Includes CEPshDL/R, CEPshVL/R . Their sheet-like processes envelop neuropil of ring and part of ventral ganglion (See Cephalic sensilla section ).",TRUE,WBbt:0004923 | WBbt:0004925 | WBbt:0004927 | WBbt:0004929,FALSE,TRUE,wormbase_id,,,,
C,cephalicsocketcell,FALSE,FALSE,Cephalic socket cell,CEPsoDL | CEPsoDR | CEPsoVL | CEPsoVR,,ABalapapppp ABalapppppp ABalppaappp ABalaapappp,Socket cells of the cephalic sensilla (See Cephalic sensilla section ).,TRUE,WBbt:0004917 | WBbt:0004918 | WBbt:0004919 | WBbt:0004921,FALSE,TRUE,wormbase_id,,,,
C,cephalid,FALSE,FALSE,Cephalid,,,,"A cuticular specialization found in some plant parasitic nematodes, appearing highly refractile, possibly due to thinning of the cuticle within one annulus, local tissue adhesion to the cuticle, or the local passage of a nerve commissure close to the annulus ( McLaren, 1976 ). See Hemizonid",FALSE,,FALSE,FALSE,,,,,
C,cepshcell,FALSE,FALSE,CEPsh cell,,,,See Cephalic sheath cell,FALSE,,TRUE,FALSE,,,,,
C,cepsocell,FALSE,FALSE,CEPso cell,,,,See Cephalic socket cell,FALSE,,TRUE,FALSE,,,,,
C,cervicalpapillae,FALSE,FALSE,Cervical papillae,Anterior,deirid,,See Deirid,FALSE,,TRUE,FALSE,,,,,
C,cfp,FALSE,FALSE,CFP,,,,Cyan fluorescent protein. See GFP,FALSE,,FALSE,FALSE,,,,,
C,channel,FALSE,FALSE,Channel(s),,,,"Narrow cuticle-lined tubes lying at the three corners of the pharyngeal lumen that are likely to remain open even when the rest of the lumen is closed during pharyngeal pumping. It has been proposed that these channels allow outward flow of fluid from the pharynx during pumping ( Albertson and Thomson, 1976 ).",FALSE,,FALSE,FALSE,,,,,
C,cheilorhabdion,FALSE,FALSE,Cheilorhabdion,,,,"Specialized zone of cuticle lining the cheilostom, formed by the cells of hyp1, hyp2 and hyp3. The term refers to this zone as seen by the light microscope.",FALSE,,FALSE,FALSE,,,,,
C,cheilostom,FALSE,FALSE,Cheilostom,Lip cavity,,,The most anterior portion of the buccal capsule or stoma. It is the portion of the anterior digestive tract which is enclosed by the lips. See Prostom See Telostom,FALSE,,FALSE,FALSE,,,,,
C,chemicalsynapse,FALSE,FALSE,Chemical synapse,,,,"Area of neuron to neuron communication where the ""presynaptic"" process releases the chemical contents (neurotransmitter or neuropeptide) of a small vesicle into the extracellular space to signal one or more nearby “postsynaptic” neuron processes. In C. elegans , the release zone within the presynaptic process typically shows a small collection of synaptic vesicles and an electron dense specialization attached to the cytoplasmic face of the plasma membrane. Unlike higher animals though, the postsynaptic processes rarely display any membrane density marking the collection of receptors. Chemical synapses may have one postsynaptic target ( monadic ), two targets ( dyadic ) or three targets ( triadic ). See Electrical synapse See Gap junction",FALSE,,FALSE,FALSE,,,,,
C,chemoattractant,FALSE,FALSE,Chemoattractant,,Attractant,,See Attractant See Repellant,FALSE,,TRUE,FALSE,,,,,
C,chemorepellant,FALSE,FALSE,Chemorepellant,,Repellant,,See Repellant See Attractant,FALSE,,TRUE,FALSE,,,,,
C,chemosensation,FALSE,FALSE,Chemosensation,,,,"Detection of a chemical cue which elicits a response in the animal so that it can react to food, danger or the presence of other animals. The amphids, which contain 11 pairs of chemosensory neurons, are the primary chemosensory organs. See Bargmann, 2006 for more detail. See Amphid sensilla section See Chemotaxis",FALSE,,FALSE,FALSE,,,,,
C,chemosensoryending,FALSE,FALSE,Chemosensory ending,,,,"A specialized, ciliated portion of a neuron’s dendrite which lies exposed to external chemical stimuli through a hole in the cuticle. Most chemosensory endings in C. elegans consist of a neuron and one or more accessory cells which form a pocket around the cilium to bathe the ending in a fluid-filled chamber.",FALSE,,FALSE,FALSE,,,,,
C,chemosensorynerve,FALSE,FALSE,Chemosensory nerve,,,,"A collection of neuronal processes (dendrites) which run from a discrete group of chemosensory endings (such as the amphid or phasmid) to their cell bodies and/or their neuropil. Most chemosensory neurons extend a single dendrite via a chemosensory nerve to their sensory ending, and a second process (axon) to the neuropil of a nearby ganglion or nerve ring.",FALSE,,FALSE,FALSE,,,,,
C,chemotaxis,FALSE,FALSE,Chemotaxis,,,,"The guided behavior of an animal to approach or avoid the source of a chemical signal in the environment. In C. elegans , chemoreceptors in the lips sense these signals and the animal can be observed to wag its head from side to side, apparently to compare signal strengths and detect the direction of a chemical gradient, before moving its whole body up (positive chemotaxis) or down (negative chemotaxis) the gradient. The animal modulates its rate of turning to redirect itself up or down the gradient ( Miller et al., 2005 ; Bargmann, 2006 ). Chemotaxis assays have been developed to study this behavior and the cells and genes that are involved in C. elegans.",FALSE,,FALSE,FALSE,,,,,
C,chemotropism,FALSE,FALSE,Chemotropism,,,,The growth of a portion of a cell towards or away from a chemical signal. In C. elegans this term has been used in relation to the guidance or repositioning of muscle arm extensions.,FALSE,,FALSE,FALSE,,,,,
C,chitinouslayer,FALSE,FALSE,Chitinous layer,,,,"The most prominent layer within the eggshell, lying between the inner “lipid layer” (the “inner” vitelline membrane), and the outer vitelline layer. Although the development of this layer is still unclear in C. elegans , the chitinous layer is perhaps secreted by the oocyte itself, just after fertilization. According to Bird and Bird (1991) , the eggshell is the only place in nematodes where chitin is known to be utilized. There are protein structures mixed into this layer in some nematode species as microfibrils or as radial pillars, but these have not been demonstrated in C. elegans . See Eggshell See Oolemma See Zona pellucida",FALSE,,FALSE,FALSE,,,,,
C,chitinousshell,FALSE,FALSE,Chitinous shell,,,,See Eggshell,FALSE,,TRUE,FALSE,,,,,
C,chord,FALSE,FALSE,Chord,,,,See Cord,FALSE,,TRUE,FALSE,,,,,
C,chromatin,FALSE,FALSE,Chromatin,,,,"The network of chromosomal material found within the nucleus, made from DNA strands and associated histone proteins. Based upon its staining properties, it is divided into two components, euchromatin (lower staining) and heterochromatin (higher staining). Only the former is thought to be very active, as it is more loosely wound and open to transcriptional machinery. See Schaner and Kelly, 2005 .",FALSE,,FALSE,FALSE,,,,,
C,chromomere,FALSE,FALSE,Chromomere,,,,A region along the length of a chromosome where the material is more darkly staining due to local condensation of the genetic material. Chromosomal bands consists of local clustering of chromomeres.,FALSE,,FALSE,FALSE,,,,,
C,chromosome,FALSE,FALSE,Chromosome,,,,A structure in the cell nucleus which contains the genetic material encoded as DNA and surrounded by histone proteins and other regulatory elements. In C. elegans the normal cell contains 5 pairs of “autosomes” and one or two X chromosomes.,FALSE,,FALSE,FALSE,,,,,
C,ciliarycap,FALSE,FALSE,Ciliary cap,,Nubbin,,Dense material displayed in the cuticle in association with the tip of the sensory cilium as in the cephalic sensory cilia.,FALSE,,FALSE,FALSE,,,,,
C,ciliarynecklace,FALSE,FALSE,Ciliary necklace,,,,"A distinctive arrangement of doublet microtubules that form a circular ring when viewed in cross-section, found within the basal bodies of many chemosensory cilia in C. elegans including the amphids ( Perkins et al., 1986 ).",FALSE,,FALSE,FALSE,,,,,
C,ciliome,FALSE,FALSE,Ciliome,,,,"A ciliary proteome database which includes cilia-associated proteins ( Inglis et al., 2006 ).",FALSE,,FALSE,FALSE,,,,,
C,cilia,FALSE,FALSE,Cilium / Cilia (/plu),,,,"Long, usually motile, whiplike or hairlike appendages that are attached to eukaryotic cells. Cilia contain an axoneme which is made of a pair of central microtubules surrounded by nine pairs of microtubules around the outside (9+2 arrangement). Although the cilia in nematodes are homologous to the cilia in other animals, they are not motile. To date, no nematode with motile cilia has been found. Cilia are retained in sensory organs in nematodes in which the specialized sensory ending of a neuron often features a bundle of microtubules extending distally from a basal body, most often very distant from the cell soma (For more detail see Inglis et al., 2007 ). A wide variety of specializations are known among the cilia in C. elegans , including local branches, intracellular dense blobs or dark vesicles, striated rootlets that can extend proximal to the basal body, and local external attachments to the basal lamina, the cuticle or within a glial (structural) cell. They are presumed to be the site of sensory transduction by a specific modality for which the ciliary specializations are suited; e.g. chemo-, osmo-, thermo-, mechano-, photo-, etc. Signals transduced by the cilium are carried to the sensory cell soma by a dendrite and then along an axon to the cell’s synapses.",FALSE,,FALSE,FALSE,,,,,
C,circomyarian,FALSE,FALSE,Circomyarian,,,,"Describes a muscle cell in which the sarcomeres completely encircle the outer bound of the cell, with the cytoplasmic muscle belly confined to a central core of the cell. Only a few specialized muscles in nematodes may fit this condition. See Meromyarian",FALSE,,FALSE,FALSE,,,,,
C,cistern,FALSE,FALSE,Cistern / Cisternae,,,,"A thin clear space enclosed by a unit membrane, often occurring as parallel close fitting spaces. References to cisternae in earlier nematode literature most likely refer to rough ER in a cell soma, or less often to smooth ER or sarcoplasmic reticulum in distal cell processes. Some cells have distinct sets of cisternae, including the amphid sheath cells where they are named lamellae , and some of the ray neuron cell bodies of the male tail.",FALSE,,FALSE,FALSE,,,,,
C,clearphenotype,FALSE,FALSE,Clear phenotype,clr,,,"A very distinctive phenotype in which the adult nematode is remarkably transparent when viewed by light microscopy due to a single gene mutation, clr-1 ( Kokel et al., 1998 ). These animals also exhibit other morphological changes, including some bloating and a shorter body length. clr-1 encodes a receptor tyrosine phosphatase which attenuates signaling by egl-15 , a fibroblast growth factor receptor. It appears that these genes act in the hypodermis to regulate fluid homeostasis ( Huang and Stern, 2004 ).",FALSE,,FALSE,FALSE,,,,,
C,cleidoic,FALSE,FALSE,Cleidoic,,,,"Term is used to describe an impermeable eggshell, like that of C. elegans , where there is no exchange of water and fats, and resists physical deformation. Only gases seem to be permeant ( Anya, 1976 ). Such eggs are environmentally isolated and the developing embryo cannot be fed by osmosis through its exterior.",FALSE,,FALSE,FALSE,,,,,
C,cloaca,FALSE,FALSE,Cloaca,,,,"A structure in the adult male tail, equivalent to the proctodeum (rectum and anus) of the hermaphrodite, where the vas deferens and the intestine open out jointly into an enclosed sinus near the tail tip to discharge their contents. The cloaca refers to the cuticle-lined chamber where these tissues join, including the spicule pouch and ventral opening, but not to the cells themselves, which are all part of the proctodeum ( Lints and Hall, 2005 ). See Gubernaculum See Proctodeum",FALSE,,FALSE,FALSE,,,,,
C,cloacalganglia,FALSE,FALSE,Cloacal ganglia,,,,"A pair of neuronal ganglia in the adult male tail, lying on either side of the proctodeum, but not found in the hermaphrodite.",FALSE,,FALSE,FALSE,,,,,
C,clr,FALSE,FALSE,Clr,Clear,,,CL ea R phenotype or mutation. See Clear phenotype,FALSE,,FALSE,FALSE,,,,,
C,clumpingbehavior,FALSE,FALSE,Clumping behavior,,,,"The tendency of a population of animals to collect closely together into larger piles or clumps. This behavior is often observed in normal animals on plates where the food is about to be exhausted, where they pile up at the edges of the lawn of bacteria.",FALSE,,FALSE,FALSE,,,,,
C,coatedpit,FALSE,FALSE,Coated pit,,,,"An intermediate stage of endocytosis , in which the plasma membrane indents when organized by a coat of clathrin on the cytoplasmic surface; the coated pit continues to indent and become more spherical until it breaks off to form a coated vesicle. They have been seen in neurons near synapses and at the base of sensory cilia and in coelomocytes (Hall, unpublished). Coated pits are larger in diameter than coated vesicles. See Caveola / Caveolae See Coated vesicle",FALSE,,FALSE,FALSE,,,,,
C,coatedvesicle,FALSE,FALSE,Coated vesicle,,,,"A specialized small vesicle associated with endocytosis , often found at the plasma membrane, or associated with vesicular trafficking between membranous lamellae deeper inside a cell, such as at Golgi stacks or rough ER. The outer coat is made from primarily from clathrin protein .",FALSE,,FALSE,FALSE,,,,,
C,coelomiccavity,FALSE,FALSE,Coelomic cavity,,,,"Cavity formed between separate mesodermal layers which, in vertebrates, includes pleural, peritoneal and pericardial spaces. The mesodermal layer around the coelomic cavity is an epithelium proper with a basal lamina on the outside and very often cilia facing the lumen. There is no true coelomic cavity in the nematodes but a pseudocoelom. See Pseudocoelom",FALSE,,FALSE,FALSE,,,,,
C,coelomocyte,FALSE,FALSE,Coelomocyte,,,,"A free-floating spherical cell lying in the pseudocoelomic cavity of larvae and adult C. elegans that can endocytose many compounds, possibly for immune surveillance. There are six coelomocytes in adult hermaphrodites, often lying pairwise together, and they display prominent cytoplasmic inclusions and vacuoles .",FALSE,,FALSE,FALSE,,,,,
C,coiler,FALSE,FALSE,Coiler,,,,"A behavioral phenotype common to some classes of uncoordinated mutations, in which the animal commonly comes to rest in a tightly coiled posture, forming a spiral, and tending to remain stationary in this position rather than actively moving on the plate. In some classes of mutation, the animal may favor coiling specifically in one handedness, being either a “dorsal coiler” (with all dorsal muscles in contraction) or a “ventral coiler” (with all ventral muscles in contraction). Some mutations lead to coiling when the animal is reversing, but not during forward motion. The mutations seem to interfere preferentially with neuronal input to the bodywall muscles so as to block the normal pattern of alternating waves of contraction along the bodywall which would flex the animal in alternating dorsal and ventral contraction.",FALSE,,FALSE,FALSE,,,,,
C,coldsensitive,FALSE,FALSE,Cold sensitive,,,,"Referring to a temperature-sensitive mutation whose phenotype is exacerbated by low temperature (often 15 or 16 o C), but becomes more normal at room temperature.",FALSE,,FALSE,FALSE,,,,,
C,collar,FALSE,FALSE,Collar,,,,"In the spermatozoon, an electron dense cytoplasmic specialization surrounding an ER membrane through which the membrane converts to form smaller membranous vesicles on the cis face of the Golgi apparatus (Wolf et al., 1978). The two portions of membrane compartment separated by the collar have also been referred to as the head lobe (smaller) and body lobe (larger) ( Achanzar and Ward, 1997 ). After fusion of the membranous organelle with the spermatozoon’s plasma membrane, the collar is thought to persist and to reinforce the fusion pore, keeping it open while fibrous contents from the MO are extruded to the outside surface of the spermatozoon. See Membranous organelle",FALSE,,FALSE,FALSE,,,,,
C,colonizing,FALSE,FALSE,Colonizing,,,,"1) A nematode's ability to invade and reproduce in a local habitat. 2) The ability of a bacteria, fungus or virus to invade the nematode and reproduce there.",FALSE,,FALSE,FALSE,,,,,
C,comma,FALSE,FALSE,Comma,,,,A middle stage in embryogenesis of the worm in which the embryo is slightly folded within the eggshell.,FALSE,,FALSE,FALSE,,,,,
C,commandinterneuron,FALSE,FALSE,Command interneuron,Command,neuron,,"Interneurons whose synaptic output represent a “final common pathway” to motor neurons. The synaptic activities of command interneurons lead directly to the control of locomotion. This group of interneurons include AVA , AVB , AVD, AVE and PVC . See Interneuron",FALSE,,FALSE,FALSE,,,,,
C,commensal,FALSE,FALSE,Commensal,,,,"A lifestyle in which two species live together (and perhaps to feed together), at no harm to either organism and for the benefit of one (but not both) of the organisms. If both species derive obvious benefits, it is considered mutualism. It has been suggested that C. vulgaris may have a commensal relationship with pillbugs in the wild, living under the shell of the pillbug and perhaps consuming bacteria there ( Baird et al., 1994 ). See Free living See Mutualism See Necromenic See Parasite See Phoretic",FALSE,,FALSE,FALSE,,,,,
C,commisure,FALSE,FALSE,Commissure,,,,"The passage of a neuron process or a bundle of neuron processes between two different nerve cords or between two bilateral ganglia. In higher animals a commissure always consists of many processes traveling in parallel to reach a shared destination. However, in C. elegans , a commissure can consist of a single neuron process. Such commissural axons in the nematode always travel in direct contact with a thin coating of the hypodermis, and most run circumferentially along the outer body wall. Commissures in C. elegans are: Amphid commissure: bilateral Deirid commissure: bilateral Dorso-rectal commissure: bilateral Lumbar commissure: bilateral, comprises the full route of axons from preanal ganglion (ventral side) to dorsal cord Lumbar-preanal commissure: bilateral, a portion of the lumbar commissure comprising the ventral to lateral portion only Motor neuron commissures: each runs either from left or right side, processes of D type motor neurons that travel from ventral cord to dorsal cord along the body See Commissures section",FALSE,,FALSE,FALSE,,,,,
C,con,FALSE,FALSE,Con,CON stipated,,,A defecation mutant phenotype where animals exhibit delayed or infrequent defecation cycles. See Defecation motor program See Constipated/ Constipation,FALSE,,FALSE,FALSE,,,,,
C,confocalmicroscopy,FALSE,FALSE,Confocal microscopy,,LSCM | Laser scanning confocal microscopy,,This high resolution microscopy is used for imaging fluroescent signals in fixed specimens.,FALSE,,FALSE,FALSE,,,,,
C,connectivitydiagram,FALSE,FALSE,Connectivity diagram,Wiring,diagram,,The overall pattern by which a set of neurons interacts synaptically with each other.,FALSE,,FALSE,FALSE,,,,,
C,constipated,FALSE,FALSE,Constipated/Constipation,,,,"A reduction in the normal rate of defecation, leading to an abnormal buildup of digestion products inside the lumen of the hindgut. See Defecation motor program",FALSE,,FALSE,FALSE,,,,,
C,contacttermination,FALSE,FALSE,Contact termination,Branch,termination,,A feature in which two neuron processes touch each other to form a gap junction and terminate at that point. Very common at the distal extreme of the nerve ring (most commonly between bilateral processes extending from neurons of the same class) and along the length of some motor nerves (between functional homologues such as VD' s or DD 's).,FALSE,,FALSE,FALSE,,,,,
C,contralateral,FALSE,FALSE,Contralateral,,,,Refers to a cell or cell extension which lies across the midline from a reference object.,FALSE,,FALSE,FALSE,,,,,
C,continuousjunction,FALSE,FALSE,Continuous junction,Smooth,septate junction,,"An intercellular junction found only in the spermatheca, in which the two plasma membranes are separated at a distance (the septa) but show no cytoplasmic density or specialization to mark the junction. Their presence is most easily noted by MH27 ( AJM-1 ) antibody staining. Alternately, this term has been used to characterize extensive adherens junctions, or “belt desmosomes”, that extend “continuously” over the entire apposition of two epithelial cells. See Septate junction",FALSE,,FALSE,FALSE,,,,,
C,convulsion,FALSE,FALSE,Convulsion,,,,"A mutant phenotype in which the animal suffers from local contractions or stretching of the bodywall muscles occurring synchronously over all four dorsal and ventral quadrants, so that the local portion of the body seems to lengthen or shorten ( Williams et al., 2004 ). Global changes in length operating on all bodywall muscles synchronously are often called the Rubberband phenotype. See Rubberband phenotype",FALSE,,FALSE,FALSE,,,,,
C,copulatoryapparatus,FALSE,FALSE,Copulatory apparatus,Copulatory,structures,,"The specialized structures of the male tail which allow the animal to sense the presence of the hermaphrodite, search her body for the vulval opening, grasp onto the vulva, and to transfer sperm.",FALSE,,FALSE,FALSE,,,,,
C,copulatorybursa,FALSE,FALSE,Copulatory bursa,Bursa,,,See Bursa,FALSE,,TRUE,FALSE,,,,,
C,copulatoryplug,FALSE,FALSE,Copulatory plug,Mating,plug,,"Gelatinous material deposited into the opening of the vulva of the hermaphrodite by a male at the termination of mating behavior. The plug can produce a visible swelling that completely covers the vulval region. The plug may preserve for up to 24 hrs before egg laying forces it to be shed. Some strains of C. elegans males secrete plug material, while other strains do not ( Barker, 1994 ). Presence of the plug has been shown to interfere with successful mating by a second male, and thus protects the sperm from the first male (the “plugging male”) from competition from sperm from a second male. The ability to produce a plug is ascribed to the function of a single gene, plg-1 ( Hodgkin and Doniach, 1997 ). The plug material appears to be formed by coagulation of a secreted yellow liquid, which collects in seminal vesicle during mating, and is secreted at the end of mating, during which time the male continues to “linger” near the vulva, after the termination of sperm transfer ( Barker, 1994 ). plg- 1 probably encodes a coagulant, not the yellow liquid itself, since non-plugging males also exude the yellow liquid.",FALSE,,FALSE,FALSE,,,,,
C,copulatoryspicule,FALSE,FALSE,Copulatory spicule,,,,See Spicule,FALSE,,TRUE,FALSE,,,,,
C,cord,FALSE,FALSE,Cord,,,,"This term has multiple, overlapping uses. It can refer to: 1) The bundled nerves running along the longitudinal body axis, i.e. “nerve cords” 2) the hypodermal extensions lying along the sides (dorsal, ventral, left or right), i.e. “hypodermal cords” 3) the combination of nerve processes plus hypodermis along the longitudinal body axis See Hypodermal ridge See Nerve cord",FALSE,,FALSE,FALSE,,,,,
C,core,FALSE,FALSE,Core,Rachis,,,"The syncytial acellular portion of the germline in the adult male nematode linking the cell bodies of individual germ cells; it appears completely the same as the rachis of the hermaphrodite gonad (Wolf et al., 1978).",FALSE,,FALSE,FALSE,,,,,
C,corpse,FALSE,FALSE,Corpse,,,,"This term can refer either to the dead remains of a whole animal at the end of life (as in extreme old age, or after deadly insult, or lethal mutation) or to the dead remains of a cell that has undergone apoptosis or necrosis, but which has not yet been consumed by engulfment by a neighboring cell.",FALSE,,FALSE,FALSE,,,,,
C,corpus,FALSE,FALSE,Corpus,,,,"An extended anterior region of the pharynx, which is composed of two subdomains, the procorpus (long and thin) and the metacorpus (first bulb), lying just anterior to the isthmus and terminal bulb. The muscular corpus lies just posterior to the pharyngeal epithelium, and anterior to the isthmus.",FALSE,,FALSE,FALSE,,,,,
C,cortex,FALSE,FALSE,Cortex,,,,"The outermost region of the cytoplasm, directly underlying the plasma membrane of a cell. It is a site of concentration for specific molecular determinants governing cell development and the point of anchorage for cytoskeletal elements ( Munro et al., 2004 ). The term is often used with regard to the developing blastomere. Other cell types with distinctive specializations of their cortex include the intestine, the excretory canal, and the uterus ( Gobel et al., 2004 ). See Glycocalyx See Lumen",FALSE,,FALSE,FALSE,,,,,
C,corticalcontraction,FALSE,FALSE,Cortical contraction,,,,Occurs in the developing fertilized oocyte prior to first cleavage. These contractions take place in a polarized fashion relative to the A/P axis of the embryo.,FALSE,,FALSE,FALSE,,,,,
C,corticallayer,FALSE,FALSE,Cortical layer,,Outer layer of cuticle | Epicuticle | Cortical Zone,,"The outermost layer of the adult cuticle is called the cortical layer, and appears more densely staining both by light microscopy and by TEM observation. By some accounts the cortical layer can be subdivided further to identify an external cortical layer that is the darkest part, an internal cortical layer that is similar to the matrix layer, and a medial layer. See Basal layer See Fiber layers See Fibril layer See Matrix layer See Epicuticle",FALSE,,FALSE,FALSE,,,,,
C,corticalrearrangement,FALSE,FALSE,Cortical rearrangement,,,,"Refers to changes in anatomical organization in the late stages of primary oocyte maturation just prior to fertilization, as viewed by light microscopy.",FALSE,,FALSE,FALSE,,,,,
C,corticalruffling,FALSE,FALSE,Cortical ruffling,,,,"Periodic indentations, or creases, of the first embryonic cell near the time of pseudocleavage that move laterally along the surfaces of the dividing fertilized oocyte, as viewed by light microscopy ( Hird and White, 1993 ).",FALSE,,FALSE,FALSE,,,,,
C,cpcell,FALSE,FALSE,CP cell,CP0 | CP1 | CP2 | CP3 | CP4 | CP5 | CP6 | CP7 | CP8 | CP9,,P2.aap P3.aapp P4.aapp P5.aapp P6.aapp P7.aapp P8.aapp P9.aapp P10.aapp P11.aapp,Male specific cells in ventral cord Male specific cells in ventral cord Male specific cells in ventral cord Male specific cells in ventral cord Male specific motor neurons in ventral cord Male specific motor neurons in ventral cord Male specific motor neurons in ventral cord Male specific motor neurons in ventral cord Male specific interneurons project into preanal ganglion Male specific interneurons project into preanal ganglion,TRUE,WBbt:0004887 | WBbt:0004888 | WBbt:0004889 | WBbt:0004891 | WBbt:0004893 | WBbt:0004895 | WBbt:0004897 | WBbt:0004899 | WBbt:0004901 | WBbt:0004903,FALSE,FALSE,,,,,
C,cpa,FALSE,FALSE,Cpa,,,,Term defines C yto P lasmic A ppearance alteration mutant or phenotype in early embryo.,FALSE,,FALSE,FALSE,,,,,
C,crawling,FALSE,FALSE,Crawling,,Gliding | Creeping,,"The typical undulating locomotory behavior displayed by most nematodes, including C. elegans when moving on a solid or semi-solid substrate (Crofton, 1971; Nicholas, 1975 ). C. elegans tends to crawl forward more often and more skillfully than backwards, except for adult males, which spend more time moving backwards. See Swimming",FALSE,,FALSE,FALSE,,,,,
C,cristae,FALSE,FALSE,Cristae,,,,The internal compartments formed by the inner membrane of a mitochondrion. The foldings of the membrane create a large surface area where the reactions for cellular respiration to take place. See Mitochondrion,FALSE,,FALSE,FALSE,,,,,
C,crossbridge,FALSE,FALSE,Cross bridge,,,,May refer to the cell body and lateral branches of the excretory canal process that connects the left side canal and right side canal into an “H” shape. The cross bridge also is the site of the secretory membrane at which the canal cell dumps its contents into the excretory duct and pore.,FALSE,,FALSE,FALSE,,,,,
C,crossover,FALSE,FALSE,Cross-over,Decussation,,,"The crossing of an axon across the midline is sometimes referred to as ""crossing-over"" although the usual term is decussation.",FALSE,,FALSE,FALSE,,,,,
C,crossprogeny,FALSE,FALSE,Cross progeny,,,,"Progeny that derive from a mating event between male and hermaphrodite parents and not from self-fertilization within the hermaphrodite, which are termed self-progeny.",FALSE,,FALSE,FALSE,,,,,
C,crossing,FALSE,FALSE,Crossing,,,,The deliberate production of cross-progeny by the mating of males and hermaphrodites. See Backcross See Outcross,FALSE,,FALSE,FALSE,,,,,
C,crumpledspicules,FALSE,FALSE,Crumpled spicules,,,,"A common deformity in the development of the spicules of the male tail as a result of certain mutations. This deformity generally causes male sterility. Whereas normal spicules are created as long straight rigid structures, supported by a keratinized outer cuticle, various mutations lead them to become malformed where they are shorter, bent or too pliable to function in mating behavior. See Spicule",FALSE,,FALSE,FALSE,,,,,
C,cryptobiosis,FALSE,FALSE,Cryptobiosis,,,,"The ability to survive for long periods of time in a metabolically inactive state, whether due to low oxygen, low temperature (including freezing), dessication or even high temperature, among others. This is different from diapause, but it would seem that larval stage animals are much better suited to survive cryptobiotic conditions than other stages or dauer animals. Similarly, in the laboratory, most mutant strains of C. elegans are best stored for long intervals (years) under liquid nitrogen as freshly starved L1-L2 larvae ( Stiernagle, 2006 ). Some nematode species are much better suited to long term cryptobiotic survival than C. elegans ( Nicholas, 1975 ).",FALSE,,FALSE,FALSE,,,,,
C,crystalloid,FALSE,FALSE,Crystalloid,,,,A category of free-floating cytoplasts found in the pseudocoelom of some nematodes (not known in C. elegans as yet) that accumulate high amounts of metal sulfides and some protein and carbohydrate into a granular objects.,FALSE,,FALSE,FALSE,,,,,
C,curl,FALSE,FALSE,Curl,,Curling,,"A distinctive posture of the male tail often seen in animals suspended in liquid medium, involving a deep bending on the ventral side. Adult males exposed to high serotonin levels exogenouosly often will curl and sometimes become frozen in this position ( Loer and Kenyon, 1993 ).",FALSE,,FALSE,FALSE,,,,,
C,cuticle,FALSE,FALSE,Cuticle,,,,"A rigid external coating which is secreted by the hypodermis, seam and some interfacial epithelial cells. It covers the outer body, the major openings into the body cavity ( mouth , excretory pore , rectum ) and two large sensory bristles, the male spicules . The cuticle of the spicules , the hook , and of some portions of the spicule channels is especially rigid and is probably sclerotized. Similar sclerotic features are occasionally noted in the ventral surface of the male tail fan, and are also seen at the three apices of the buccal cuticle, reinforcing the shape of the cuticle channels there. The adult cuticle is comprised of many distinct layers, not all of which may be evident in any one cross-section by electron microscopy . Larval and dauer cuticles may look substantially different. The dauer cuticle is relatively much thicker than other stages ( Kramer, 1997 ), as is the cuticle of very old adults ( Herndon et al., 2002 ). However, neither condition seems to involve the creation of extra layers, but just the thickening of certain sublayers. The cuticle of the buccal cavity and pharynx is qualitatively different from the body cuticle, lacking layers and forming a series of complex specializations, including the flaps , sieve and grinder . It is virtually separate from the body cuticle except for tenuous connections through the “bridging cuticle” (Hall, unpublished). For more detail see Page and Johnstone, 2007 and WormAtlas Hermaphrodite Cuticle and Dauer Cuticle sections. See Basal layer See Boundary zone See Channel See Cortical layer See Fibril layer See Molt See Matrix layer",FALSE,,FALSE,FALSE,,,,,
C,cuticlecollagens,FALSE,FALSE,Cuticle collagens,,,,"Those collagen proteins that are expressed in the nematode cuticle at some time during the animal’s development or adult life stages. Genes encoding collagen proteins are among the larger gene families within the C. elegans genome. Some collagens are not expressed in cuticle, but instead help to form the basal laminae of various tissues (for more detail see Page and Johnstone, 2007 ).",FALSE,,FALSE,FALSE,,,,,
C,cuticleflaps,FALSE,FALSE,Cuticle flaps,,,,"Three flaps extend inward from the lining of the buccal cuticle to restrict flow at the rear of the buccal cavity ( Wright and Thomson, 1981 ). These flaps extend from the pharyngeal muscle cells m1 and m2. They are made of specialized cuticle and appear very electron dense in thin section, suggesting a sclerotic hardening to stiffen the flaps and the entryway to the true pharynx.",FALSE,,FALSE,FALSE,,,,,
C,cuticlefurrows,FALSE,FALSE,Cuticle furrows,,,,Shallow circumferentially-oriented indentations in the cuticle. The ridges between furrows are the annuli. See Annuli,FALSE,,FALSE,FALSE,,,,,
C,cuticularnubbin,FALSE,FALSE,Cuticular nubbin,CN,,,See Nubbin,FALSE,,TRUE,FALSE,,,,,
C,cyk,FALSE,FALSE,Cyk,,Cytokinesis abnormal,,CY to K inesis defect. Term defines abnormality in the division of a cell into two daughter cells following mitosis.,FALSE,,FALSE,FALSE,,,,,
C,cytoneme,FALSE,FALSE,Cytoneme,,,,"Thin tapered processes extended by somatic sheath cell #1 over the surface of the unsheathed gonad, near the transition zone ( Hall et al., 1999 ; Hubbard and Greenstein, 2000 ).",FALSE,,FALSE,FALSE,,,,,
C,cytoplast,FALSE,FALSE,Cytoplast,Minicell,,,"A non-viable cell fragment which has broken off from a parent cell, or also it can be a residual fragment of a dead or dying cell. Cytoplasts most often contain no nuclear material, and thus cannot reproduce or maintain themselves ( Sulston and Horvitz, 1981 ). Other categories of cytoplasts may exist as exudates or waste products which assemble spontaneously outside of any cell, such as crystalloids in some species. See Bleb See Brush See Crystalloid",FALSE,,FALSE,FALSE,,,,,
C,cytosome,FALSE,FALSE,Cytosome,,,,"Archaic term for an organelle lying within a cell’s cytoplasm which might be either an endosome (membrane-bound) or a free granule, possibly comprised of yolk or lipid ( Popham and Webster, 1979 ).",FALSE,,FALSE,FALSE,,,,,
D,d,FALSE,FALSE,D,,D blastomere | D founder cell,P0.pppa,Embryonic founder cell. Gives rise to 20 somatic muscle cells and no other cell types.,TRUE,WBbt:0004873,FALSE,FALSE,,,,,
D,dmotorneurons,FALSE,FALSE,D motor neurons,,,,"Class D motor neurons are a subset of the ventral cord motor neurons which drive the bodywall muscles. They are postulated to serve as cross-inhibitors, causing muscle relaxation of bodywall muscles on the opposite side from the muscles undergoing strong contraction during the propagation of a sinusoidal body wave. This class includes VD and DD neurons. See DD neurons See VD neurons",FALSE,,FALSE,FALSE,,,,,
D,daneurons,FALSE,FALSE,DA neurons,DA1 | DA2 | DA3 | DA4 | DA5 | DA6 | DA7 | DA8 | DA9,,ABprppapaap ABplppapapa ABprppapapa ABplppapapp ABprppapapp ABplpppaaap ABprpppaaap ABprpapappp ABplpppaaaa,"Ventral cord ""dorsal A"" motor neurons, innervate dorsal muscles, and are cholinergic. Function in backward locomotion. Receive input from the driver interneuron AVA , modulator interneuron AVD and AVE . Send output to inhibitory VD neurons. See Locomotion circuit",TRUE,WBbt:0004857 | WBbt:0004858 | WBbt:0004859 | WBbt:0004861 | WBbt:0004863 | WBbt:0004865 | WBbt:0004867 | WBbt:0004869 | WBbt:0004871,FALSE,TRUE,wormbase_id,,,,
D,daf,FALSE,FALSE,daf,,,,DAuer Formation abnormal mutant See Dauer See Dauer constitutive See Dauer defective,FALSE,,FALSE,FALSE,,,,,
D,darkcoredvesicle,FALSE,FALSE,Dark-cored vesicle,,,,See Dense core vesicle,FALSE,,TRUE,FALSE,,,,,
D,dasneurons,FALSE,FALSE,DAS neurons,,AS motor neurons,,See AS cells,FALSE,,TRUE,FALSE,,,,,
D,dauer,FALSE,FALSE,Dauer,Dauer,larva,,"An alternative larval stage which C. elegans enters in preference to becoming an L2 larva when placed under conditions of environmental stress, low food supply, or crowding ( Cassada and Russell, 1975 ; Riddle, 1978 ). This stage has a longer, thinner body shape than the L2 larva, is less active, and able to cross physical barriers (by ignoring aversive stimuli) to escape its current conditions. The dauer larva has a closed mouth and does not feed. Its intestinal cells are filled with electron dense storage granules . Upon reaching more favorable conditions the dauer molts directly into the L3 stage and resumes normal development. A dauer larva can remain in this stage for four to eight times the normal 3-week life span of nondauer animals. It is covered cuticle , and most tissues may be reduced in volume. Mutants are available which increase ( DAuer Formation constitutive ; daf-c) or decrease ( DAuer Formation defective ; daf-d) entry to the dauer state, and some of these genes may be involved in producing longer lifespan. Alternatively, the “dauer larva” can also refer to an obligate L3 stage (in some species, an L2 stage) in many parasitic nematode species, which stall their development until they locate the necessary host to support final stages of differentiation ( Bird and Bird, 1991 ). Many of these dauers are known to adopt characteristic coiled postures, as well as ceasing to feed. See Hu, 2007 in WormBook for more detail. See Diapause See Lethargus",FALSE,,FALSE,FALSE,,,,,
D,dauerarrest,FALSE,FALSE,Dauer arrest,,,,"Refers to the state of arrested tissue development in the dauer larva. Whereas nematode tissues continuously grow and undergo progressive developmental advances throughout normal larval growth, the dauer larva enters a state of arrest in which no developmental changes occur, until the animal finds more suitable growing conditions, or until it spontaneously shifts back into a normal developmental schedule. This change back to normal growth is often called “exiting dauer” (arrest) or dauer recovery.",FALSE,,FALSE,FALSE,,,,,
D,dauerbehavior,FALSE,FALSE,Dauer behavior,,,,"Animals that have entered into the dauer state show several general changes in overt behavior. They stop their pharyngeal pumping, there is a modest decline in their rate of body motion, however, they exhibit a complex dispersal behavior. The dispersal behavior motivates the animal to move away from its present surroundings, ignoring aversive stimuli such as osmotic barriers, and to find a more attractive environment in which to resume normal growth. Dauers can often lie motionless and very straight, as if lacking normal muscle tone. However, they remain responsive to touch or chemical stimuli and can then move quickly. See Dispersal",FALSE,,FALSE,FALSE,,,,,
D,dauerconstitutive,FALSE,FALSE,Dauer constitutive,daf-c,,,"A mutant phenotype in which animals will spontaneously enter the dauer state even under favorable conditions for normal growth and development ( Riddle et al., 1981 ; Riddle and MacMorris, 1981 ). See Dauer defective",FALSE,,FALSE,FALSE,,,,,
D,dauercuticle,FALSE,FALSE,Dauer cuticle,,,,"The outer cuticle of the dauer larva is specialized to protect the animal during prolonged times of desiccation. The cuticle is much thicker than the normal L2 or L3 cuticle, with an added internal layer showing many parallel striations to form a dense rectangular meshwork which may strengthen the cuticle. The dauer larva is much more resistant to killing by detergent treatments such as 1% SDS, due in part to this tough cuticle. The dauer cuticle also displays characteristic alae along the lateral seam that are different from those of the L1 or adult animals. Early dauers typically also display at least a remnant portion of outer cuticle which is thought to represent a fragmentary L2 cuticle; this remnant is eventually lost without any change in the status of the dauer animal ( Cassada and Russell, 1975 ).",FALSE,,FALSE,FALSE,,,,,
D,dauerdefective,FALSE,FALSE,Dauer defective,daf-d,,,"A mutant phenotype where animals are unable to form dauer larva under conditions that would induce dauer formation in wild type animals( Riddle et al., 1981 ; Riddle and MacMorris, 1981 ).",FALSE,,FALSE,FALSE,,,,,
D,dauerdispersal,FALSE,FALSE,Dauer dispersal,,,,"The dispersal behavior motivates the dauer larva to move away from its present surroundings, ignoring aversive stimuli such as osmotic barriers, to find a more attractive environment in which to resume normal growth. This dispersal behavior makes dauers rather difficult to maintain on typical culture plates, since they will spontaneously crawl off to their deaths. Dauers can also stand upright on their tails from the substrate, waving in the air, a behavior which may also serve to aid the animal’s escape from starvation in nature by catching a ride on a passing insect or animal ( Cassada and Russell, 1975 ).",FALSE,,FALSE,FALSE,,,,,
D,dauerentry,FALSE,FALSE,Dauer entry,,,,The progression of developmental changes through which a larval animal becomes a dauer larva. See Dauer formation,FALSE,,FALSE,FALSE,,,,,
D,dauerexit,FALSE,FALSE,Dauer exit,,,,The resumption of normal development and behavior that occurs after a dauer larval molts into an L3 stage larva. See Dauer recovery,FALSE,,FALSE,FALSE,,,,,
D,dauerformation,FALSE,FALSE,Dauer formation,,Dauer entry,,"The developmental process through which a stressed L1 larva proceeds to enter into the dauer larva stage in preference to entering the normal L2 stage. A series of tissue changes is involved, including the shrinkage of most tissues to give the animal a darker, much thinner appearance and a higher specific gravity (see Cassada and Russell, 1975 ). The seam cells contract in width and a new thickened cuticle is produced.",FALSE,,FALSE,FALSE,,,,,
D,dauerpathway,FALSE,FALSE,Dauer pathway,,,,"A set of related genes whose sequential expression controls the decision to force the animal to develop into a dauer larva in preference to the normal L2 stage. Mutations in some of these genes can redirect this decision process to force all animals to enter the dauer stage (dauer constitutive) or to prevent all animals from entering dauer (dauer defective), irrespective of the environmental signals.",FALSE,,FALSE,FALSE,,,,,
D,dauerrecovery,FALSE,FALSE,Dauer recovery,Dauer,exit,,"A process through which a dauer larva reverts to normal developmental programs ( Cassada and Russell, 1975 ). This process can be stimulated by the animal finding a suitable environment (a fresh food supply, for instance) or can sometimes occur spontaneously. A series of steps occurs, including the resumption of pharyngeal pumping, an increase in body motions, a swelling of the body volume to about the diameter of a normal juvenile L2, the shedding of the dauer cuticle, and after the cuticle is shed, a rapid resumption of longitudinal growth. See Dauer arrest",FALSE,,FALSE,FALSE,,,,,
D,dauerresistance,FALSE,FALSE,Dauer resistance,,,,"Dauer larva are much more successful in living at extreme conditions, such as high or low temperatures (outside the normal range of 15-25 o C), the presence of dilute acids, detergents, anesthetics, or even fixatives. This resistance is due in part to their thickened cuticle, but also to their greatly reduced pharyngeal pumping, both of which combine to deny access of toxic agents to the internal tissues ( Cassada and Russell, 1975 ). See Cryptobiosis See Diapause",FALSE,,FALSE,FALSE,,,,,
D,dbneurons,FALSE,FALSE,DB neurons,DB1 | DB2 | DB3 | DB4 | DB5 | DB6 | DB7,DB motor neurons,ABplpaaaapp ABarappappa ABprpaaaapp ABprpappapp ABplpapappp ABplppaappp ABprppaappp,"Ventral cord ""dorsal B"" motor neurons, innervate dorsal muscles and are cholinergic. Function in forward locomotion. Receive input from the driver interneuron PVC and modulator interneuron AVB . Send output to inhibitory VD neurons. See Locomotion circuit",TRUE,WBbt:0004840 | WBbt:0004841 | WBbt:0004842 | WBbt:0004843 | WBbt:0004844 | WBbt:0004845 | WBbt:0004846,FALSE,TRUE,wormbase_id,,,,
D,dband,FALSE,FALSE,D band,D zone,,,See Z band,FALSE,,TRUE,FALSE,,,,,
D,dc,FALSE,FALSE,DC,,,,Dorsal cord See Dorsal cord,FALSE,,FALSE,FALSE,,,,,
D,ddneurons,FALSE,FALSE,DD neurons,DD1 | DD2 | DD3 | DD4 | DD5 | DD6,DD motor neurons,ABplppappap ABprppappap ABplppapppa ABprppapppa ABplppapppp ABprppapppp,"Ventral cord ""dorsal D"" motor neurons , function as reciprocal inhibitors during sinusoidal movement of the animal. Receive input from VA , VB and VC class motor neurons. Contain GABA as neurotransmitter. Change their pattern of motor synapses during postembryonic development from ventral to dorsal. See VD cells See Locomotion circuit",TRUE,WBbt:0004824 | WBbt:0004825 | WBbt:0004826 | WBbt:0004837 | WBbt:0004838 | WBbt:0004839,FALSE,TRUE,wormbase_id,,,,
D,de1de8,FALSE,FALSE,DE1-DE8,Dorsal,eight,DE1 Z1.papaaa Z4.apaaaa DE2 Z1.papaap Z4.apaaap DE3 Z1.papapa Z4.apaapa DE4 Z1.papapp Z4.apaapp DE5 Z1.pappaa Z4.apapaa DE6 Z1.pappap Z4.apapap DE7 Z1.papppa Z4.apappa DE8 Z1.papppp Z4.apappp,"A set of eight blast cells at an intermediate stage in uterine development. They are the great-grand progeny derived from the DU precursor, and come to lie together along the dorsal surface of the gonad primordium. Each undergoes similar stereotyped cell divisions to give rise to epithelial and muscle cells of the mature gonad.",TRUE,WBbt:0003371 | WBbt:0003378 | WBbt:0003520 | WBbt:0007610 | WBbt:0007611 | WBbt:0007619 | WBbt:0007622 | WBbt:0007625 | WBbt:0007626 | WBbt:0007760 | WBbt:0007761 | WBbt:0007764 | WBbt:0007768 | WBbt:0007771 | WBbt:0007775 | WBbt:0007776,FALSE,FALSE,,,,,
D,decontamination,FALSE,FALSE,Decontamination,,,,"A procedure for cleaning a nematode strain to separate the desirable animals from a strain of bacteria which may be detrimental to maintenance of the culture, or detrimental to study of the nematode in isolation from its food source. Some bacterial strains are particularly difficult for the nematode to consume, or build into sticky masses on the culture plate which interfere with mating, etc. Decontamination procedures can range from simple: moving viable worms away from the offending bacteria and onto a “clean” plate; to the severe: killing all bacteria by bleaching and recovering the nematode strain from surviving eggs or dauer larvae.",FALSE,,FALSE,FALSE,,,,,
D,decussation,FALSE,FALSE,Decussation,Midline,crossing,,Crossing over of neuron processes or nerve bundles to the contralateral side.,FALSE,,FALSE,FALSE,,,,,
D,deepventralbend,FALSE,FALSE,Deep ventral bend,,,,"A characteristic body posture often adopted by the animal at the onset of a reversal. This motion is very similar to an omega turn, except that the latter always includes direct contact of the head and body during the turn ( Miller et al., 2005 ). The animal simultaneously contracts all ventral bodywall muscles along the midbody to perform this bend, bringing the head to a position almost in reverse to its previous direction of motion. A similar sharp bending of the posterior ventral body muscles often occurs in the male while searching for the vulva of the hermaphrodite; he performs this bend when reversing direction while traveling in close contact with the hermaphrodite’s body. See Omega turn See Reversal",FALSE,,FALSE,FALSE,,,,,
D,defasiculation,FALSE,FALSE,Defasciculation,,,,Debundling of neuron processes.,FALSE,,FALSE,FALSE,,,,,
D,defecationmotorprogram,FALSE,FALSE,Defecation motor program,DMP,Defecation cycle,,"In C. elegans, defecation occurs approximately every 45 seconds and through a stereotyped sequence of muscle contractions. This sequence of events includes posterior body contraction (pBoc), relaxation, anterior body contraction (aBoc), expulsion of gut contents by enteric muscle contraction (Emc) and opening of anus (Exp), and intercycle period. In the male, the control of anal seal differs dramatically from the hermaphrodite, otherwise DMP is similar to that of hermaphrodite's ( Avery and Thomas 1997 ). Bodywall muscles, intestinal muscles, the anal depressor muscle, the anal sphincter muscle and the AVL and DVB neurons all work together to carry out defecation.",FALSE,,FALSE,FALSE,,,,,
D,definedmedium,FALSE,FALSE,Defined medium,,,,"An axenic medium in which all components can be separately listed and identified; many axenic media have included additives such as “liver extract” that are sufficient to grow nematodes for many generations, but where the exact chemical nature of some additive(s) is uncertain. If a defined medium consists entirely of well-defined chemicals, it is termed a holidic medium; if it includes one tissue extract, it is termed a meridic medium. Defined media for raising nematodes were reviewed in detail by Nicholas (1975). See Axenic medium See Holidic medium See Meridic medium See Xenic medium",FALSE,,FALSE,FALSE,,,,,
D,degenerin,FALSE,FALSE,Degenerin,,,,"A name applied to several unrelated families of channel-forming proteins, which when mutated can cause a necrotic cell death within hours after gene expression ( Chalfie and Wolinsky, 1990 ; Shreffler et al., 1995 ; Hall et al., 1997 ; Chelur et al., 2002 ). Certain dominant mutations apparently interfere with normal channel gating, leading to a catastrophic leak of ions across the plasma membrane and eventual cell toxicity.",FALSE,,FALSE,FALSE,,,,,
D,deirid,FALSE,FALSE,Deirid,Lateral,sensillum,,"Two pairs of specialized sensory papillae one of which lies along the left and right side of the head, at the back of the pharynx, at the same level as the excretory pore (anterior deirid) and the other lies along the posterior half of the body (posterior deirid).",FALSE,,FALSE,FALSE,,,,,
D,dendrite,FALSE,FALSE,Dendrite,,,,"A neuronal process that is specialized in morphology and/or position to receive synaptic inputs, or that connects a sensory cilium to the cell body. In higher animals, most neurons are specialized to have one major axon that forms many synapses onto downstream target muscles or neurons, and many dendrites which receive synaptic or sensory input. Nematode neurons have simpler anatomy and most neuronal processes share dual functions (axon and dendrite) and are more properly termed “neurites”. Among the neurons that have dendrites in the nematodes are amphid neurons and some other head sensory neurons.",FALSE,,FALSE,FALSE,,,,,
D,densebody,FALSE,FALSE,Dense body,,Z disc | Z body,,"This is a specialized form of hemi-adherens junction found in nematode muscles that acts as the attachment plaque for thin filaments onto the cell membrane. It forms the basis for organizing the bodywall muscles into obliquely striated muscles. The dense body in bodywall muscles is especially large, indenting far into the cytoplasm to border each sarcomere, thus providing a long row of coherent attachment sites at regular intervals. Other muscle types in C. elegans have smaller dense bodies or only dense plaques that usually fail to extend away from the cell membrane, but consist of very thick hemi-adherens junctions. The dense body is also connected across the cell membrane to the underlying basal lamina and to the hypodermis and cuticle, acting as a site of anchorage for muscle to the bodywall and exoskeleton of the animal. This intercellular attachment may represent a category of “focal adhesion” . See Dense plaque See Focal adhesion See Hemi-adherens junction See Z disc",FALSE,,FALSE,FALSE,,,,,
D,densecorevesicle,FALSE,FALSE,Dense core vesicle,DCV,Dark-cored vesicles,,"A class of membrane-bound vesicles found inside neurons, gland cells, and some epithelial cells in which the central core appears darkly stained when viewed in thin section by electron microscopy. Vesicle populations can differ widely in diameter and in contents, according to their functions, and perhaps subject to changes in fixation and staining protocols. Dense core vesicles have sometimes been associated with neuropeptides in higher animals, but little is known about their contents in C. elegans . In C. elegans , only a few neurons have prominent dense core vesicles as their primary vesicle type (e.g. NSM , HSN ). In most amphid neurons, they co-exist with the more ubiquitous, electron-lucent, 35 nm, synaptic-like vesicles. The sizes of DCV's in C. elegans vary from 37 nm (e.g. in ASE neuron) to 53 nm (e.g. in ASK neuron) ( White et al., 1986 ). Excretory glands contain very large dense core vesicles, while some sheath cells and hypodermal cells sometimes have smaller dense core vesicles. See Vesicle",FALSE,,FALSE,FALSE,,,,,
D,denseplaque,FALSE,FALSE,Dense plaque,,Attachment plaque,,"A modified form of the dense body that forms where two adjoining bodywall muscle cells meet at their lateral membranes. At normal dense bodies within a single muscle, two myofilament lattices extend away in opposite directions within the cell, kept in alignment through the strong adherence to the dense body. At dense plaques, the two myofilament lattices within two adjoining bodywall muscles extend away from either side of the plaque, thus causing the sarcomeres of adjoining cells to be in rigid alignment. Many other muscles cells in the nematode have dense plaques rather than dense bodies organizing their myofilament lattice, and only form one sarcomere per cell, rather than forming multiple sarcomeres in a striated pattern. The dense plaque is also connected across the cell membrane to the underlying basal lamina and often to the hypodermis and cuticle, acting as a site of anchorage for muscle to the bodywall and exoskeleton of the animal. See Dense body",FALSE,,FALSE,FALSE,,,,,
D,depressorani,FALSE,FALSE,Depressor ani,Anal,depressor muscle,,See Anal depressor muscle,FALSE,,TRUE,FALSE,,,,,
D,desmosome,FALSE,FALSE,Desmosome,,,,"Desmosomes are adhesive intercellular junctions that anchor the intermediate filament network to the plasma membrane. They function both as an adhesive complex and as a cell-surface attachment site for intermediate filaments, and hence integrate the intermediate filament cytoskeleton between cells and play an important role in maintaining tissue integrity. Hemidesmosomes are similar in morphology to halves of desmosomes and function as an anchoring junction of the cell to a non-cellular substrate . In C. elegans , hemidesmosomes within hypodermis (also called fibrous organelles) function to anchor muscle sarcomere to exoskeleton (cuticle) and allow for transmission of muscle tension laterally to the cuticle ( Hahn and Labouesse, 2001 ). Unlike tight junctions (zona occludentes) where adjacent cell membranes appear to form a tight seal, in both desmosomes and hemidesmosomes, adjacent cell membranes are visibly separated and the gap is filled with dense fibrous material. Note that in early C. elegans literature the term ""desmosome"" was used in reference to several forms of adherens or septate junctions, but is now considered an invalid term. “Belt desmosomes” referred to zonula adherens junctions that mark the lateral borders of many epithelial cells where they surround a lumen, as in the intestine. See Adherens junction See Fibrous organelle See Hemidesmosomes See Septate junction",FALSE,,FALSE,FALSE,,,,,
D,developmentalarrest,FALSE,FALSE,Developmental arrest,,,,"An abnormal stoppage of normal tissue development due to adverse environmental factors (starvation, crowding, anoxia) or a genetic defect. Arrest often takes place at characteristic times in the cell cycle, or due to the lack of a key regulatory signal required to stimulate further morphogenetic steps. If arrest occurs during early or late embryogenesis, it is called an ""embryonic arrest"" and is lethal. Alternatively, postembryonic development (i.e. postembryonic cell division) can be arrested in the newly hatched L1 larva in the absence of food. Arrested L1 animals are viable for up to 6 days. When they are placed in the presence of food, postembryonic development resumes normally in these animals ( Hong et al., 1998 ). Similarly, the dauer larva is a morphologically specialized and developmentally arrested third-stage larva that can survive four to eight times the 3-week life span of animals that have bypassed the dauer stage. The developmental choice to enter the dauer stage is temporally and environmentally controlled. See Dauer",FALSE,,FALSE,FALSE,,,,,
D,devitellinizedembryo,FALSE,FALSE,Devitellinized embryo,,,,An early embryo in which the lipid layer (as well as the eggshell) has been physically dissected or otherwise removed from the specimen. See Lipid layer,FALSE,,FALSE,FALSE,,,,,
D,diagonalmuscle,FALSE,FALSE,Diagonal muscle,,,,"Specialized muscles that develop only in the adult male tail, lying lengthwise along the ventral bodywall in association with the two ventral quadrants of bodywall muscles. These muscles contract during copulation behaviors, helping to flex the male tail in a ventral bend to bring the copulatory bursa into contact with the shape of the hermaphrodite’s body.",FALSE,,FALSE,FALSE,,,,,
D,dapi,FALSE,FALSE,4'-6-Diamidino-2-phenylindole,DAPI,,,"A chemical stain for nuclei which is commonly used in fixed specimens and produces a bright blue label . DAPI forms fluorescent complexes with natural double-stranded DNA, showing a fluorescence specificity for AT, AU and IC clusters. See Anatomical methods See Excitation-emission spectrum for DAPI",FALSE,,FALSE,FALSE,,,,,
D,diapause,FALSE,FALSE,Diapause,,L1 diapause,,"An obligate state of arrested development or quiescence, especially common among various parasitic nematode species. Animals may go into diapause at a particular season, or upon reaching a certain stage in development, after which they await a particular signal to exit and resume development ( Bird and Bird, 1991 ). The exit signal may be a change in environment, the passage into an obligate host, etc. C. elegans enters diapause if it is starved at the time of hatching ( Baugh and Sternberg, 2006 ; Fukuyama et al., 2006 ). In laboratory culture, starved plates typically accumulate animals in L1 diapause and in the dauer stage. This developmental arrest continues until the animals are fed again. Insulin signaling appears to regulate a stop in the cell cycle during diapause, as daf-2 mutants go into L1 diapause constitutively, even when fed ( Baugh and Sternberg, 2006 ; Vowels and Thomas, 1992 ). See Cryptobiosis See Dauer",FALSE,,FALSE,FALSE,,,,,
D,dicmicroscopy,FALSE,FALSE,DIC microscopy,Nomarski,microscopy,,"Differential interference contrast imaging. This type of micrscopy is used to visualize transparent structures in phase microscopy. This is achevied by visualizing in phase microscopy and taking advanatage of the different refractive indexes within the sample. As the samples do not need to be stained or fixed for visualization, DIC microscopy is particularly suited for time lapse observations of live cells and animals . For methods see Shaham, 2006 .",FALSE,,FALSE,FALSE,,,,,
D,dictyosome,FALSE,FALSE,Dictyosome,,Golgi apparatus,,The small membrane saccules of the Golgi apparatus .,FALSE,,FALSE,FALSE,,,,,
D,didelphic,FALSE,FALSE,Didelphic,,,,"Having two a two-armed gonad as is the case for C. elegans hermaphrodites, but not males which are always monodelphic. Evolutionary diversification has resulted in female monodelphy as well (See Sommer, 2005 ). See Amphidelphic See Monodelphic",FALSE,,FALSE,FALSE,,,,,
D,dilatedcisternae,FALSE,FALSE,Dilated cisternae,,,,"A cytoplasmic feature noted in some neuron cell bodies which have been used to differentiate between two classes of sense cells in the lumbar ganglia of the male tail ( Sulston et al., 1980 ). By comparison to more recent fixations, these cisternae appear to correspond to rough endoplasmic reticulum ; thus the dilations appear to be swellings between leaflets of the RER. See Cistern / Cisternae See Rough endoplasmic reticulum",FALSE,,FALSE,FALSE,,,,,
D,dilatormuscle,FALSE,FALSE,Dilator muscle,,Dilator ani | Anal dilator muscle | Rectal muscle | Anal sphincter | Rectal sphincter muscle,,See Anal sphincter muscle,FALSE,,TRUE,FALSE,,,,,
D,dil,FALSE,FALSE,"1,1-dioctadecyl-3,3,3,3- tetramethyl indocarbocyanine",DiI,,,"A vital, lipophilic fluorescent dye (observed through the rhodamine filter) that is used to stain certain sensory neurons with endings open to outside in C. elegans . These neurons are: ASK , ADL , ASI , AWB , ASH and ASJ in the head and PHA and PHB in the tail . See Anatomical methods See Dye filling defective",FALSE,,FALSE,FALSE,,,,,
D,dio,FALSE,FALSE,"3,3'-dioctadecyl oxacarbocyanine perchlorate",DiO,,,"A vital, lipophilic fluorescent dye (observed through the orange/yellow- FITC filter) that is used to stain certain sensory neurons with endings open to outside in C. elegans . These neurons are: ASK , ADL , ASI , AWB , ASH and ASJ in the head and PHA and PHB in the tail . See Anatomical methods See Dye filling defective",FALSE,,FALSE,FALSE,,,,,
D,dioecious,FALSE,FALSE,Dioecious,,,,"A sexual reproduction method in which there are separate male and female individuals in the population that generate sperm and oocytes respectively. C. elegans , which has males and hermaphrodites, are considered a dioecious species. See Amphimictic See Andric index See Automictic See Gonochoristic See Thelytoky",FALSE,,FALSE,FALSE,,,,,
D,dsic,FALSE,FALSE,Disc,,,,"A thin electron dense cytoplasmic specialization found at the distal end of the IL1 cilium, closely bound to a ring of microtubules; may be part of a sensory apparatus where the cilium terminates just under the cuticle.",FALSE,,FALSE,FALSE,,,,,
D,dishabituation,FALSE,FALSE,Dishabituation,,,,"A rapid behavioral change in which an animal quickly recovers from a habituated state to a stimulus. This change can be caused by a brief train of electric shocks or another strong noxious stimulus (See Rankin’s description in Hart, 2006 ). See Habituation See Tap response",FALSE,,FALSE,FALSE,,,,,
D,dispersal,FALSE,FALSE,Disperse/Dispersal,,,,An elementary behavior in which animals tend to move apart from one another when faced with crowded or aversive conditions in the absence of food. This is the opposite from aggregation. See Aggregation See Nictation See Social feeding,FALSE,,FALSE,FALSE,,,,,
D,distal,FALSE,FALSE,Distal,Proximal,,,Lying farther away from the center or origin of a structure or a reference point.,FALSE,,FALSE,FALSE,,,,,
D,distalarm,FALSE,FALSE,Distal arm,,,,That portion of the hermaphrodite gonad lying farthest from the vulva and uterus; usually referring to the portion lying past the “loop”. The portion lying closer to the vulva is known as the “proximal arm”.,FALSE,,FALSE,FALSE,,,,,
D,distaltipcell,FALSE,FALSE,Distal tip cell,DTC,Gonadal leader | Cap cell,,A somatic cell with several important functions within the gonad (ovary); it lies at the distal tip of the germline in the hermaphrodite. The cell performs a “ leader function ” as it guides and shapes the outgrowth of the mitotic germ cells by squeezing on the most distal germ cells while crawling along the bodywall to force the germline to extend into a long tubular shape. It also secretes the LAG-2 signal that influences nearby germ cells to remain in mitosis in the ovary. This cell follows an alternate fate in the male gonad as the male DTCs do not migrate; this function is fulfilled by the male linker cell . See Anchor cell See Linker cell,FALSE,,FALSE,FALSE,,,,,
D,diverticulum,FALSE,FALSE,Diverticulum,,,,See Cecum/Ceca,FALSE,,TRUE,FALSE,,,,,
D,dmneuron,FALSE,FALSE,DM neuron,,,,RMED cell,TRUE,WBbt:0005027,FALSE,TRUE,wormbase_id,,,,
D,dnc,FALSE,FALSE,DNC,,,,Dorsal nerve cord See Dorsal cord,FALSE,,FALSE,FALSE,,,,,
D,dockedvesicle,FALSE,FALSE,Docked vesicle,,,,"A synaptic vesicle that has become linked to the active zone at the pre-synaptic membrane of a synapse. Once docked, the vesicle becomes “primed” for fusion to the membrane in order to release the vesicle contents into the extracellular cleft of a synapse.",FALSE,,FALSE,FALSE,,,,,
D,docking,FALSE,FALSE,Docking,,,,"The process through which a synaptic vesicle becomes ready for membrane fusion at an active zone of a synapse, presumably by attaching to some component of the presynaptic density or the presynaptic membrane. See Richmond, 2005 for more detail.",FALSE,,FALSE,FALSE,,,,,
D,dorsal,FALSE,FALSE,Dorsal,,,,The upper or back side of an animal.,FALSE,,FALSE,FALSE,,,,,
D,dorsalclosure,FALSE,FALSE,Dorsal closure,,Dorsal intercalation,,"An event occurring during embryogenesis, after gastrulation, in which the hypodermis stretches across the dorsal side of the embryo to fuse and fully enclose the embryo in a full tube of hypodermis. See Chisholm and Hardin, 2005 for more detail.",FALSE,,FALSE,FALSE,,,,,
D,dorsalcoiler,FALSE,FALSE,Dorsal coiler,,,,See Coiler,FALSE,,TRUE,FALSE,,,,,
D,dorsalcord,FALSE,FALSE,Dorsal cord,DC or | DNC (in case of neuronal definition),,,"This term can refer to either of two anatomical structures: 1) A longitudinal nerve tract that runs on the left side of the dorsal hypodermal ridge in C. elegans. Dorsal cord is made of processes of ventral cord motor neurons that send commissures to the dorsal side, as well as processes of certain head and tail neurons. Dorsal cord itself contains no associated cell bodies along its length. 2) Less frequently it refers to the dorsal hypodermal cord (i.e., dorsal hypodermal ridge ). See Dorsal hypodermal ridge See Hypodermal ridge See Nerve See Ventral cord",FALSE,,FALSE,FALSE,,,,,
D,dorsaleight,FALSE,FALSE,Dorsal eight,,,,See DE1-DE8,FALSE,,TRUE,FALSE,,,,,
D,dorsalganglion,FALSE,FALSE,Dorsal ganglion,,,,"The dorsal ganglion lies beside the nerve ring in the head. It contains neuron cell bodies that send their neuronal processes into the ring and longitudinal nerves, but form no local neuropil separate from the nerve ring. The dorsal ganglion is in close contact with the dorsal hypodermal cord.",FALSE,,FALSE,FALSE,,,,,
D,dorsalhypodermalridge,FALSE,FALSE,Dorsal hypodermal ridge,,,,The smallest of the four principal hypodermal ridges running along the length of the body from the nose to the tail. The dorsal ridge contains no nuclei but is syncytial with the larger lateral ridges. See Dorsal cord See Hypodermal ridge,FALSE,,FALSE,FALSE,,,,,
D,dorsalnervecord,FALSE,FALSE,Dorsal nerve cord,DNC,Dorsal cord,,See Dorsal cord,FALSE,,TRUE,FALSE,,,,,
D,dorsalray,FALSE,FALSE,Dorsal ray,,,,"Any ray in the male tail that opens to the outside on the dorsal surface of the fan; the pattern of these opening is highly stereotyped, such that certain rays always open dorsally (rays 1, 5 and 7), others ventrally (rays 2, 4 and 8), and a few at the lateral margin of the fan (rays 2 and 9). See Ray",FALSE,,FALSE,FALSE,,,,,
D,dorsalsublateralcord,FALSE,FALSE,Dorsal sublateral cord,DSL,,,"Left and right sided longitudinal nerve tracts that run between the dorsal cord and the tracts formed by ALM / ALN neurons. It is formed by the processes of SIAD , SIBD , SMBD , SMDD and SDQ neurons. See Cord",FALSE,,FALSE,FALSE,,,,,
D,dorsaluterus,FALSE,FALSE,Dorsal uterus,DU,,,Twenty eight cells (14 per gonad arm) that are born in two homologous lineages to contribute to more dorsal aspects of the uterine epithelium.,FALSE,,FALSE,FALSE,,,,,
D,dorsalventralaxis,FALSE,FALSE,Dorsal-ventral axis,,,,Describes a theoretical plane of projection along the length of the animal congruent to the dorsal and ventral midlines.,FALSE,,FALSE,FALSE,,,,,
D,dorsolateralcommissure,FALSE,FALSE,Dorso-lateral commissure,,,,"A bilateral pair of minor commissures in the tail between the dorsal cord and the lumbar ganglia. In the C. elegans hermaphrodite it carries the axons of DA8 (left side) and DA9 (right side), but may include more processes in the adult male. See Commissure See Lumbar commissure",TRUE,WBbt:0004857 | WBbt:0004858,FALSE,TRUE,wormbase_id,,,,
D,dorsorectalcommissure,FALSE,FALSE,Dorso-rectal commissure,Rectal,commissure,,"A bilateral pair of minor commissures in the tail between the dorso-rectal ganglion and the preanal ganglion, traveling alongside the left and right sides of the rectum in close apposition to rectal hypodermis and the anal depressor muscle. These commissures are formed by processes of three neurons; DVA , DVB and DVC . DVA neuron's process travels from the right side whereas those of DVB and DVC travel from the left side.",FALSE,,FALSE,FALSE,,,,,
D,dorsorectalganglion,FALSE,FALSE,Dorso-rectal ganglion,DRG,Dorsorectal ganglion | Dorsal-rectal ganglion,,"The dorso-rectal ganglion lies above and behind the rectum in the tail, in close continuity with the anal hypodermal ridge. It contains 3 neuron cell bodies ( DVA , DVB and DVC ) that send their neuronal processes into the ventral nerve cord via dorso-rectal commissures that encircle the anus. The ganglion contains no local neuropil in the hermaphrodite. In the adult male tail, this ganglion gains additional neurons and some local neuropil. See Dorso-rectal commissure",FALSE,,FALSE,FALSE,,,,,
D,dorsoventralguidance,FALSE,FALSE,Dorso-ventral guidance,,,,"Describes a mechanism by which cells or cell processes grow along the bodywall, either towards the dorsal or the ventral midline, usually following “circumferential” paths.",FALSE,,FALSE,FALSE,,,,,
D,dosagecompensation,FALSE,FALSE,Dosage compensation,,,,"The mechanism by which an organism compensates for unequal numbers of X chromosomes between the sexes so that somatic cells of either sex express equal levels of X-linked gene products. There are diverse strategies employed by different species to achieve dosage compensation. In C. elegans , males have one X (XO) and females have two (XX). A protein complex binds both X chromosomes of hermaphrodites and reduces transcript level by half. See Meyer, 2005 for more information. See Sex determination",FALSE,,FALSE,FALSE,,,,,
D,dot,FALSE,FALSE,Dot,,,,See Ring and dot,FALSE,,TRUE,FALSE,,,,,
D,doublemutant,FALSE,FALSE,Double mutant,,,,"An animal that carries two separate mutant alleles within its genotype. See Fay, 2006 for construction methods.",FALSE,,FALSE,FALSE,,,,,
D,dpy,FALSE,FALSE,dpy,,,,See Dumpy,FALSE,,TRUE,FALSE,,,,,
D,dsl,FALSE,FALSE,DSL,,,,See Dorsal sublateral cord,FALSE,,TRUE,FALSE,,,,,
D,du,FALSE,FALSE,du cell,du,,,"Dorsal uterine cell, which is formed by the fusion of four cells. Should not be confused with DU cell (see below).",TRUE,WBbt:0006782,FALSE,FALSE,,,,,
D,ducell,FALSE,FALSE,DU cell,Dorsal,uterine precursor,,A blast cell. Should not be confused with du cell (see above).,TRUE,WBbt:0006781,FALSE,FALSE,,,,,
D,ductcell,FALSE,FALSE,Duct cell,,,,See Excretory duct cell,FALSE,,TRUE,FALSE,,,,,
D,Dumpy,TRUE,FALSE,DumPY,dpy,,,"Common mutant phenotype in which the body is short and somewhat fat . Dumpy animals differ from small ( sma ) mutants, which produce “miniature” animals that are very short and not fattened ( Savage et al., 1996 , Zimmerman and Padgett, 2000) . Some Dpy animals are also rollers . Dumpy phenotypes are often caused by defects in cuticle collagen genes ( Page and Johnstone, 2007 ) or dosage compensation genes ( Meyer, 2005 ).",FALSE,,FALSE,FALSE,,,,,
D,dva,FALSE,FALSE,DVA,,,ABprppppapp,Ring interneuron located in dorso-rectal ganglion. Has a large vesicle-filled process in ring.,TRUE,WBbt:0004823,FALSE,TRUE,wormbase_id,,,,
D,dvb,FALSE,FALSE,DVB,,,K.p,"An excitatory GABAergic motor neuron located in dorso-rectal ganglion. Makes a neuromuscular junction with the anal depressor muscle. Together with the AVL neuron, DVB is involved in activation of the expulsion muscle contraction step in defecation motor program.",TRUE,WBbt:0004822,FALSE,TRUE,wormbase_id,,,,
D,dvc,FALSE,FALSE,DVC,,,Caapaa,Ring interneuron located in dorso-rectal ganglion.,TRUE,WBbt:0004821,FALSE,TRUE,wormbase_id,,,,
D,dve,FALSE,FALSE,DVE,,,B.ppap,Male specific neuron,TRUE,WBbt:0004820,FALSE,FALSE,,,,,
D,dvf,FALSE,FALSE,DVF,,,B.ppppa,Male specific neuron,TRUE,WBbt:0004819,FALSE,FALSE,,,,,
D,dwellingbehavior,FALSE,FALSE,Dwelling behavior,,,,"A behavioral state in which the nematode often stops, reverses or turns, and moves at low speed, tending to remain in the same general area on the culture plate ( Cheung et al., 2005 ).",FALSE,,FALSE,FALSE,,,,,
D,dx,FALSE,FALSE,DX1/2 DX1/2 DX3/4 DX3/4,,,F.lvda F.rvda U.laa U.raa,"Male specific neurons, darkly staining cell bodies in preanal ganglion, processes penetrate basement membrane and contact muscles.",TRUE,WBbt:0004805 | WBbt:0004806 | WBbt:0004817 | WBbt:0004818,FALSE,FALSE,,,,,
D,dyadicsynapse,FALSE,FALSE,Dyadic synapse,,,,"In many portions of the C. elegans nervous system, this is the most common form of synapse, with one presynaptic process contacting two other postsynaptic processes simultaneously at one place; A --> B+C. It is also the most common form of neuromuscular junction (NMJ). See Monadic synapse See Triadic synapse",FALSE,,FALSE,FALSE,,,,,
D,dyefillingdefective,FALSE,FALSE,DYe Filling defective,dyf,,,"A mutant phenotype in which vital dyes such as FITC, DIL and DIO fail to fill the sensory neurons that are open to outside and are normally stained by incubation of the animal in these dyes ( Starich et al., 1995 ; Hedgecock et al., 1985 ).",FALSE,,FALSE,FALSE,,,,,
D,dynein,FALSE,FALSE,Dynein,,,,"A microtubule-based motor protein, which is generally specialized to carry cargoes towards the minus-end of the microtubule. See Kinesin",FALSE,,FALSE,FALSE,,,,,
E,E,TRUE,FALSE,"E, E 2 , E 4 , E 8 , E 16 , E 20",,,,"These descriptors are used to designate developmental stages in intestine organogenesis during which the intestinal primordium consists of the founder cell E, then 2 E daughter cells, 4 E, 8 E, 16 E and 20 E daughter cells, etc. In this intestinal cell lineage , all daughters of E blastomere become intestinal cells.",FALSE,,FALSE,FALSE,,,,,
E,eblastomere,FALSE,FALSE,E blastomere,E founder,cell,,The primordial embryonic cell that gives rise to the intestine and no other cell types.,TRUE,WBbt:0004804,FALSE,FALSE,,,,,
E,ecell,FALSE,FALSE,E cell,U,cell | Postembryonic E ectoblast,,"Former name (e.g. in Sulston and Horvitz, 1977 ) of one of the rectal epithelial cells. Later renamed as U cell . Terminally differentiated in the hermaphrodite tail, but acts as a blast cell in the male. See U cell",TRUE,WBbt:0004942,FALSE,TRUE,wormbase_id,,,,
E,ecells,FALSE,FALSE,e cells,e1D | e1VL | e1VR | e2DL | e2DR | e2V | e3D | e3VL | e3VR,,ABaraaaapap ABaraaaaaaa ABaraaaaapa ABalpaapaap ABaraaapaap ABalpappapa ABaraapaaaa ABalpaaaaaa ABarapaaaaa,Pharyngeal epithelial cells .,TRUE,WBbt:0003701 | WBbt:0004544 | WBbt:0004546 | WBbt:0004548 | WBbt:0004550 | WBbt:0004552 | WBbt:0004554 | WBbt:0004555 | WBbt:0004556,FALSE,TRUE,wormbase_id,,,,
E,eneuron,FALSE,FALSE,e neuron,,ASE,,See ASE cell,FALSE,,TRUE,FALSE,,,,,
E,earlyendosome,FALSE,FALSE,Early endosome,,,,"A category of endosome likely to be involved in endocytosis and recycling of materials, but not yet well established histologically in C. elegans . See Endosome",FALSE,,FALSE,FALSE,,,,,
E,eccritictemperature,FALSE,FALSE,Eccritic temperature,,,,"The temperature at which a group of animals tends to accumulate preferentially; it is often related to the temperature at which the animals have become previously acclimatized. C. elegans individuals can show very acute selectivity for this preferred temperature ( Hedgecock and Russell, 1975 ).",FALSE,,FALSE,FALSE,,,,,
E,ecdysis,FALSE,FALSE,Ecdysis,,,,This term encompasses both the processes of molting and exsheathment. See Molt See Exsheathment,FALSE,,FALSE,FALSE,,,,,
E,echophenotype,FALSE,FALSE,Echo phenotype,,,,"A mutant phenotype where there is a repetition in the defecation motor program with a consistent latency of 10-12 seconds ( Reiner et al., 1999 ).",FALSE,,FALSE,FALSE,,,,,
E,eclosion,FALSE,FALSE,Eclosion,,,,The process of exiting from the eggshell by the young L1 larva; the last step in hatching.,FALSE,,FALSE,FALSE,,,,,
E,ecm,FALSE,FALSE,ECM,,Extracellular matrix | Basal lamina | Basement membrane,,See Basal lamina,FALSE,,TRUE,FALSE,,,,,
E,ectoblast,FALSE,FALSE,Ectoblast,,,,"A stem cell lying in the outer body wall that gives rise to epithelial cells, glia and neurons. See Blast cell",FALSE,,FALSE,FALSE,,,,,
E,ectoderm,FALSE,FALSE,Ectoderm,,,,"Outermost layer of tissue in a developing embryo. This layer gives rise to the outer surface (skin) of the organism as well as the nervous system and other external organs and structures. In C. elegans, ectoderm includes the hypodermis , seam and interfacial epithelial cells and all their precursors, as well as blast cells that lie within the hypodermis such as P0-P12 until they differentiate. See Hypodermis",FALSE,,FALSE,FALSE,,,,,
E,ectoparasite,FALSE,FALSE,Ectoparasite,,,,Any parasite which lives on the exterior surface of its host animal or plant. See Endoparasite See Parasite,FALSE,,FALSE,FALSE,,,,,
E,ectopic,FALSE,FALSE,Ectopic,,,,"Refers to a cell or cell part that develops in excess of the normal number, or in a new location compared to the normal number or location of similar cells, or cell parts. The ectopic structure may not adopt completely mature or normal features due to its aberrant placement.",FALSE,,FALSE,FALSE,,,,,
E,efcells,FALSE,FALSE,EF cells,EF1/2 | EF1/2 | EF3/4 | EF3/4,,F.lvdp F.rvdp U.lap U.rap,"Large, male specific neurons with cell bodies in preanal ganglion. They receive synaptic inputs from ray neurons.",TRUE,WBbt:0004800 | WBbt:0004801 | WBbt:0004802 | WBbt:0004803,FALSE,FALSE,,,,,
E,egg,FALSE,FALSE,Egg,Zygote (S def.1) | Ovum (S def. 2),,,"1) A diploid cell produced by the union between two gametes, a sperm and an oocyte, and is surrounded by a protective outer shell ( embryo ). 2) A haploid reproductive cell (gamete) produced by the hermaphrodite C. elegans and develops into an embryo when fertilized by a sperm ( oocyte ).",FALSE,,FALSE,FALSE,,,,,
E,eggchamber,FALSE,FALSE,Egg chamber,,,,"The expanded lumen of the uterus after passage of the first fertilized oocytes. Before maturity the uterine lumen is collapsed in C. elegans and features many inward-projecting ridges, but upon inflation the lumen becomes rigidly expanded into an open chamber which remains inflated even when empty of oocytes.",FALSE,,FALSE,FALSE,,,,,
E,egglaying,FALSE,FALSE,Egg laying,Ovulation, | Oviposition,,"The behavioral program that serves to move fertilized eggs down the uterus, through the vulva, and out of the worm onto the substrate. Egg-laying is controlled by the function of the vulval ( vm1 and vm2 type) and uterine ( um1 and um2 type) muscles. The uterine muscles contract to squeeze the eggs out of the uterus while the vulval muscles contract to open the vulval orifice. Two classes of motor neurons synapse onto these muscles ; the two HSN 's and the six VC 's. HSN 's are essential for egg-laying while VC 's are not, as shown by laser ablation studies. HSN 's are serotonergic as well as possibly cholinergic . All VC 's are cholinergic and VC4 and VC5 are also serotonergic . Serotonin and levamisole , nicotinic Ach agonists, strongly induce egg-laying. Serotonergic and cholinergic pathways are suggested to act in parallel for this function ( Weinshenker and Thomas, 1997 ). C. elegans modulates its rate of egg laying in response to a variety of environmental conditions; absence of food as well as high osmolarity lead to suppression of egg laying, while the volatile attractant isoamyl alcohol stimulates egg laying in the absence of food ( Sawin and Horvitz, 1991 ). See Egg retention See Bag of worms",TRUE,WBbt:0006915 | WBbt:0006916 | WBbt:0006917 | WBbt:0006918,FALSE,FALSE,,,,,
E,eggplate,FALSE,FALSE,Egg plate,,,,"A culture plate containing very many developing eggs. This may be produced by the “lay-off” method to produce semi-synchronous eggs, or by choosing a highly populous plate and gently washing off all hatched worms, leaving non-synchronized eggs behind. Synchronization can be achieved among the progeny by a “hatch-off” technique, either by picking individual eggs which have reached the desired age, or by allowing eggs to hatch over a narrow time window, and then collecting these recent hatchees by gentle washing. See Lay-off See Hatch-off",FALSE,,FALSE,FALSE,,,,,
E,eggretention,FALSE,FALSE,Egg retention,,,,"Congestion of the adult hermaphrodite uterus with excess fertilized eggs due to a decrease in the rate of egg-laying. This may result from changes in motor activity that govern the operation of the egg-laying muscles (as in conditions reducing the amount of serotonin released from HSN neurons), or may be due to developmental changes that cause the vulva to be malformed or closed, as in the Egl or Vul mutants ( Desai and Horvitz, 1989 ; Han et al., 1990 ). Egg retention also occurs in wild type animals when food is scarce. See Egg laying",FALSE,,FALSE,FALSE,,,,,
E,eggshell,FALSE,FALSE,Eggshell,,,,"A tough protective coating that covers the developing embryo very soon after fertilization of the oocyte. Most or all may be formed by secretion from within the embryonic tissue, but an outer ""oolemma"" layer is reportedly secreted by the uterine sheath ( Anya, 1976 ; Bird and Bird, 1991 ). The eggshell consists of an external vitelline layer, a tough central layer made principally of chitin, and an internal lipid layer. The young L1 larva emerges from the eggshell about 10 hours after fertilization. Secretions from pharyngeal glands may weaken it just prior to hatching. Careful dissection can allow the outer chitinous layer to be removed without perturbing embryogenesis (see Schierenberg and Junkersdorf, 1992 ). Modest sized holes in the vitelline membrane, caused by laser ablation, will reseal and still allow embryogenesis. Many sources confuse the positions of the three layers, putting the vitelline layer inside rather than outside the chitinous layer for the C. elegans eggshell. In common usage, the term eggshell is often equated solely with the chitinous layer. See Chitinous layer See Lipid layer See Oolemma See Pellucid layer See Vitelline layer See Vitelline membrane See Zona pellucida",FALSE,,FALSE,FALSE,,,,,
E,egl,FALSE,FALSE,Egl,,,,"EGg Laying mutant phenotype. There are two types of egl phenotype: 1) egl-d or egl refers to those mutants where an animal is defective in egg laying and retains its eggs ( Trent et al., 1983 ; Desai and Horvitz, 1989 ); 2) egl-c refers to those animals that constitutively lay eggs. egl-c can be detected as more immature eggs being laid by mutants than those laid by wild type (reflecting decreased uterine residency time) or as an elevated rate of egg-laying relative to wild type in the absence of food ( Barnes and Hekimi, 1997 ). See Bag of worms See Matricide",FALSE,,FALSE,FALSE,,,,,
E,ejaculation,FALSE,FALSE,Ejaculation,,,,The behavioral process by which sperm is rapidly transferred from the male’s vas deferens into the hermaphrodite’s uterine chamber; a subprogram of male mating behavior .,FALSE,,FALSE,FALSE,,,,,
E,electricalsynapse,FALSE,FALSE,Electrical synapse,Gap junction,,,"A channel that forms between two cells where their plasma membranes become closely apposed, and allows passage of small molecules and ions from one to the other as a way of intercellular communication. At these points, cell membranes are separated by a 1 nm “gap” when viewed anatomically. These synapses are found in the early embryo between undifferentiated blastomeres, and in virtually all cell types in the adult nematode, most often connecting functionally and/or lineally related cells, but also occurring between cells of unrelated origin. While many of these synapses operate to electrically couple the cell pair, the synapses may also allow the direct passage of metabolites or intercellular signals from the cytoplasm of one cell to the cytoplasm of its neighbor. In C. elegans and other invertebrates these synapses are formed by “innexin” proteins, whereas in vertebrates they are formed by “connexins” ( Phelan and Starich, 2001 ).",FALSE,,FALSE,FALSE,,,,,
E,electronmicroscopy,FALSE,FALSE,Electron microscopy,EM,,,"There are two types of electron microscopy, scanning ( SEM ) and transmission ( TEM ). SEM images the surface of the structure or organism, while TEM occurs on thin slices of the tissue and allows for very high magnification of the specimen. Wormimage provides a searchable database of TEM images of many different C. elegans animals while Slidable Worm provides TEM images along the length of an animal. For detailed methods, a number of electron microscopy techniques are available.",FALSE,,FALSE,FALSE,,,,,
E,elongation,FALSE,FALSE,Elongation,,,,"This term can refer to many separate developmental processes, including: Elongation of the embryo: begins soon after the end of gastrulation, and is caused by circumferential squeezing by the hypodermal cells surrounding the embryo, followed by deposition of a cuticle layer to hold the worm in this new shape ( Priess and Hirsh, 1986 ). Time for elongation to proceed is roughly 2 hrs. This form of elongation does not depend upon new growth in embryo volume or new cell divisions, but only on the reshaping of existing cells. Elongation of the excretory canals: grow rapidly along the bodywall from the cell body during late embryogenesis and the first larval stage. The canal is simultaneously reshaped and grows rapidly in total size, with most new growth occurring at the canal tips ( Buechner, 2002 ). Elongation of a neuron: directed at the axon tip by the growth cone, where new growth is focused and the axon position is redirected along specific pathways ( Wadsworth et al., 1996 ).",FALSE,,FALSE,FALSE,,,,,
E,emb,FALSE,FALSE,Emb,,,,A mutational phenotype where EMBryonic development is defective mostly leading to arrest at various stages. See Embryonic lethal See Embryonic arrest See Let,FALSE,,FALSE,FALSE,,,,,
E,embryo,FALSE,FALSE,Embryo,,,,A stage of development of C. elegans between the time that the oocyte is fertilized and the point at which the the mature embryo emerges from the eggshell at hatching as a young L1 larva. See Embryonic stages,FALSE,,FALSE,FALSE,,,,,
E,embryogenesis,FALSE,FALSE,Embryogenesis,,,,"The process of formation and development of the embryo (see pictures by Nomarski and SEM imaging). For detailed, muti-dimensional movies see GLOWorm Notes .",FALSE,,FALSE,FALSE,,,,,
E,embryonicarrest,FALSE,FALSE,Embryonic arrest,Dead,egg,,"The cessation of normal developmental steps within the embryo, most often caused by a mutation or a physical defect. Besides mutation ( Denich et al., 1984 ), embryonic arrest can also be induced in some cases by laser ablation of certain embryonic cells, laser surgery to fuse embryonic cells ( Schierenberg, 1984 ), destruction of the vitelline membrane ( Schierenberg and Junkersdorf, 1992 ), removal of egg cell cytoplasm ( Laufer and von Ehrenstein, 1981 ), and/or interference with early cell-cell interactions ( Priess and Thomson, 1987 ). Arrest is more severe than mere developmental delay or alterations in the order of cell divisions, which are more likely to result in reasonably normal overall development and production of a functional animal at hatching ( Junkersdorf ). Embryonic arrest is seldom if ever reversible, and therefore leads to lethality. However the aberrant embryo may continue to persist for hours or even permit some cell divisions to create a developmental monster. See Arrest stage See Let See Monster See Terminal phenotype",FALSE,,FALSE,FALSE,,,,,
E,embryonicaxis,FALSE,FALSE,Embryonic axis,,,,"The longitudinal axis of the early embryo before gastrulation. The early embryo is oblong in shape, with the P granules sequestered at the posterior pole, opposite from the slightly narrower anterior pole.",FALSE,,FALSE,FALSE,,,,,
E,embryonicculturemedium,FALSE,FALSE,Embryonic culture medium,,,,"A specific type of medium in which embryos or isolated blastomeres can be cultured ( Shelton and Bowerman, 1996 ).",FALSE,,FALSE,FALSE,,,,,
E,embryoniclethal,FALSE,FALSE,Embryonic lethal,,,,"A mutant phenotype in which some or all embryos suffer embryonic arrest, failing to progress to the L1 stage. Individual mutant alleles may arrest at characteristic developmental timepoints within embryogenesis. There are very many different categories of mutant within this broad designation. See Let See Monster",FALSE,,FALSE,FALSE,,,,,
E,embryonicsheath,FALSE,FALSE,Embryonic sheath,,,,"A form of basal lamina or glycocalyx which is secreted by the unfused hypodermal cells of the early embryo. It covers the embryo before the onset of elongation and is required to spread the forces of elongation equally over the embryo’s outer surface ( Priess and Hirsh, 1986 ). This extracellular sheath lies on the apical surface of the hypodermis and is later replaced by the early cuticle.",FALSE,,FALSE,FALSE,,,,,
E,emo,FALSE,FALSE,Emo,;,,,"E ndo M itotic O ocytes phenotype. A mutant phenotype where meiotic maturation is not followed by ovulation and the mature oocyte is trapped in the gonad arm where it endomitotically replicates its DNA ( Dang et al., 1996 ). Somatic sheath cell and spermatheca ablation also disrupts ovulation and causes Emo phenotype ( McCarter et al., 1997 ). Besides the enlargement of their nuclei due to endomitosis, these oocytes are also subject to tearing forces as they enter the spermatheca. As a result they may break into several pieces, one containing the nucleus, and some smaller cytoplasts, which are formed as separate structures inside the proximal arm or inside the uterus.",FALSE,,FALSE,FALSE,,,,,
E,ems,FALSE,FALSE,EMS,Ethyl,methane sulfonate,,"A chemical mutagen that generates point mutations (G/C-A/T transitions) and to a lesser extent small deletion and other chromosomal rearrangements ( Johnsen and Baillie, 1997 ). EMS is routinely used in C. elegans to produce visible mutants ( Anderson, 1995 ; Barstead and Moerman, 2006 ; Flibotte et al., 2010 ).",FALSE,,FALSE,FALSE,,,,,
E,emsblastomere,FALSE,FALSE,EMS blastomere,EMSt,blastomere,,"The progenitor cell of the E and MS blastomeres. This was formerly called S 2 or EMSt, since it gives rise to “somatic” tissues: E ndoderm, M esoderm and St omodeum. See Founder cell",FALSE,,FALSE,FALSE,,,,,
E,enpassant,FALSE,FALSE,En passant,,,,"The most common form of chemical synaptic contact in the nematode, in which the presynaptic axon does not form a terminal specialization, but only a local swelling in the neighborhood of the postsynaptic target axon(s).",FALSE,,FALSE,FALSE,,,,,
E,enclosure,FALSE,FALSE,Enclosure,,,,This term is usually used to describe a step after gastrulation in which the C. elegans embryo becomes fully covered by a sheet of hypodermis.,FALSE,,FALSE,FALSE,,,,,
E,ending,FALSE,FALSE,Ending,,Free ending | Bare ending,,"A subclass of neurite end points which are often presumed to be sensory by their unique positions; sometimes used to ascribe a sensory function where no obvious physical specialization (such as a cilium) can be visualized, or where the apparent sensory features are diffuse. See Dendrite",FALSE,,FALSE,FALSE,,,,,
E,endocuticle,FALSE,FALSE,Endocuticle,,,,The innermost layers of the cuticle. See Basal zone,FALSE,,FALSE,FALSE,,,,,
E,endocytosis,FALSE,FALSE,Endocytosis,,,,"A process by which a cell actively takes up material from its external environment by inward bending of the plasma membrane to create vesicles that encapsulate this material and carry it into the cytoplasm. There are multiple mechanisms for this process, including clathrin mediated uptake, caveolae-mediated uptake and clathrin- and caveolae-independent internalization. See Coated vesicle See Phagocytosis See Pinocytosi s",FALSE,,FALSE,FALSE,,,,,
E,endoderm,FALSE,FALSE,Endoderm,,,,Early blast cells that give rise to the gut tissue in C. elegans .,FALSE,,FALSE,FALSE,,,,,
E,endomitosis,FALSE,FALSE,Endomitosis,,,,"Chromosomal replication without nuclear or cellular division that results in a cell containing a highly enlarged nucleus with multiple copies (greater than 2X) of each chromosome ( Rose et al., 1997 ). When this process occurs in the oocyte, it is called the Emo phenotype. See Emo See Endoreduplication",FALSE,,FALSE,FALSE,,,,,
E,endoparasite,FALSE,FALSE,Endoparasite,,,,Any parasite that lives within the body of the host animal or plant. See Ectoparasite See Parasite,FALSE,,FALSE,FALSE,,,,,
E,endoplasmicreticulum,FALSE,FALSE,Endoplasmic reticulum,ER,,,"A network of branching tubules and sacs extending throughout the cytosol forming a continuous sheet. Its membranes are the site of production for transmembrane proteins and lipids. Often, import of proteins occurs before the polypeptide is fully formed (co-translational). The ribosomes that synthesis the protein coat the surface of the ER creating regions called rough ER (regions without ribosomes are termed smooth ER ). See Rough endoplasmic reticulum See Smooth endoplasmic reticulum",FALSE,,FALSE,FALSE,,,,,
E,endoreduplication,FALSE,FALSE,Endoreduplication,,Endomitosis,,"Multiple rounds of DNA replication that take place without chromosome condensation, segregation or cytokinesis. Endoreduplication results in enlarged, highly polyploid cells. This process is normally seen in intestinal nuclei during each larval lethargus which results in adult intestinal nuclei with 32 copies (32C) of each chromosome ( Hedgecock and White, 1985 ). It is also seen in adult wild type hypodermal nuclei. See Endomitosis",FALSE,,FALSE,FALSE,,,,,
E,endosome,FALSE,FALSE,Endosome,,,,"A membrane-bound organelle that forms following endocytosis. The properties of endosomes are still not well described for C. elegans cells due to incomplete histochemical studies, though the multivesicular body is easily identified just by its anatomy in nematode tissues.",FALSE,,FALSE,FALSE,,,,,
E,engulfment,FALSE,FALSE,Engulfment,,,,"Process by which a cell or tissue becomes surrounded by a neighboring cell and phagocytosed. In some cases engulfment is clearly subsequent to an apoptotic event or a necrotic event within the engulfed cell, while in other cases the engulfment may precede or be coincident with the cell death. See Phagocytosis",FALSE,,FALSE,FALSE,,,,,
E,ensheathed,FALSE,FALSE,Ensheathed,,,,"A nematode that retains two full layers of cuticle and hence gains extra protection against the exterior environment. This condition is not normally observed in C. elegans , but is common in some other nematode species. See Molt",FALSE,,FALSE,FALSE,,,,,
E,entomopathogenicnematodes,FALSE,FALSE,Entomopathogenic nematodes,,,,"Soil dwelling nematodes that infect insects, including the larval stages of butterflies, moths, beetles and flies as well as adult crickets and grasshoppers.",FALSE,,FALSE,FALSE,,,,,
E,epiboly,FALSE,FALSE,Epiboly,,,,"A process at the end of gastrulation by which some cells migrate forward to cover the blastopore, covering the hole through which previous cells had entered inside the gastrula ( Chisholm and Hardin, 2005 ).",FALSE,,FALSE,FALSE,,,,,
E,epicuticle,FALSE,FALSE,Epicuticle,External cortical envelope,Cortical layer | ,,"The outermost collagenous layer of the cuticle, which appears densely staining by electron microscopy , and may consist of a multi-layered membrane. It is underlain by successive collagenous cuticle layers, and is often coated on the outside by a noncollagenous matrix called the surface coat, or glycocalyx. The epicuticle can be considered the outermost portion of the cuticle’s “cortical zone” ( Bird and Bird, 1991 ). See Cortical layer",FALSE,,FALSE,FALSE,,,,,
E,epidermalgland,FALSE,FALSE,Epidermal gland,,,,"A characteristic specialization found along the lateral hypodermis in some nematode species, but not found in C. elegans . Each consists of a single modified hypodermal cell that secretes granules into a local duct or pore in the lateral cuticle. Some glands also include one or more neurons that extend sensory endings into the duct, or into the gland cell itself ( Bird and Bird, 1991 ). They may secrete material for the surface coat of the cuticle.",FALSE,,FALSE,FALSE,,,,,
E,epidermis,FALSE,FALSE,Epidermis,Hypodermis,,,"Hypodermis of C. elegans . These two terms refer to the same tissue and are used interchangeably in publications ( Chin-Sang and Chisholm, 2000 ). See Hypodermis See Ectoderm",FALSE,,FALSE,FALSE,,,,,
E,epidermoblast,FALSE,FALSE,Epidermoblast,,,,"A blast cell that can give rise to epidermal cells, glia and neurons in C. elegans . See Blast cell",FALSE,,FALSE,FALSE,,,,,
E,epistasis,FALSE,FALSE,Epistasis,,,,"An interaction between two different genes, such that the effect of an allele of one gene is suppressed or masked by the effect of an allele of a second gene.",FALSE,,FALSE,FALSE,,,,,
E,epithelium,FALSE,FALSE,Epithelium,,,,"The layer of cells that cover the external surface of an organism as well as forming an inner lining between the tissues and organs of that organism and the external environment. In C. elegans epithelial cells include epithelium of the alimentary tract , intestinal cells , hypodermis , interfacial cells and somatic gonad cells .",FALSE,,FALSE,FALSE,,,,,
E,equivalencegroup,FALSE,FALSE,Equivalence group,,,,"A set of cells that all have the (equal) potential to proceed in forming a specific structure, or whose progeny each have the potential to adopt various roles in that structure, as in the development of the vulva and the male sensory rays ( Sulston and White, 1980 ; Sommer, 2005 ).",FALSE,,FALSE,FALSE,,,,,
E,erectormuscle,FALSE,FALSE,Erector muscle,,Gubernacular erector,,"One of the specialized muscles of the adult male tail, which operates to change the shape of the gubernaculum during male mating behavior.",FALSE,,FALSE,FALSE,,,,,
E,escortcell,FALSE,FALSE,Escort cell,,Socket or sheath cell of amphid,,"Archaic (Golschmidt, 1903; Mclaren, 1976 )",FALSE,,FALSE,FALSE,,,,,
E,esophagealgland,FALSE,FALSE,Esophageal gland,,,,Pharyngeal gland See Gland cell,FALSE,,FALSE,FALSE,,,,,
E,esophagus,FALSE,FALSE,Esophagus,,Pharynx,,Archaic term for the pharynx. (Alternate spelling=Oesophagus),FALSE,,FALSE,FALSE,,,,,
E,eutelic,FALSE,FALSE,Eutelic/Eutely,,,,"A property of some invertebrate animals, including C. elegans , of having a fixed number of somatic cells in the adult body. This number is specific for each species. In C. elegans, these cells derive from a fixed lineage where virtually all cells have final fates determined by their position in the lineage ( Sulston and Horvitz, 1977 ).",FALSE,,FALSE,FALSE,,,,,
E,evasion,FALSE,FALSE,Evasion,,,,"A behavior by which an animal escapes a predator or unfriendly partner. For instance C. elegans may be repelled by chemosensory signals to evade some pathogenic bacteria ( Schulenburg and Ewbank, 2004 ; Schulenburg and Muller, 2004 ).",FALSE,,FALSE,FALSE,,,,,
E,eversion,FALSE,FALSE,Eversion,,,,"A normal process by which the maturing vulva (before eversion) turns inside out and the lumen closes during late L4 stage (post eversion). However, this same process can be overdone in some developmental mutants to create a distinctive mutant phenotype, Evl , in which the vulval tissue projects visibly outward from the ventral side of the body. See Everted vulva",FALSE,,FALSE,FALSE,,,,,
E,evertedvulva,FALSE,FALSE,Everted vulva,Evl,,,A mutant phenotype in which the developing vulva everts out of the body to form an large outward bulge which generally leaves the animal unable to undergo normal egg- laying. See Multivulva phenotype,FALSE,,FALSE,FALSE,,,,,
E,excitatorysynapse,FALSE,FALSE,Excitatory synapse,,,,A synaptic connection between two neurons whose stimulation leads to an increase in electrical activity in the postsynaptic cell (a depolarization).,FALSE,,FALSE,FALSE,,,,,
E,excretorycanal,FALSE,FALSE,Excretory canal,,,,"The H-shaped structure made by the processes of the excretory canal cell. It extends almost the full length of the body on both sides of the animal, generally in contact with the lateral hypodermis and the pseudocoelom. See Excretory system",FALSE,,FALSE,FALSE,,,,,
E,excretorycell,FALSE,FALSE,Excretory cell,exc | cell,Excretory canal cell,ABplpappaap,"A protokidney cell with an H-shaped internal lumen that is suggested to collect and secrete salt solutions outward via the excretory sinus ( Nelson et al., 1983 ; Buechner et al., 1999 ). The animal cannot survive if this cell is ablated or if its outlet (the excretory duct) is blocked. See Excretory system",TRUE,WBbt:0005812,FALSE,TRUE,wormbase_id,,,,
E,excretoryduct,FALSE,FALSE,Excretory duct,Secretory-excretory,duct,,The extracellular sinus formed by the excretory duct cell and the pore cell. See Excretory system,FALSE,,FALSE,FALSE,,,,,
E,excretoryductcell,FALSE,FALSE,Excretory duct cell,exc | duct,Duct cell,ABplpaaaapa,An interfacial epithelial cell which forms a lumen to receive the outflow of the excretory gland and excretory canal cells; this outflow is transported into the lumen of the excretory pore cell and then to the excretory pore. See Excretory system,TRUE,WBbt:0004540,FALSE,TRUE,wormbase_id,,,,
E,excretoryglandcell,FALSE,FALSE,Excretory gland cell,exc | gl L | exc | gl R,Secretory-excretory gland,ABplpapapaa ABprpapapaa,"A pair of large cells in the head that fuse to form a single gland whose contents are released into the excretory duct through a specialized secretory membrane. Under most conditions the gland is filled with large secretory granules containing a dense matrix of unknown function; however, in the dauer larva these granules are absent and the gland is filled with complex spherical and tubular membranes ( Nelson et al., 1983 ). It has been postulated that the granules may contribute to the glycocalyx covering the body cuticle ( Nelson and Riddle, 1984 ). See Excretory system",TRUE,WBbt:0004535,FALSE,FALSE,,,,,
E,excretoryjunction,FALSE,FALSE,Excretory junction,Secretory | membrane,,,"A highly specialized intercellular membrane junction that links the excretory canal cell, the excretory gland process, and the excretory duct cell, to permit the release of materials from the canal and gland into the duct and hence out of the body. See Excretory system",FALSE,,FALSE,FALSE,,,,,
E,excretorypore,FALSE,FALSE,Excretory pore,Pore,,,"The outlet of the excretory sinus to the exterior environment through the cuticle. Pore is located on the ventral side of the head, just behind the nerve ring. See Excretory system",FALSE,,FALSE,FALSE,,,,,
E,excretoryporecell,FALSE,FALSE,Excretory pore cell,exc | pore,exc socket cell,,An interfacial epithelial cell which links excretory duct to hypodermis. See Excretory system,FALSE,,FALSE,FALSE,,,,,
E,excretorysocketcell,FALSE,FALSE,Excretory socket cell,exc socket,exc pore cell,G2p,Older name for excretory pore cell.,FALSE,,FALSE,FALSE,,,,,
E,exocuticle,FALSE,FALSE,Exocuticle,,,,See Internal cortical layer,FALSE,,TRUE,FALSE,,,,,
E,expulsionmotorcontraction,FALSE,FALSE,Expulsion motor contraction,Exp or | EMC,,,A specific step in the defecation motor program. See Defecation motor program,FALSE,,FALSE,FALSE,,,,,
E,exsheathment,FALSE,FALSE,Exsheathment,,,,"A form of molting in which a nematode sheds a retained outer cuticle layer. This process is common in infective nematode species, but not in C. elegans . Infective species may retain an older cuticle layer as a protective sheath until they successfully enter their final host. See Molt",FALSE,,FALSE,FALSE,,,,,
E,extensormuscle,FALSE,FALSE,Extensor muscle,,,,Refers to any of several different specialized muscles in the male tail which extend either the gubernaculum or the spicules.,FALSE,,FALSE,FALSE,,,,,
E,extracellularmatrix,FALSE,FALSE,Extracellular matrix,ECM,Basal lamina | Basement membrane,,"A complex mixture of long chain proteins and proteoglycans that lie on the outer surface of cell membranes of each tissue, in particular those at the basal pole. Much of the material is condensed into a uniform meshwork, the basal lamina, but some collagenous materials may extend further into the pseudocoelom between neighboring tissues. For more general information see Alberts et al., 2002 . See Basal lamina See ECM See Tendon",FALSE,,FALSE,FALSE,,,,,
E,eyespot,FALSE,FALSE,Eyespot,,,,"A pigmented granular structure found in pharyngeal muscles in some nematode species other than C. elegans ( Burr and Webster, 1971 ; Bollerup and Burr, 1979). Such eyespots vary in color, are different from the background coloration of the rest of the pharynx, and usually organize into simple cup-shaped structures. Pigmented eyespots occur in other nematode species in association with sheath cells and a possible lens-like element in the bodywall of the head ( Croll et al., 1972 ; Van de Velde and Coomans, 1988). Although lacking a detectable eyespot, C. elegans is reported to exhibit a behavioral response to light ( Burr, 1985 ; Ken Miller, pers. comm.).",FALSE,,FALSE,FALSE,,,,,
F,f1,FALSE,FALSE,F1,,,,First generation of offspring after a mating (first filial generation).,FALSE,,FALSE,FALSE,,,,,
F,f2,FALSE,FALSE,F2,,,,Second generation of offspring after a mating (second filial generation).,FALSE,,FALSE,FALSE,,,,,
F,factin,FALSE,FALSE,F actin,,,,"Filamentous actin. One of the most common macromolecular assemblies in all animal cells, found in cytoskeletal structures such as stress fibers, microvilli and muscle sarcomeres. In these structures, actin coassembles with actin-binding proteins to form long filamentous bundles which are often attached to the plasma membrane and/or associated with myosin motors. See G actin See Myosin",FALSE,,FALSE,FALSE,,,,,
F,fcell,FALSE,FALSE,F cell,,F ectoblast,ABplppppapp,A rectal epithelial cell in the hermaphrodite tail. This cell acts as a blast cell in the male tail. See Y cell See Rectal epithelium,TRUE,WBbt:0004799,FALSE,TRUE,entity_name,,,,
F,fneuron,FALSE,FALSE,f neuron,,,,ADF cell,FALSE,,FALSE,FALSE,,,,,
F,faculativedevelopmentalstage,FALSE,FALSE,Facultative developmental stage,,,,"An optional larval or juvenile stage which an animal may choose to follow under certain conditions. The male adult can also be considered a facultative stage in C. elegans , since it is not required for propagation of the species. See Dauer",FALSE,,FALSE,FALSE,,,,,
F,facultativeparasite,FALSE,FALSE,Facultative parasite,,,,"An organism that is capable of independent existence but which under certain conditions may become parasitic. For instance, some otherwise free-living nematodes can enter the body of a insect, invade its tissues and kill the animal, and then feed upon bacteria within the dead insect gut. Converse condition is an obligate parasite. See Parasite",FALSE,,FALSE,FALSE,,,,,
F,fan,FALSE,FALSE,Fan,,,,"Part of the male copulatory apparatus. A complex flattened structure extending laterally at the extreme tip of the adult male consisting of nine pairs of sensory rays that lie within a web-like cuticle. On the ventral surface of the fan, the gubernaculum presents the cloacal opening, spicules, phasmids, hook and post-cloacal sensilla. The fan replaces the simple pointed tail tip of the hermaphrodite and of the juvenile male , during the end of the L4 stage, during a morphogenetic process called fan formation or tail tip remodeling .",FALSE,,FALSE,FALSE,,,,,
F,fanformation,FALSE,FALSE,Fan formation,,,,"Reshaping of the male tail during late larval development in which the tail tip cells fuse together and change shape . The posterior hyp cells (hyp 8,9,10,11) move forward (retraction of the previous tail spike) while a late round of cell divisions in posterior blast cells produce new sensilla including the rays which spread laterally to form a fan-shaped tail covered with new cuticle ( Sulston et al., 1980 ; Nguyen et al., 1999 ). See Retraction",FALSE,,FALSE,FALSE,,,,,
F,fascicle,FALSE,FALSE,Fascicle,,,,"A bundle of neuron processes. Alternately, it can refer to a bundle of intracellular filaments.",FALSE,,FALSE,FALSE,,,,,
F,feedback,FALSE,FALSE,Feedback,,,,"This term can have multiple meanings, generally concerning the behavior of networks of groups of animals, cells, cell parts, or molecules. Positive feedback generally acts to increase the outcome of the original signal, whereas negative feedback acts to decrease that outcome over time. In neuroscience, feedback can refer to a set of synapses that connect back directly onto the original neuron in a circuit. In biochemistry, feedback inhibition can refer to circumstances in which the product of a reaction acts to reduce the activity of the enzyme. See Reciprocal synapse",FALSE,,FALSE,FALSE,,,,,
F,fem,FALSE,FALSE,Fem,,,,"A mutant phenotype where FEM inization of the hermaphrodite (XX) and male (XO) animals occurs. In these mutants, both XO and XX animals become fertile females. Maternal effect may be seen.",FALSE,,FALSE,FALSE,,,,,
F,female,FALSE,FALSE,Female,,,,This sexual form does not normally exist in C. elegans . Some viable female strains have been created as mutant alleles in which production of sperm has been suppressed (e.g. fem or fog mutants). These adults generate only female gametes and can mate successfully with males. See Fem See Feminization See Fog,FALSE,,FALSE,FALSE,,,,,
F,feminization,FALSE,FALSE,Feminization,,,,"Conversion of XX (normally wild type hermaphrodite) and X0 (normally wild type male) animals to females in C. elegans . Occurs as a result of certain mutations in the sex determination pathway which block spermatogenesis in the germline as well as development of the male somatic gonad ( Doniach and Hodgkin, 1984 ; Meyer, 1997 ; Meyer, 2005 ).",FALSE,,FALSE,FALSE,,,,,
F,fenestration,FALSE,FALSE,Fenestration,,,,"The presence of holes (“windows”) in a membrane or cell process that allow the passage of large molecules, macromolecular structures, or fluids between two sides of the barrier. Some biological structures display natural fenestrations, such as the “pores” in the nuclear membrane, or the holes in the somatic sheath of the gonad ( Hall et al., 1999 ). Fenestrations can sometimes be induced experimentally; for instance by laser surgery on the eggshell or the vitelline membrane of the embryo ( Schierenberg and Junkersdorf, 1992 ).",FALSE,,FALSE,FALSE,,,,,
F,fertilization,FALSE,FALSE,Fertilization,,,,"The event in which a sperm and an oocyte (haploid germ cells) fuse together to form one diploid embryo (See Greenstein, 2005 and Wormatlas ) .",FALSE,,FALSE,FALSE,,,,,
F,fertilizationmembrane,FALSE,FALSE,Fertilization membrane,,Dense vitelline layer,,"A temporary structure known to form in some nematode species at the moment of fertilization in order to physically block subsequent spermatocytes from entering the egg; e.g. blocking polyspermy. This evanescent structure is apparently secreted by the oocyte from pre-positioned vesicles and remains in place until a permanent eggshell can replace it. It has been seen only after fast freezing fixations in C. elegans (Hall and Greenstein, unpublished) but has also been noted in Ascaris ( Fairbairn, 1957 ; Foor, 1967 ; Anya 1976 ) . See Glycocalyx",FALSE,,FALSE,FALSE,,,,,
F,feulgenstain,FALSE,FALSE,Feulgen stain,,,,"A specific stain for nuclear DNA which labels all cell nuclei and can be viewed by light microscopy. It contains fuchsin , a colorless dye which has a strong affinity for DNA and produces red color in its presence. A fixed animal can be stained with Feulgen to highlight the DNA content of all nuclei. Larval stages give the most dramatic results ( Sulston and Horvitz, 1977 ).",FALSE,,FALSE,FALSE,,,,,
F,fiber,FALSE,FALSE,Fiber,,,,"Term used to refer to various long thin extended objects. It can refer to a subcellular structure such as a thick filament of the internal cytoskeleton, or to an extracellular object lying in the basal lamina or cuticle layers. More often the term has been used to refer to either a cellular process (for instance a “nerve fiber” or “muscle fiber”) or to a structure made up from a group of cell processes, or even a whole groups of cells.",FALSE,,FALSE,FALSE,,,,,
F,fiberlayers,FALSE,FALSE,Fiber layers,,,,"Three (or possibly just two) of the innermost layers of the cuticle (corresponding to layers 6, 7, 8 of Ascaris cuticle) which display tightly woven fibers that run coherently in helical or circumferential orientations around the body. Two of these layers appear to run at 65° angle to the longitudinal body axis, but in opposite directions to each other ( Kramer, 1997 ). These layers lie between the boundary zone and the basal layer. Together they comprise the basal zone (Bs) of the cuticle ( Bird and Bird, 1991 ). Some roller and dumpy mutations of collagen genes may disrupt this helical organization, causing the entire animal to adopt a helical twist to the outer cuticle and forcing the animal to move helically in a rolling motion , rather than in a sinusoidal path . The fiber layers can show visible lamination between themselves, and may be visualized as striated bands by various imaging modalities, including polarized light, TEM , and freeze etching . See Basal layer See Basal zone See Boundary zone See Cortical layer See Fibril layer See Matrix layer See Median zone See Roller See Locomotion",FALSE,,FALSE,FALSE,,,,,
F,fibril,FALSE,FALSE,Fibril,,,,"This term may refer to any of a number of long thin objects, just as the word “fiber” has been used rather widely. Fibrils (as opposed to “fibers”) have most often been identified with a class of extracellular macromolecules (perhaps extended collagens) lying within the medial zone of the cuticle. When clustered macromolecules lie in register side by side, the resulting fibrils may present a distinctive striated appearance. See Fiber See Fibril layer",FALSE,,FALSE,FALSE,,,,,
F,fibrillayer,FALSE,FALSE,Fibril layer,Fibrillar,layer,,"A portion of the medial zone of the cuticle, lying just beneath the cortical zone and above the matrix layer. This thin layer contains a more densely arrayed set of fibrils than the spongy-looking matrix layers above and below it. See Basal layer See Cortical layer See Fiber layers See Matrix layer See Median zone",FALSE,,FALSE,FALSE,,,,,
F,fibrousbody,FALSE,FALSE,Fibrous body,FB,,,"A specialized organelle that develops inside the spermatocyte and spermatid, containing a distinctive bundle of parallel fibers (5 nm diameter). The fibrous body initially is surrounded by a complete double membrane and may be fed by sequential fusions of special vesicles derived from the cis Golgi region, within the spermatocyte cytoplasm. As the spermatocyte develops into the spermatid, the fibrous bodies enlarge and dominate the cytoplasm . Fenestrations develop in their surrounding membrane. In late spermatids the fibrous bodies disappear, while the “special vesicles” transform into membranous organelles (also called “special membrane structures” by Wolf et al., 1978 ) and come to lie at the cell periphery . It is unclear whether the contents of the fibrous body (the fibers) contribute somehow to the membranous organelle. See Membranous organelle See Special vesicle",FALSE,,FALSE,FALSE,,,,,
F,fibrousorganelle,FALSE,FALSE,Fibrous organelle,,,,"A complex structure located in hypodermal cells underlying the bodywall muscle that generally includes two hemi-adherens junctions (or hemidesmosomes) facing outward from the organelle and is responsible for securing these muscles to the cuticle ( Hresko et al., 1999 ). They may also occur in more scattered locales away from muscles, with a secondary concentration where touch dendrites fasten to the cuticle. In the embryo, they seem to be restricted to narrow stripes underlying muscles during muscle morphogenesis. Their initial localization is organized by a hypodermal protein, myotactin ( Hresko et al., 1999 ). These appositions generally span the hypodermis, forming symmetrical pairs of hemi-adherens junctions on both faces of the thin hypodermal layer that separates muscle from cuticle . While one hemi-junction faces the muscle border (binding to the thick basal lamina separating these two tissues), the second hemi-junction faces the cuticle, often linked to a dense structure lying within the cuticle itself. Intermediate filaments span the hypodermal layer to link the two hemi-junctions. Thus, the components of one fibrous organelle include the two hemi-junctions and the filaments that secure them in parallel. Fibrous organelles often occur in regularly-spaced stripes along the bodywall, in registration with the annuli of the cuticle. In some nematode species these organelles often lie in register with dense body-like structures in the muscle cells to form a larger complex, termed the desmo-osmoid. This relationship is less commonly seen in C. elegans . See Adherens junction",FALSE,,FALSE,FALSE,,,,,
F,fif,FALSE,FALSE,FIF,Formaldehyde induced fluorescence,,,"A staining technique in which exposure of fixed animals to formaldehyde vapors localizes serotonin and dopamine histochemically in C. elegans ( Horvitz et al., 1982 ; Sulston et al., 1975 ).",FALSE,,FALSE,FALSE,,,,,
F,filament,FALSE,FALSE,Filament,,,,"A term that has been used most often in reference to certain classes of cytoskeletal macromolecules that form extremely long thin uniform structures, including actin (thin filaments), myosin (thick filaments), and intermediate filaments (whose diameter is in between those of actin and myosin). See Actin See Intermediate filament See Myosin",FALSE,,FALSE,FALSE,,,,,
F,filopodium,FALSE,FALSE,Filopodium/Filopodia (/pl),,,,"Long, thin, finger-like processes created during process extension. Seen in neuronal growth cones and in distal edge of somatic gonad sheath ( Chalfie et al, 1994 ; Hall et al., 1999) . See Growth cone See Pseudopodium / Pseudopod / Pseudopodia",FALSE,,FALSE,FALSE,,,,,
F,finger,FALSE,FALSE,Finger,,,,"Long, thin extensions of the dendrite of the AFD neuron . These fingers have also been called villi or microvilli, although no one has yet proven a molecular homology to villi of other cell types. These fingers are probably stationary, and each lies embedded in a narrow separate channel formed by the amphid sheath. Other cells may also extend long thin finger-like processes, including the DTC , the somatic sheath cell (pair #1), the neuron growth cone , and the hypodermis during embryonic closure . All of these examples involve apparently motile cells, where the fingers may either lead the active outgrowth, or trail behind the cell as it moves. Some portions of the cuticle are specialized to form long thin fingers at the sieve and the flaps within the pharyngeal lumen. See Filopodium / Filopodia See Flaps See Sieve",FALSE,,FALSE,FALSE,,,,,
F,fingercell,FALSE,FALSE,Finger cell,,,,AFD neuron of the amphid sensillum.,FALSE,,FALSE,FALSE,,,,,
F,fingerlikeprojections,FALSE,FALSE,Finger-like projections,,,,"The narrow structures that are formed by interdigitations of the plasma membrane and cytoplasm at the junction of the special vesicle and the fibrous body inside developing spermatocytes ( Wolf et al., 1978 ). The plasma membrane becomes highly folded, more regular in shape and more electron dense, suggesting some structural reinforcement stabilizes these finger-like projections. Some authors suggest that the fingers correspond to microvilli ( Bird and Bird, 1991 ).",FALSE,,FALSE,FALSE,,,,,
F,fitc,FALSE,FALSE,FITC,Fluorescein | isothiocyanate,,,A commonly used fluorescent stain for light microscopy that produces a bright yellow-green label. The absorption maximum of FITC is about 495 nm and the peak emission wavelength is about 530 nm .,FALSE,,FALSE,FALSE,,,,,
F,fixative,FALSE,FALSE,Fixative,,,,"A chemical mixture used to preserve the tissue structures of an animal for histological study. Common fixatives used for C. elegans include aldehydes which fix protein, osmium tetroxide which fixes and stains lipids, and methanol/acetic acid which both fixes and clears tissue. See also Anatomical methods",FALSE,,FALSE,FALSE,,,,,
F,flaccid,FALSE,FALSE,Flaccid,,Floppy,,A semi-paralysed body phenotype in which muscle tone is lost and the animal fails to actively control its body shape.,FALSE,,FALSE,FALSE,,,,,
F,flagellum,FALSE,FALSE,Flagellum/Flagella,,,,"A whip-like appendage used for motility by certain cells and small organisms. It is found in sperm , bacteria , fungi, and protozoans. There are no flagella in C. elegans spermatozoon which only has a lamellipodium and no thinner “non-motile flagellum” ( Qin et al., 2001 ). This portion of chemosensory and mechanosensory dendrites, often featuring an axoneme , a striated rootlet and a distal cluster of extended microtubules, shares many molecular constituents with true flagella and other forms of cilia in species ranging from bacteria to sea urchin, fruit fly, and the mouse ( Rosenbaum and Witman, 2003 ). See Cilium/ Cilia See Lamellipodium",FALSE,,FALSE,FALSE,,,,,
F,flaps,FALSE,FALSE,Flaps,,Metarhabdion | Glottid apparatus,,"Three cuticle extensions, or fingers, which extend inward into the anterior buccal cavity. They may act to filter the contents of the lumen while separating the buccal cavity from the pharynx lumen proper. They are probably formed by the pm1 pharyngeal muscles, also known as the metastom.",FALSE,,FALSE,FALSE,,,,,
F,flipping,FALSE,FALSE,Flipping,,,,"A characteristic behavior seen in the late stage of lethargus, just prior to the molt, in which the animal executes rapid 180° rotations about its longitudinal axis. This movement is thought to help in loosening the old cuticle from the new cuticle, in preparation for the molt ( Singh and Sulston, 1978 ). See Lethargus See Molt",FALSE,,FALSE,FALSE,,,,,
F,flpcell,FALSE,FALSE,FLP cell,FLPL | FLPR,,ABplapaaapad ABprapaaapad,A pair of neurons with ciliated endings in the head. Have mechanosensory function.,TRUE,WBbt:0004797 | WBbt:0004798,FALSE,TRUE,wormbase_id,,,,
F,fmrfamide,FALSE,FALSE,FMRFamide,,,,"A member of a class of short peptide molecules that can act as neurotransmitters, neurohormones, and neuromodulators. They are found in the nervous systems of a wide spectrum of animals including nematodes ( Li et al., 1999 ). See Neuropeptide",FALSE,,FALSE,FALSE,,,,,
F,focaladhesion,FALSE,FALSE,Focal adhesion,,,,"Attachments that are formed by vertebrate cells in culture to the substratum. C. elegans body wall muscle cell dense bodies and M-lines are similar to focal adhesions ( Lin et al., 2003 ). See Adhesion plaque See Dense body See Dense plaque",FALSE,,FALSE,FALSE,,,,,
F,fog,FALSE,FALSE,Fog,,,,"A mutant phenotype where F eminization O f G ermline occurs. XX animals (normally wild type hermaphrodites) are transformed into fertile females. Depending on the mutation, X0 animals may stay as wild type males or may be somatically male with both sperm and oocytes in the germline.",FALSE,,FALSE,FALSE,,,,,
F,followeraxon,FALSE,FALSE,Follower axon,,,,"An axon that does not establish a new path as it grows away from a neuron cell body along the bodywall, but closely follows a route established previously by another “pioneer axon”. In general, a follower axon may exhibit a smaller, simpler growth cone than that of a pioneer. See Pioneer axon See Growth cone",FALSE,,FALSE,FALSE,,,,,
F,foraging,FALSE,FALSE,Foraging,,,,"Continuous, possibly exploratory, movements of the C. elegans head. This is a complex behavior produced by the elaborate motor and sensory anatomy of the animal's head. The terms “feeding” and ""foraging"" are often used interchangeably though foraging behavior encompasses more extensive range of activities. These side-to-side head motions are suppressed during backwards motion ( Ringstad and Horvitz, in Hart, 2006 ).",FALSE,,FALSE,FALSE,,,,,
F,formaldehydeinducedfluroescence,FALSE,FALSE,Formaldehyde induced fluorescence,FIF,,,See FIF,FALSE,,TRUE,FALSE,,,,,
F,foundercell,FALSE,FALSE,Founder cell,,,,"The earliest stem cells in the early embryo from which all tissues derive. There is one founder cell for the germline, P4 , and five for the somatic tissues, AB , MS , E , C and D , each of which generates a stereotyped lineage ( Deppe et al., 1978 ). Several intermediate blast cells give rise to these founders and can also be considered as founder cells: P 0 (the original cell after fertilization), P 1 , P 2 , P 3 , and EMS . Another synonym might be “embryonic blast cell” (see discussion in Sulston et al., 1983 ). Patterns of cell division for each founder cell are unique, and involve fixed lineages where many daughters arise from unequal cell divisions involving highly stereotyped planes of division. See Gönczy and Rose, 2005 for more detail.",TRUE,WBbt:0003810 | WBbt:0004015 | WBbt:0004422 | WBbt:0004458 | WBbt:0004804 | WBbt:0004873 | WBbt:0006770 | WBbt:0006771 | WBbt:0006772 | WBbt:0006876,FALSE,FALSE,,,,,
F,fountainheadpattern,FALSE,FALSE,Fountainhead pattern,,,,"Cytoplasmic streaming seen within the newly fertilized embryo which occurs at the one cell stage. This is apparently organized by the position of the sperm pronucleus which determines the A/P axis of the embryo. Internal granules and cortical granules (as seen by DIC optics) flow in a distinctive pattern that has been termed the “fountainhead” ( Hird and White., 1993 ; Goldstein and Hird, 1996 ).",FALSE,,FALSE,FALSE,,,,,
F,fourdimensionalmicroscopy,FALSE,FALSE,Four-dimensional microscopy,,Four-dimensional imaging | 4D video recording,,"The generation of time-lapse recordings of multiple image planes (X,Y coordinates) at different focal depths (Z coordinate). This technique is particularly useful for examination of the early development of the C. elegans embryo. These recordings can be used to create a “movie” to follow cell divisions and movements over time.",FALSE,,FALSE,FALSE,,,,,
F,fourfoldstage,FALSE,FALSE,Four-fold stage,Late,pretzel stage,,"The final stage of embryogenesis prior to hatching, where the embryonic worm is bent in three places within the eggshell. See Pretzel stage",FALSE,,FALSE,FALSE,,,,,
F,freeliving,FALSE,FALSE,Free living,,,,Describes the life style of an animal that is not living as a parasite within the body of a host animal or plant. C. elegans is a free living soil nematode.,FALSE,,FALSE,FALSE,,,,,
F,freezecracking,FALSE,FALSE,Freeze-cracking,,,,A method of fixation used for preparing animals for immunofluorescent staining in which the whole nematode is exposed to repeated cycles of freezing and thawing in dry ice/ethanol mixture prior to aldehyde fixation. The repeated cycle acts to break open the tough cuticle exterior to permeabilize the internal tissues to fixative and antibodies. See Anatomical Methods-Freeze-crack and Staining Protocol,FALSE,,FALSE,FALSE,,,,,
F,fusion,FALSE,FALSE,Fusion,,,,"1) Process through which two cells join to make one structure. In C. elegans , many cells in the developing nematode eventually undergo fusion to form syncytial tissues (e.g. hypodermis, muscle, glands) ( Podbilewicz and White, 1994 ). Cell fusion is also a key step in fertilization, bringing the spermatozoon inside of the oocyte (fusion of gametes). 2) Alternately, some cells can undergo self-fusion in order to produce ring-like structures; these include the sheath cells of many sensilla and some processes in gland cells. 3) Membrane fusion is involved during the release of chemical transmitters from synaptic vesicles or release of other intercellular signals from cells or glandular secretions.",FALSE,,FALSE,FALSE,,,,,
F,fusionpore,FALSE,FALSE,Fusion pore,,,,"An intermediate structure thought to occur during the process of membrane fusion between two cells, or membrane-bound organelles. Such structures are generally not well demonstrated by TEM as yet in C. elegans (but see Nguyen et al., 1999 ), although cell fusions are commonplace. Alternately, a distinctive type of fusion pore has been described in the spermatid , in which a membranous organelle within the cell fuses with the plasma membrane ( Achanzar and Ward, 1997 ). Here the fusion pore is reinforced by an electron dense “collar” on its cytoplasmic face that holds the pore open to allow the contents of the membranous organelle to flow through. A persistent fusion pore , albeit much larger, is maintained between germ cells and the rachis in the syncytial gonad; here again the pore is apparently maintained in an open state, reinforced by an electron dense material on the cytoplasmic face, most likely consisting of hemicentin ( Vogel and Hedgecock, 2001 ; Hall, unpublished).",FALSE,,FALSE,FALSE,,,,,
G,g1g2,FALSE,FALSE,G1 G2,,,ABprpaaaapa ABplapaapa,"Ventral ganglion neuroblasts present at hatching, located near the excretory pore . G1 divides in L1 to produce ring motor neurons/ interneurons RMHR ( G1.r ) and RMHL ( G1.l ). G2 divides in L2 to ring motor neurons /interneurons RMFR ( G2.ar ) and RMFL ( G2.al ) and excretory socket/pore cell ( G2.p ). See Excretory system",TRUE,WBbt:0004534 | WBbt:0004779 | WBbt:0004780 | WBbt:0005009 | WBbt:0005011 | WBbt:0005018 | WBbt:0005019,FALSE,TRUE,wormbase_id,,,,
G,gactin,FALSE,FALSE,G actin,,Globular actin | Monomeric actin,,"G actin is the monomeric form of actin that is often stored in large pools so that it is available to form long polymers in the presence of ATP. These polymers are called F actin (filamentous actin). G actin can also assemble with certain actin-binding proteins to form a gel-like network, a common cytoskeletal feature found in the lamellipodia of migrating cells or as reinforcement to the plasma membrane in cells under stress. See Actin See F actin",FALSE,,FALSE,FALSE,,,,,
G,gneuron,FALSE,FALSE,“g” neuron,,ASG cell,,See ASG cell,FALSE,,TRUE,FALSE,,,,,
G,galvanotaxis,FALSE,FALSE,Galvanotaxis,,,,"A behavior in which the animal orients its body motion to the direction of a local electrical field. Most nematodes seem to have this capability, moving towards the cathode, but the nature of the response is not understood. C. elegans has been observed to move directly towards or away from a current source in an electric field ( Sukul and Croll, 1978 ). See Taxis",FALSE,,FALSE,FALSE,,,,,
G,gamete,FALSE,FALSE,Gamete,,,,"A cell in the germline that will give rise to one or more germ cells (spermatozoa or oocytes) by later cell divisions and/or maturation. Alternately, a gamete or a “mature gamete” can refer to a mature oocyte or spermatozoon, with a haploid set of chromosomes, that is a cell that is competent to fuse with another gamete to create a zygote. In C. elegans, the two precursors of germline tissue are Z2 , Z3 , the daughters of embryonic founder cell P4 .",TRUE,WBbt:0004575 | WBbt:0004576 | WBbt:0006773,FALSE,FALSE,,,,,
G,gametogenesis,FALSE,FALSE,Gametogenesis,,,,"The process through which gametes, ova or spermatozoa, are created. For greater detail see Germ line See Oogenesis See Spermatogenesis",FALSE,,FALSE,FALSE,,,,,
G,ganglion,FALSE,FALSE,Ganglion,,,,"A cluster of neuron cell bodies (somata). In higher animals, virtually all ganglia also include a local zone of neuropil (synaptic processes), often as a distinct profusion of short branches surrounded by a ring of cell bodies. Thin glial sheets often separate the somata from the neuropil. However, in C. elegans most synapses are centralized in the nerve ring and the major motor nerve cords, so that many ganglia either lack neuropil, or exist as separate cell clusters in loose association with the nerve ring neuropil. Ganglia associated with the nerve ring include the dorsal, lateral (bilateral pair) and retrovesicular. Some ganglia in the tail have local neuropil only in the adult male (lumbar and dorso-rectal). Ganglia associated with the ventral nerve cord include the ventral and pre-anal.",FALSE,,FALSE,FALSE,,,,,
G,gapjunction,FALSE,FALSE,Gap junction,Electrical synapse,,,"A common (~600 per animal, White et al., 1986 ) intercellular junction found between opposing plasma membranes of two neighboring cells that allows the intercellular transfer of electrons and small molecules. These generally occur between two like cells within a tissue , but can also occur between nerve and muscle, or between somatic gonad and germline . While in higher vertebrates all gap junctions are formed by members of the connexin gene family, in nematodes and other invertebrates, these junctions appear to be formed only by members of the innexin family ( Phelan and Starich, 2001 ). These junctions may also be sites of metabolic coupling.",FALSE,,FALSE,FALSE,,,,,
G,gastrula,FALSE,FALSE,Gastrula,,,,"The form of the embryo at the end of gastrulation, at which time the germ layers have moved inside the embryo; the preceding stage is often called the blastula.",FALSE,,FALSE,FALSE,,,,,
G,gastrulation,FALSE,FALSE,Gastrulation,,,,"A key step in the early development of the embryo, in which some cells from the outside of an relatively undifferentiated, single mass of about 26 cells, begin to migrate inward from the ventral side to create an inner cell layer from which mesodermal tissues will eventually be derived. This step begins about 100 minutes after fertilization and is completed about 200 minutes later. By the end of gastrulation, many cells among both the inside and outside layers have begun to differentiate into distinctive cell types and tissues, and the embryo begins to elongate. The first cells to ingress at gastrulation are the founder cells Ea and Ep (which found the intestine), P4 (which founds the germline), the MS daughters, and some cells stemming from C , D and AB founder cells. Gastrulation has been described in detail for C. elegans by Sulston et al. (1983) , Lee and Goldstein (2003) and by Nance et al. (2005) . See Elongation",TRUE,WBbt:0003810 | WBbt:0004015 | WBbt:0004873 | WBbt:0006612 | WBbt:0006733 | WBbt:0006773,FALSE,FALSE,,,,,
G,genitalia,FALSE,FALSE,Genitalia,,,,"This term is used to refer to the secondary sexual features of the hermaphrodite and male. Male genitalia includes the male tail, such as the fan, rays, spicules, and gubernaculum while the hermaphrodite's primary feature is the vulva .",FALSE,,FALSE,FALSE,,,,,
G,genitalpapilla,FALSE,FALSE,Genital papilla/papillae,,,,"This term may sometimes be used to refer collectively to the male tail rays , the hook , spicules , and post-cloacal sensilla , and in older nematode literature was meant to refer specifically to the rays . The term could also refer more literally to an intermediate stage during ray formation, just prior to ray extension, when each ray cell group actually does take the form of a small bump in the cuticle, e.g. a papilla , before the ray extends to adopt its adult appearance.",FALSE,,FALSE,FALSE,,,,,
G,genitalsenseorgans,FALSE,FALSE,Genital sense organs,,,,"Refers to the sensilla of the male tail, including those of the spicules , rays , and those surrounding the cloacal opening .",FALSE,,FALSE,FALSE,,,,,
G,genitaltract,FALSE,FALSE,Genital tract,,,,See Reproductive tract,FALSE,,TRUE,FALSE,,,,,
G,genome,FALSE,FALSE,Genome,,,,"The complete collection of genes encoded within the nucleus of a cell, including both expressed and unexpressed gene sequences. The 97-megabase genomic sequence of C. elegans revealed over 19,000 genes, ~40% of which have predicted protein products that match those in other organisms ( C. elegans Sequencing Consortium, 1998 ). See Piano et al. 2006 for more detail. WormBase is an online resource for information on the genomics of C. elegans .",FALSE,,FALSE,FALSE,,,,,
G,gentletouch,FALSE,FALSE,Gentle touch,,Light touch,,"A mechanosensory behavior, mediated by six touch receptor neurons . Response to gentle touch is tested by stroking the worm with a eyebrow hair (see video ). Stroking the anterior portion of the animal results in backward movement while touching the tail causes the animal to move forward (For review see Bounoutas and Chalfie, 2007 ). See Harsh touch See Mechanoreceptor neurons See Mechanosensation See Touch response",FALSE,,FALSE,FALSE,,,,,
G,geotaxis,FALSE,FALSE,Geotaxis,,,,"Directed movement in response to the gravitational field that causes the animal to become oriented to the source. Positive geotaxis is down toward the direction of gravity and carries the animal into the soil, whereas negative geotaxis carries the animal upwards. No response to gravity has yet been demonstrated in C. elegans . See Taxis",FALSE,,FALSE,FALSE,,,,,
G,germcell,FALSE,FALSE,Germ cell,,,,"Any member cell of the male or female germline, including sperm, oocytes, and their precursors. In the nematode gonad, the germ line proliferates from one primordial germ cell (PGC). Immature germ cells are not completely cellularized; instead they each maintain a syncytial linkage via the rachis , yet also retain their individual plasma membrane borders. Individual “cells” seem to act independently within this syncytium, therefore each connecting element, containing one nucleus, a few cytoplasmic organelles and a bounding plasma membrane is considered a separate germ cell. See Oocyte See Spermatocyte See Rachis",FALSE,,FALSE,FALSE,,,,,
G,germlayer,FALSE,FALSE,Germ layer,,Embryonic germ layer,,"In higher animals, this term refers to three principal groups of cells that lie in separate layers and give rise to separate tissues: ectoderm, mesoderm and endoderm. In C. elegans , such cell groups begin as just small cell clusters in the early embryo, rather than as clearly separate layers (ectoderm = AB + C blast cells; mesoderm = MS + C ; endoderm = E ). Their lineages are not as restricted as expected, so that the AB lineage provides a few mesodermal cells, while the MS lineage provides a few ectodermal cells. Nonetheless, the term is occasionally used within C. elegans literature to reference these few blast cells ( von Ehrenstein and Schierenberg, 1980 ).",TRUE,WBbt:0003810 | WBbt:0004015 | WBbt:0004804,FALSE,FALSE,,,,,
G,germplasm,FALSE,FALSE,Germ plasm,,Germinal plasm | Nuage,,"Cytoplasm found in germline cells but not somatic cells. Germ plasm is composed of specific cytoplasmic components (proteins, P granules, and nuclear DNA) present in the early embryo that segregate only to the progenitor cells of the germline and not to the progenitors of the somatic lineages. This segregation process begins with the very earliest cell divisions in the embryo ( Gönczy and Rose, 2005 ) and restricts germ plasm to the posterior P blastomeres, both by intracellular transport and anchorage of these elements to the posterior pole ( Guo and Kemphues, 1995 ; Boyd et al., 1996 ; Lyczak et al., 2002 ), and by active degradative mechanisms ( Spike and Strome, 2003 ; Pellettieri et al., 2003 ). This active degradation is one of the mechanisms by which the germ plasm matures into embryonic cytoplasm in all somatic cells, while the germline progenitor cells segregate and retain germ plasm at the posterior pole of the embryo.",FALSE,,FALSE,FALSE,,,,,
G,germinalcell,FALSE,FALSE,Germinal cell,,Germline precursor,,"The founder cells of the germline, Z2 and Z3 (derived from P 4 ), and their daughters.",TRUE,WBbt:0004575 | WBbt:0004576 | WBbt:0006773,FALSE,FALSE,,,,,
G,germinalnucleus,FALSE,FALSE,Germinal nucleus,,,,"Referring to a nucleus of one of the founder cells of the germline ( Z2 or Z3 ), but not including nuclei that give rise to somatic gonad ( Z1 or Z4 ).",TRUE,WBbt:0004574 | WBbt:0004575 | WBbt:0004576 | WBbt:0004577,FALSE,FALSE,,,,,
G,germinalvesicle,FALSE,FALSE,Germinal vesicle,,,,"The nucleus of the primary oocyte at the time of fertilization; it is the source of the female pronucleus prior to pronuclear fusion. It generally lies at the opposite pole from the site of sperm entry, and seems to break down (Germinal Vesicle Break Down -GVBD) shortly after the fertilization event (Nigon, 1949; Nigon and Brun, 1955; McNally and McNally, 2005 ).",FALSE,,FALSE,FALSE,,,,,
G,germinalzone,FALSE,FALSE,Germinal zone,,Mitotic zone,,"The portion of the gonad in which the germ cells are mitotic. In the hermaphrodite, these are the distal portions of the ovaries which are found in the distal portion of each of the two gonad arms. The male germ line also exhibits distal-proximal polarity with the mitotic cell population located at the most distal end of the gonad in the testis.",FALSE,,FALSE,FALSE,,,,,
G,germline,FALSE,FALSE,Germline,,,,"The lineage that gives rise to all germ cells in an animal, that is the spermatozoa, oocytes and their precursors, through repeated cell divisions stemming from a single founder cell, the P 4 blastomere . See also Hubbard and Greenstein, 2005",TRUE,WBbt:0006773,FALSE,FALSE,,,,,
G,germlinefoundercell,FALSE,FALSE,Germline founder cell,P 4 blastomere,,,"The germline founder cell that gives rise, by mitotic cell divisions, to all of the germ cells, but does not contribute to the somatic portion of the gonad.",TRUE,WBbt:0006773,FALSE,FALSE,,,,,
G,germlineproliferation,FALSE,FALSE,Germline proliferation,,,,"The process by which the one primordial germ cell proliferates to become over a thousand cells in the adult animal. Initial proliferation occurs in the distal mitotic zone. Then, via a carefully regulated pathway, cells move proximally to a transition zone where they enter meiosis and later, gametogenesis. Germline proliferation arrests if larvae enter the dauer stage and resumes once normal development occurs.",FALSE,,FALSE,FALSE,,,,,
G,germlinetumor,FALSE,FALSE,Germline tumor,,,,"A mutant phenotype involving germline proliferation, in which the germ cells proliferate in unchecked divisions. In one case, they complete the early stages of meiotic prophase, but then exit pachytene and return to a mitotic cycle. Mutations in gld-1 produce this phenotype in hermaphrodites, but not males ( Francis et al., 1995 ). Other studies have shown that an inappropriate interaction between proximal sheath cells and undifferentiated germ cells can drive the formation of a proximal germline tumor implicating the somatic gonadal sheath in the regulation of germline development ( Killian and Hubbard, 2005 ).",FALSE,,FALSE,FALSE,,,,,
G,gfp,FALSE,FALSE,GFP,Green fluorescent protein,,,"A commonly used molecular marker used in transgenic strains to label a gene product, organelle, cell or tissue in live animals. The original gene was derived from jellyfish and gives off a green color under fluorescent illumination ( Chalfie et al., 1994 ). Alternate versions are now available which give other colors such as yellow and cyan ( Miller et al., 1999 ). Using GFP in reporter gene fusions in C. elegans has become a well used tool for visualizing gene expression patterns ( Boulin et al., 2006 ). See CFP See YFP",FALSE,,FALSE,FALSE,,,,,
G,glandcell,FALSE,FALSE,Gland cell,,,,"A variety of very different cell types which share cytoplasmic features (such as large membrane-bound granules) that suggest a role in secretion, thus termed gland cells. Most, but not all, extend long ducts or cell processes away from the cell body to the site of secretion. They lie in different parts of the bodies, in association with very different tissues, and may open externally or internally. Listed below are the gland cell types of C. elegans . Only the pharyngeal glands seem to have direct innervation ( Albertson and Thomson, 1976 ). Although common in some other nematode species, there are no “caudal” glands in C. elegans , which would secrete material out of the extreme tail tip. Amphid glands = amphid sheath cells with external opening Pharyngeal glands = g1 (3 cells, one pair fused) and g2 (2 cells) all open to pharynx lumen (see also Pharynx Atlas ) Excretory gland = fusion of two cells and opens to excretory duct Rectal gland = composed of 3 (non syncytial) cells, opens to intestinal lumen",FALSE,,FALSE,FALSE,,,,,
G,glialcell,FALSE,FALSE,Glial cell,,,,"In C. elegans , the sheath cells, socket cells and structural cells bear some resemblance to glia, since they provide thin wrapping structures around neuropil or axons, or produce protected environments for nerve endings (dendrites). They may also provide substrates for outgrowth of growth cones ( Wadsworth et al., 1996 ). See Neuronal support cells . While the GLR cells have been named as if they might serve a glial function in the nervous system, in fact they appear to belong more properly to the mesoderm and act as scaffold cells to the head muscles, not directly touching the nerve ring itself, and therefore not serving a glial function per se. See Scaffold cell",FALSE,,FALSE,FALSE,,,,,
G,glottis,FALSE,FALSE,Glottis,,Metastom,,The portion of the posterior buccal cavity where cuticular flaps operate to open and close the pharyngeal lumen. See Flaps,FALSE,,FALSE,FALSE,,,,,
G,glycocalyx,FALSE,FALSE,Glycocalyx,,Surface coat | Envelope,,"This term has multiple uses: 1) An outer coating of the cuticle , often called the “ surface coat ” of the epicuticle. While its molecular makeup is not completely understood, it may include glycoproteins (proteoglycans and mucins) and many tissues may contribute components to it though it is known that it is non-collagenous. There are suggestions that some portions are secreted from the pharyngeal and excretory glands ( Singh and Sulston, 1978 ; Bird and Bird, 1991 ), the excretory system ( Nelson and Riddle, 1984 ; Bird et al., 1988; and by analogy to T. canis data Blaxter et al., 1992 ), the sensory sheath cells of the sensilla (Anne Hart’s data), possibly from the lumenal surface of the intestine, material deposited by transcuticular mechanisms from beneath the cuticle ( Blaxter and Bird, 1997 ), or even material secreted by the newly fertilized embryo (Hall, unpublished). Some species of nematodes have specialized glands in the head or tail (epidermal glands) that contribute secretions to the glycocalyx ( Bird and Bird, 1991 ). By analogy, it seems possible that the rectal glands in C. elegans tail may also contribute to the cuticle's glycocalyx. The glycocalyx may serve multiple functions, including as a lubricant (to aid in the animal’s movements through the environment), as a protective agent or in pheromone signaling to other nematodes. 2) The extracellular coating on microvilli of intestinal cells facing the lumen. The molecular nature of this feature has not yet been determined in C. elegans . 3) The extracellular coating over the lumenal surface of the excretory canal sinus. Known to include LET-653 mucin ( Guerardel et al., 2001 ). 4) The extracellular coat on the surface of the uterine epithelium , facing the lumen which may help to cement the lumen into an “open” position to create the egg chamber in the adult gonad (White, Southgate and Hall, unpublished). 5) A covering of the surface of the proximal 2-3 oocytes between the sheath and the oocytes. 6) The temporary coat on the young embryo immediately after fertilization, which forms within seconds and is then shed upon secretion of the eggshell.",FALSE,,FALSE,FALSE,,,,,
G,glycogen,FALSE,FALSE,Glycogen,,,,"A polysaccharide molecule used as a means to store glucose in certain tissues. It is prominently seen by TEM in muscle arms and in hypodermis in well fed C. elegans adults. These small storage granules have an electron lucent, particulate appearance by TEM (about 10-40 nm diameter), often appearing brighter than any other object, as if they fail to stain or even to be infiltrated by the plastic resin. They may appear as very light particles in thick sections observed by light microscopy. They lie in large free clusters in the cytoplasm, away from other organelles, and have no associated membrane. See Gut granule",FALSE,,FALSE,FALSE,,,,,
G,golgi,FALSE,FALSE,Golgi,,Golgi apparatus | Golgi body | Dictyosome,,"Large membranous organelles lying in the cell cytoplasm, often clustered near the nucleus and the RER; more numerous in cells with high level of secretory activity.",FALSE,,FALSE,FALSE,,,,,
G,gonad,FALSE,FALSE,Gonad,,,,"A specialized tissue of the reproductive tract that produces the male or female gametes. In hermaphroditic nematodes, one gonad, or “ovotestis”, can produce both male gametes and female gametes in succession. The reproductive tract in the hermaphrodite has two equivalent gonad “arms”, while the male has a one-armed gonad. Each gonad arm bends in the middle (a reflexion, often called the ""loop"" ). As it grows longer, that portion lying closer to the gonopore (vulva or cloaca) is termed the “proximal arm”, while the “distal arm” lies further away with the extreme end named the "" distal tip ”. Each mature gonad arm generally consists of a core of germline cells surrounded by an outer somatic epithelium ( somatic gonad ), comprised of the gonad sheath (ovary), spermatheca , uterus (oviduct) and vulva in the hermaphrodite, or gonadal sheath, seminal vesicle and cloaca in the male . See Distal tip cell See Ovary See Oviduct See Sheath See Seminal vesicle See Testis See Uterus See Vas deferens",FALSE,,FALSE,TRUE,entity_id == anchor,,,,
G,gonadalleader,FALSE,FALSE,Gonadal leader,,Distal tip cell | Linker cell,,"The somatic gonad cell, also known as the distal tip cell (in the hermaphrodite) or the linker cell (in the male), which guides the outgrowth of the gonad primordium into an extended tube-shaped structure. It crawls along the bodywall, pulling or leading the developing gonadal cells which are behind it, while also secreting a signal which causes nearby germ cells to remain in mitosis. The two-armed gonad in the hermaphrodite has two leader cells, whereas the one-armed male gonad has one leader cell. See Distal tip cell See Linker cell",FALSE,,FALSE,FALSE,,,,,
G,gonadalmigration,FALSE,FALSE,Gonadal migration,,,,"This term refers to the gross movement of the whole structure of the gonad along the bodywall, behind the gonadal leader cell and away from the developing vulva. The gonad primordium begins as a cluster of four blast cells on the ventral side of the midbody in the embryo. During larval stages these cells begin to divide and create a much larger mass of cells which then must be shaped into a long tubular epithelium surrounding an extended mass of germ cells. Eventually, each gonad arm migrates away from the vulva, turns dorsally and then reflects back towards the midpoint along the bodywall. See animation . See Distal tip cell See Reflexion",FALSE,,FALSE,FALSE,,,,,
G,gonadalprimordium,FALSE,FALSE,Gonadal primordium,,,,"A small cluster of cells in the embryo and young larva that begin to develop into the gonad during the late L1 stage. Initially the primordium consists of just four cells: Z1 and Z4 give rise to the somatic cells of gonad, while Z2 and Z3 give rise to the germline itself. Their subsequent lineages are sex-specific and occur during larval development ( Kimble and Hirsh, 1979 ).",TRUE,WBbt:0004576 | WBbt:0004577,FALSE,FALSE,,,,,
G,gonadogenesis,FALSE,FALSE,Gonadogenesis,,,,"The developmental process through which the adult gonad is formed from an initial set of four blast cells, Z1 , Z2 , Z3 , Z4 , born in the early embryo ( Kimble and Hirsh, 1979 ).",TRUE,WBbt:0004574 | WBbt:0004575 | WBbt:0004576 | WBbt:0004577,FALSE,FALSE,,,,,
G,gonadsheath,FALSE,FALSE,Gonad sheath,,Cellular sheath | Somatic sheath,,"A set of five cell pairs which form a thin continuous tube surrounding the proximal portions of the ovary and covering the maturing oocytes from the spermatheca to the loop region and over the near portion of the distal gonad arm. These cells are tightly joined to each other and to the spermatheca by adherens junctions, have fenestrations which permit yolk to pass from the pseudocoelom to maturing oocytes, and communicate directly to mature oocytes by gap junctions. The most distal sheath cell pair extends long filapodia over the distal germline to stretch the sheath over the distal arm ( Hall et al., 1999 ). See Contractile gonad sheath of the hermaphrodite",FALSE,,FALSE,FALSE,,,,,
G,gonochoristic,FALSE,FALSE,Gonochoristic,,Gonochoric,,The method of reproduction in which male and female germ cells are provided by two sexes and fertilized within the female. As opposed to hermaphroditism or parthogenesis. See Dioecious See Hermaphrodite,FALSE,,FALSE,FALSE,,,,,
G,gonoduct,FALSE,FALSE,Gonoduct,,,,"An archaic term referring collectively to those passageways which carry germ cells or fertilized oocytes within the body, e.g. the gonad sheath, uterus, and vulva in the hermaphrodite, and the vas deferens in the male. See Reproductive tract",FALSE,,FALSE,FALSE,,,,,
G,gonopore,FALSE,FALSE,Gonopore,,,,A narrow body opening through which germ cells and/or embryos are released into the exterior. See Cloaca See Vulva,FALSE,,FALSE,FALSE,,,,,
G,gpilinkage,FALSE,FALSE,GPI-linkage,GPI-anchor | GPI-anchorage,,,A protein that becomes attached to the plasma membrane via a specific covalent linker involving glycosylphosphotidylinositol (GPI) rather than via a transmembrane protein sequence.,FALSE,,FALSE,FALSE,,,,,
G,granule,FALSE,FALSE,Granule,,,,"A dark-staining object in the cell cytoplasm or in the nucleoplasm. These usually correspond to a membrane-bound, secretory or storage vesicle (a yolk granule , for instance), but could also refer to a compact dense structure without a membranous coat (such as a P granule ). Alternately, an “internal granule” can be a small dark object lying within a larger clear vesicle or vacuole ( Leung et al., 1999 ). See Glycogen See P granules See Secretory granule",FALSE,,FALSE,FALSE,,,,,
G,gravid,FALSE,FALSE,Gravid,,,,Generally means carrying eggs or unborn young (being pregnant). In C. elegans refers to an adult hermaphrodite full of fertilized eggs and embryos . See Post-reproductive,FALSE,,FALSE,FALSE,,,,,
G,grinder,FALSE,FALSE,Grinder,,Teeth | Cuticle knobs | Esophageal valve,,"A highly specialized cuticle region of the pharynx inside the lumen of the second bulb , secreted by the lumenal surface of the pm6 and pm7 muscle cells ( Avery and Thomas, 1997 ). The grinder appears to physically break open bacteria to aid in their digestion. These irregular teeth are probably scraped against one another by motor actions of radial muscles ( pm6 ) and longitudinal muscles ( pm7 ). Some authors interpret this structure as a valve rather than a feeding apparatus ( Nicholas, 1975 ). In this interpretation, the interlocking teeth are essential to regulate pressure changes within the lumen and to seal the contents from backflow out the buccal opening during pumping. Nicholas (1975) suggests that high turgor pressure will normally act to shut down the lumen, but that coordinated opening of first the anterior and then the posterior haustrulum (by muscle contractions in the second bulb) permits one-way passage of food particles via a click-shut mechanism of the valve’s teeth. See Haustrulum",TRUE,WBbt:0003721 | WBbt:0003724,FALSE,FALSE,,,,,
G,groundsubstance,FALSE,FALSE,Ground substance,,Ground material | Matrix,,Material which evenly fills the cytoplasmic space (cytosol) or extracellular space in a proscribed region. It may be of medium density or very electron dense. It often forms a distinct background for other darker or lighter objects (with more distinctive borders or membranes) within the same space.,FALSE,,FALSE,FALSE,,,,,
G,growthcone,FALSE,FALSE,Growth cone,,,,"An enlargement of the distal end of a growing axon, from which several lamellipodia and thin filapodia extend along the bodywall to lead the growth cone in a particular direction, based upon the reception of guidance cues from the local environment. Receptors expressed in the growth cone membrane are thought to transduce attractive and repulsive cues which either promote further filapodial (or lamellipodial) extensions towards the signal source, or cause filapodial collapse and turning away. The shape of the growth cone is very plastic, based upon actin-based cytoskeletal dynamics, whereas the trailing axon shape is more stable, based mostly upon microtubule extension to shape its structure. See Guidance cue See Filapodium See Follower axon See Pioneer axon",FALSE,,FALSE,FALSE,,,,,
G,gubernaculum,FALSE,FALSE,Gubernaculum,,Spicular pouch,,"A sclerotized cuticular structure at the base of the male tail fan which houses the retracted spicules and guides the eversion of the spicules through the anus. It also features a small sensory “ hook ” at the base of the spicules which may be involved in triggering their eversion. In some references, this structure also includes the cloacal opening , and the ventral side of the tail fan. Alternately, Sulston et al. (1980) uses this term to refer only to the sclerotized cuticle itself; but this usage seems non-standard.",FALSE,,FALSE,FALSE,,,,,
G,gubernacularmuscles,FALSE,FALSE,Gubernacular muscles,,,,A specialized set of sex-specific muscles attached to the gubernaculum in the male tail which are required to change the shape of the gubernaculum during male mating behavior. These two bilateral muscle pairs are the gubernacular erectors ( gecL / R ) and retractors ( grtL / R ).,TRUE,WBbt:0003793 | WBbt:0003794 | WBbt:0003795 | WBbt:0003796,FALSE,FALSE,,,,,
G,guidancecue,FALSE,FALSE,Guidance cue,,,,"Items along the trajectory of a moving object (whole animal, cell, tissue, organelle, or cell part) that are used in determining changes in direction. They can consist of physical barriers to continued progress, differences in adhesive qualities of the substrate, or molecular signals provided into the medium as soluble factors or membrane-bound moieties. Molecular cues might be arrayed as graded signals along the trajectory, or in broad stripes, and may be attractive or repulsive to the moving object.",FALSE,,FALSE,FALSE,,,,,
G,guidepostcell,FALSE,FALSE,Guidepost cell,,,,This term is used in reference to a common mechanism of axon guidance. The guidepost cell is thought to present a “guidance cue” on its plasma membrane or secrete the cue into its surround (perhaps onto the local basal lamina). The cue molecules act to attract or repel the advance of certain axon growth cones which express a receptor for that guidance cue.,FALSE,,FALSE,FALSE,,,,,
G,gustatoryplasticity,FALSE,FALSE,Gustatory plasticity,,,,"A form of chemotaxis behavior in which pre-exposure to high salt changes the animal’s preference to intermediate salt concentrations ( Jansen et al., 2002 ).",FALSE,,FALSE,FALSE,,,,,
G,gut,FALSE,FALSE,Gut,,Intestine,,A general term which may refer both to the intestine and to related muscles and valves which regulate intake or outflow of its contents.,FALSE,,FALSE,FALSE,,,,,
G,gutgranule,FALSE,FALSE,Gut granule,,,,"A nonspecific term which may encompass a variety of different inclusions within the intestinal cytoplasm, including birefringent crystalline objects and other dark-staining endosomes. Their contents might include glycogen granules (polysaccharide storage), rhabditin (carbohydrate storage), yolk granules (lipid and protein), and concentrated waste products. In some naming schemes, the more highly birefringent crystals may be termed as “spheroids” or “spherocrystals” while dense-staining, less birefringent objects are categorized as gut granules, and non-staining polysaccharide deposits are categorized separately as glycogen granules. See Glycogen See Rhabditin See Yolk",FALSE,,FALSE,FALSE,,,,,
G,gymnostom,FALSE,FALSE,Gymnostom,,Prostom,,"The middle portion of the buccal capsule, bordered by the arcade cells. This region lies just anterior to the stegostom and posterior to the cheilostom ( Dolinski et al., 1998 ).",FALSE,,FALSE,FALSE,,,,,
H,hband,FALSE,FALSE,H band,,,,"A well known feature of striated muscle in higher animals; a central, light staining region running in the middle of the A band . It is replaced by the “H zone” in C. elegans obliquely striated muscles. See H zone",FALSE,,FALSE,FALSE,,,,,
H,hneuron,FALSE,FALSE,“h” neuron,,ASH cell,,See ASH cell,FALSE,,TRUE,FALSE,,,,,
H,hzone,FALSE,FALSE,H zone,,,,"A thin dark line seen by polarized light running down the center of the A band in bodywall muscle sarcomeres. The A-band is very bright and contains interdigitating thick and thin filaments; the darker H zone contains only thick filaments ( Miller et al., 1983 ; Waterston, 1988) .",FALSE,,FALSE,FALSE,,,,,
H,habituation,FALSE,FALSE,Habituation,,,,"The reduction or absence of response after continued stimulation. This behavioral plasticity is commonly observed in C. elegans after repeated tapping of the head or tail with a hair or eyelash (See Rankin, 2005 ; Goodman, 2006 ). Similar reductions in response may also occur after prolonged exposure to chemical stimuli or other forms of stimulation ( Rose and Rankin, 2001 ). See Neural plasticity",FALSE,,FALSE,FALSE,,,,,
H,halfdesmosome,FALSE,FALSE,Half-desmosome,,Hemidesmosome | Hemi-adherens junction,,A term which is now archaic as molecular evidence suggests that the structure should be called a hemi-adherens junction. See Hemi-adherens junction,FALSE,,FALSE,FALSE,,,,,
H,harshtouch,FALSE,FALSE,Harsh touch,,Hard touch,,"An aversive mechanical stimulus (e.g. poking the body with a metal wire), which is different than response to “gentle touch” (for instance with an eyelash to the bodywall). Harsh touch is transduced by the PVD sensilla in the back half of the body ( Driscoll and Kaplan, 1997 ). Study of the genetics of sensory mechanotransduction have helped to elucidate the cellular and molecular components required to respond to harsh (and gentle) touch ( Ernstrom and Chalfie, 2002 ). See Touch response",FALSE,,FALSE,FALSE,,,,,
H,hatchees,FALSE,FALSE,Hatchees,,,,Recently hatched L1 larvae .,FALSE,,FALSE,FALSE,,,,,
H,hatching,FALSE,FALSE,Hatching,,,,"A multi-step process, first described for C. elegans by Singh and Sulston (1978) , by which the developing embryo makes an opening in the egg shell and exits this covering. Secretions from pharyngeal glands may promote he gradual weakening of the eggshell, which becomes visibly softer and more pliable in the hour just before eclosion. Once weakened, the motions of the three-fold embryo cause distortions of the whole shell and eventually the eggshell ruptures, allowing the new L1 larva to emerge from the broken shell. See Eclosion",FALSE,,FALSE,FALSE,,,,,
H,hatchoff,FALSE,FALSE,Hatch-off,,,,"A method for producing synchronized L1 progeny from an egg plate, either by picking individual maturing oocytes or by washing off hatching L1s as they get free of the eggshell. Eggs and eggshells tend to stick to an agar plate more avidly than a crawling L1 larva. See Egg plate See Lay-off",FALSE,,FALSE,FALSE,,,,,
H,haustrulum,FALSE,FALSE,Haustrulum,,,,"A wide chamber within the pharyngeal lumen of the second bulb, immediately anterior and posterior to the grinder in some nematodes. It is not clear if this feature can be specifically identified in C. elegans ( Nicholas, 1975 ).",FALSE,,FALSE,FALSE,,,,,
H,head,FALSE,FALSE,Head,,,,"A commonly used term in C. elegans literature that refers to the anterior end of the animal. This typically includes the anterior sensilla, pharynx and all muscles that are innervated by the nerve ring. Behind the head lies the body (or mid-body), including the intestine and reproductive tract.",FALSE,,FALSE,FALSE,,,,,
H,headlobe,FALSE,FALSE,Head lobe,,,,See Membranous organelle,FALSE,,TRUE,FALSE,,,,,
H,headmesodermalcell,FALSE,FALSE,Head mesodermal cell,hmc,,,"A large single H-shaped muscle cell in the head that straddles the isthmus or second bulb of the pharynx and is anchored to the bodywall at the outside edge of each muscle quadrant and linked to these bodywall muscles by gap junctions ( Sulston and Horvitz, 1977 ). Its exact function is unclear.",FALSE,,FALSE,FALSE,,,,,
H,headwithdrawal,FALSE,FALSE,Head withdrawal,,,,"A component of the foraging response, in which the animal quickly pulls its head away from a stimulus to the nose. The motion is mediated by the RMD motorneurons ( Hart et al, 1995 ), and occurs faster than the typical rhythm at which the head swings back and forth in normal foraging. See Foraging",FALSE,,FALSE,FALSE,,,,,
H,healthspan,FALSE,FALSE,Healthspan,,,,"The period of during adult life that is relatively free from age -related disease and physical impairment, which precedes senescent decline. See Lifespan",FALSE,,FALSE,FALSE,,,,,
H,heatavoidance,FALSE,FALSE,Heat avoidance,,,,See Thermal avoidance,FALSE,,TRUE,FALSE,,,,,
H,helminth,FALSE,FALSE,Helminth,,Parasitic worm,,"Any species of parasitic worm, including flatworms, tapeworms, threadworms, and nematodes (roundworms). Usually the eggs of these worms lodge in the intestine of the host animal where they hatch, grown and multiply.",FALSE,,FALSE,FALSE,,,,,
H,hemiadherensjunction,FALSE,FALSE,Hemi-adherens junction,,Hemidesmosome | Dense body | Half desmosome,,"A form of cellular attachment to extracellular matrices, homologous to the adherens junction, in which an asymmetric junction forms between a plasma membrane and a neighboring extracellular matrix (either basal lamina or cuticle). When attachments are to cuticle, there is often a corresponding dense specialization within the inner cuticle layer linked to the density on the plasma membrane. These junctions are common where hypodermis faces cuticle, and on the basal surface of some other epithelia, such as gonad sheath. The muscle dense body is probably a highly specialized form of hemi-adherens junction. See Adherens junction See Dense body See Fibrous organelle",FALSE,,FALSE,FALSE,,,,,
H,hemidesmosome,FALSE,FALSE,Hemidesmosome,,Hemi-adherens junction | Fibrous organelle | Dense body | Half desmosome,,A term which is now archaic as molecular evidence suggests that the structure should be called a hemi-adherens junction.,FALSE,,FALSE,FALSE,,,,,
H,hemiizonid,FALSE,FALSE,Hemizonid,,,,"A region of the ventral cuticle lying just posterior to the nerve ring that takes on a clear, lens-like appearance when viewed by light microscopy, apparently due to the close approach of the amphid commissure ( McLaren, 1976 ). See Amphid commissure See Caudalids See Cephalid",FALSE,,FALSE,FALSE,,,,,
H,hemizonion,FALSE,FALSE,Hemizonion,,,,A clear lens-like region of cuticle lying just posterior to the similar-looking hemizonid. See Hemizonid,FALSE,,FALSE,FALSE,,,,,
H,hermaphrodite,FALSE,FALSE,Hermaphrodite / Hermaphroditism,,,,"The more common sexual form of the nematode, Caenorhabditis elegans , in which the gonad generates both male and female gametes. The hermaphrodite is self-fertile, since its gametes can be brought together internally to create healthy progeny. These animals can also participate in sexual unions with male animals to create cross-progeny by internal fertilization of the hermaphrodite’s female gamete, or oocyte, with the male’s sperm. See Automictic See Gonochoristic",FALSE,,FALSE,FALSE,,,,,
H,herniation,FALSE,FALSE,Herniation,,,,A discrete bulging or local rupture in the basal lamina which allows a cell process to cross to the “wrong” side of a tissue border. The same term might be used to describe a discrete bulging in any other thin membrane or tissue. See Basal lamina See Fenestration,FALSE,,FALSE,FALSE,,,,,
H,hesitation,FALSE,FALSE,Hesitation,,,,"A distinctive behavior noted when mutant animals must attend and compare two competing signals, decoded by distinct receptors in different neurons. Mutant hen-1 animals react normally to either stimulus alone, but stop moving briefly (hesitate) when presented with two competing signals, unable to overcome the aversive stimulus ( Ishihara et al., 2002 ).",FALSE,,FALSE,FALSE,,,,,
H,heterotopy,FALSE,FALSE,Heterotopy,,,,"Variation in the relative position of an organ system from species to species. This term has been used with respect to the vulva position, which varies among nematode species in its position along the body axis ( Fitch and Thomas, 1997 ; Sommer and Sternberg, 1994 ), but could also be used to compare the relative positions of sensilla or other body parts between species.",FALSE,,FALSE,FALSE,,,,,
H,highfrequencymaleproducer,FALSE,FALSE,High frequency male producer,,,,A strain in which the spontaneous production of male progeny is increased above normal. In wild type C. elegans the normal production of males (due to spontaneous nondisjunction of the X chromosomes) is about 1 per 200 offspring; but him mutants may produce from 2-40% male progeny depending on the gene and allele.,FALSE,,FALSE,FALSE,,,,,
H,highincidenceofmales,FALSE,FALSE,Hi gh incidence of m ales,him,,,"A strain with a mutant phenotype in which the X chromosome is spontaneously lost at a relatively high rate during meiosis in the germline. This loss changes the normal XX karyotype of hermaphroditic progeny to XO, resulting in more males and fewer hermaphrodites ( Hodgkin et al., 1979 ). Generally, these males are fertile and appear normal in appearance and behavior when compared to spontaneous males. See Andric index See Spontaneous male",FALSE,,FALSE,FALSE,,,,,
H,hindgut,FALSE,FALSE,Hindgut,,,,"The more posterior portion of the intestine, just anterior to the sphincter valve, which is subject to squeezing by the somatal-intestinal muscles .",FALSE,,FALSE,FALSE,,,,,
H,histology,FALSE,FALSE,Histology,,,,The microscopic study of tissues to gain an understanding of the cellular and subcellular features of animal or plant life.,FALSE,,FALSE,FALSE,,,,,
H,holidicmedium,FALSE,FALSE,Holidic medium,,,,"A chemically defined culture medium, in which every component is well-defined. A defined medium containing one less well-characterized component, such as a cell extract, is termed a meridic medium. See Axenic medium",FALSE,,FALSE,FALSE,,,,,
H,holocentricchromosomes,FALSE,FALSE,Holocentric chromosomes,,,,"A normal feature of C. elegans chromosomes (as opposed to some other animal species which have “monocentric” chromosomes). During chromosome duplication at metaphase, monocentric chromosome pairs appear to be attached at only one position along their length, whereas “holocentric” chromosomes appear to line up in parallel and be closely attached at multiple positions ( Albertson and Thomson, 1982 ; White, 1973; Albertson et al., 1997 ). This property may be important in allowing the nematode to accurately segregate small chromosomal fragments (free duplications) to both daughter cells with minimal error, but also seems to facilitate a much higher level of chromosomal rearrangements ( Dernburg, 2001 ; Coghlan, 2006 ). See Kinetochore See Monocentric chromosomes",FALSE,,FALSE,FALSE,,,,,
H,holomyarian,FALSE,FALSE,Holomyarian,,,,"A condition in which a nematode muscle quadrant contains only 1 or 2 cells across, as opposed to “meromyarian” muscles which contain 2-5 cells across (as in C. elegans ), or “polymyarian” muscles which contain greater than 5 cells across within a quadrant (Schneider, 1860; Chitwood and Chitwood, 1950 ; Bird and Bird, 1991 ). See Meromyarian See Platymyarian",FALSE,,FALSE,FALSE,,,,,
H,homeostasis,FALSE,FALSE,Homeostasis/ Homeostatic,,,,The ability of an animal to regulate its internal environment to create stability despite external forces that might otherwise be either toxic or disruptive to normal growth and development.,FALSE,,FALSE,FALSE,,,,,
H,hook,FALSE,FALSE,Hook,,,,"A small lump on the gubernaculum of the male tail . This structure lies on the ventral surface just anterior and central to the base of the spicule openings and contains a sensory structure called the hook sensillum . Alternately, can refer to a curved extension protruding from some doublet microtubules in sensory axonemes which may act to connect parallel microtubules to their neighbors or to the plasma membrane of the cilium.",FALSE,,FALSE,FALSE,,,,,
H,hooksensillum,FALSE,FALSE,Hook sensillum,,Anterior sensillum,,"Two specialized sensory neurons ( HOA and HOB ) enclosed by a sheath cell (HOsh) and socket cell (HOso) on the ventral surface of the gubernaculum in the male tail. A narrow channel to the exterior suggests that the neurons could have chemosensory function. The hook points anteriorward , whereas the paired post-cloacal sensilla point in posteriolateral directions just behind the hook and cloacal opening.",FALSE,,FALSE,FALSE,,,,,
H,host,FALSE,FALSE,Host,,,,"The animal or plant species in which a parasitic species (of nematode) receives its nutrition or shelter, and in which it must infect prior to reproducing itself. Some species may require several different hosts in order to advance through a complete life cycle. See Life history See Parasite",FALSE,,FALSE,FALSE,,,,,
H,hostfinding,FALSE,FALSE,Host finding,,,,"A prominent behavior in parasitic nematodes which is necessary for completion of their life cycle. Some Rhabditid nematodes have a commensal lifestyle in the wild to live under the shells of isopods or snails, including C. remanei and C. vulgaris ( Baird et al., 1994 ; Baird, 1999 ). In such cases the nematode may utilize chemosensory circuits to identify and move towards one or more host species.",FALSE,,FALSE,FALSE,,,,,
H,hostpathogeninteraction,FALSE,FALSE,Host/ Pathogen interaction,,,,"This term can refer to either the success rate of infectivity (pathogen entering the host), or the success rate of killing (pathogen killing the host). See Hypervirulent",FALSE,,FALSE,FALSE,,,,,
H,hsn,FALSE,FALSE,HSN,HSNL | HSNR,Hermaphrodite specific neuron,ABplapppappa ABprapppappa,An isolated cell pair lying in the midbody of the adult that act to operate the vulval musculature during egglaying .,FALSE,,FALSE,TRUE,entity_id == cell name,,,,
H,hyalinesphere,FALSE,FALSE,Hyaline sphere,Yolk granule,,,,FALSE,,FALSE,FALSE,,,,,
H,hydrostaticskeleton,FALSE,FALSE,Hydrostatic skeleton,,Hydroskeleton,,"High internal pressure maintained within the pseudocoelom, pushing outward on the cuticle, can give the nematode a significant structural integrity not unlike the solid skeleton in higher animals. In fact, C. elegans is known to be able to leave the substrate and actively wave its body in the air (nictation), holding fast just by its tail.",FALSE,,FALSE,FALSE,,,,,
H,hypercontractionphenotype,FALSE,FALSE,Hypercontraction phenotype,,,,A class of muscle mutant (such as unc-90 ) in which the body displays a gross shortening and stiffness due to general contraction of all bodywall muscles at once.,FALSE,,FALSE,FALSE,,,,,
H,hyperoxia,FALSE,FALSE,Hyperoxia,,,,"A high level of oxygen in the environment (13-21% O 2 ), which the nematode finds stressful and aversive. The animal will use aerotaxis to move back to lower oxygen levels, and will become more social and show more “ bordering ” behavior on culture plates ( Gray et al., 2004 ).",FALSE,,FALSE,FALSE,,,,,
H,hypervirulent,FALSE,FALSE,Hypervirulent,,,,"Refers to bacterial strains which are exceedingly toxic when ingested by C. elegans ( Mylonakis et al., 2002 ). See Host/ pathogen interaction See Killing assay",FALSE,,FALSE,FALSE,,,,,
H,hypodermalcell,FALSE,FALSE,Hypodermal cell,,,,"Very few hypodermal cells maintain separate identities after morphogenesis in the embryo as most fuse into larger hypodermal syncytia almost immediately ( Podbilewicz and White, 1994 ). Exceptions to this rule include hyp 8, hyp 9 and hyp 11 in the tail ( Nguyen et al., 1999 ). The same rule holds true for later larval lineages, where additional hyp cells are born, begin to differentiate and then fuse into local syncytia. See Hypodermal syncytium",FALSE,,FALSE,FALSE,,,,,
H,hypodermalridge,FALSE,FALSE,Hypodermal ridge,,Hypodermal cord | Hypodermal line,,"The set of longitudinal swellings of hypodermal tissue that develop during elongation phase of embryogenesis and persist throughout the life of the animal. Hypodermal tissue becomes squeezed aside as the four bodywall muscles quadrants settle against the cuticle resulting in a series of four distinct rows of hypodermal tissue in two wide lateral ridges and thinner ventral and dorsal ridges of hypodermis along the full length of the larva and adult. A fifth anal ridge of hypodermis extends posteriorly into the tail tip. Within each ridge are the nuclei of the hypodermal syncytium, while very thin hypodermal extensions wrap underneath each row of muscle cells to connect all the ridges together. See Cord/ Chord See Lateral line",FALSE,,FALSE,FALSE,,,,,
H,hypodermalsegmentation,FALSE,FALSE,Hypodermal segmentation,,,,"A series of hypodermal syncytia adopt restricted circumferential territories along the length of the body, including 5 sets of syncytia occupying narrow territories in the lips, hyp 6 covering a portion of the head and hyp 7 covering most of the length of the body. The posterior tail is not organized in the same circular territories, but one can still see a rough segmentation, numbering anteriorly to posteriorly hyp 8 + hyp 12, hyp 9 + hyp 11 and hyp10.",FALSE,,FALSE,FALSE,,,,,
H,hypodermalsyncytium,FALSE,FALSE,Hypodermal syncytium,,,,"The characteristic fate of hypodermal cells is to quickly fuse to create larger syncytia, most of which encircle a given segmental region along the length of the body. Their cell bodies and most cytoplasm are clustered in hypodermal cords along the lateral, ventral and dorsal sides, connected by very thin cell extensions running beneath the muscle quadrants, always closely apposed to the body cuticle. Virtually all syncytia lie within the bodywall, comprising the most peripheral tissue covering the whole body, eg. the ectoderm.",FALSE,,FALSE,FALSE,,,,,
H,hypodermis,FALSE,FALSE,Hypodermis,,Ectodermis | Epidermis,,"The accepted term for the primary epidermis in nematodes ( Chitwood and Chitwood, 1950 ; Bird and Bird, 1991 ), consisting of a single layer of cells directly underlying (and secreting) the cuticle. Most of the hypodermal cells become syncytial during embryogenesis , so that the hatched larva is covered by just a small number of hypodermal syncytia, some having over 100 nuclei. Several forms of interfacial (transitional) epidermal cells are also considered part of the hypodermis, including the seam cells , the socket cells and those cells specialized to secrete the cuticular linings of the buccal cavity, vulva and rectum.",FALSE,,FALSE,FALSE,,,,,
H,hypodermoblast,FALSE,FALSE,Hypodermoblast,,,,"An undifferentiated ectodermal cell that is fated to yield a mature hypodermal cell, or to divide to produce accessory neurons, glial cells and one hypodermal cell.",FALSE,,FALSE,FALSE,,,,,
H,hypoxia,FALSE,FALSE,Hypoxia/ Hypoxic,,,,"A very low level of oxygen in the culture medium (0.5%-4% O 2 ), under which C. elegans shows reduced activity and sometimes death ( Epstein et al., 2001 ; Jiang et al., 2001 ). Survival from long term hypoxia seems to involve different molecular mechanisms than those required for survival from complete anoxia ( Padilla et al., 2002 ). See Anoxia See Cryptobiosis See Hyperoxia See Normoxia",FALSE,,FALSE,FALSE,,,,,
I,iband,FALSE,FALSE,I band,,I zone,,"A dark stripe running lengthwise within the sarcomere of bodywall muscles, best viewed by polarized light or antibody staining. I bands run in parallel with A bands to form a series of alternating bright and dark bands (comprised mostly of myosin and actin) ( Miller et al., 1983 ; Waterston, 1988). The I band contains only actin filaments. See A band See Actin See M line",FALSE,,FALSE,FALSE,,,,,
I,icell,FALSE,FALSE,I cell,,,,Can refer to intestinal cell,FALSE,,FALSE,FALSE,,,,,
I,ineuron,FALSE,FALSE,“i” neuron,,ASI,,,FALSE,,FALSE,FALSE,,,,,
I,i1neuron,FALSE,FALSE,I1 neuron,I1L | I1R,,ABalpapppaa ABarapappaa,Pharyngeal interneuron,FALSE,,FALSE,TRUE,entity_id == cell name,,,,
I,i2neuron,FALSE,FALSE,I2 neuron,I2L | I2R,,ABalpappaapa ABarapapaapa,Pharyngeal interneuron,FALSE,,FALSE,TRUE,entity_id == cell name,,,,
I,i3neuron,FALSE,FALSE,I3 neuron,I3,,MSaaaaapaa,Pharyngeal interneuron,FALSE,,FALSE,TRUE,entity_id == cell name,,,,
I,i4neuron,FALSE,FALSE,I4 neuron,I4,,MSaaaapaa,Pharyngeal interneuron,FALSE,,FALSE,TRUE,entity_id == cell name,,,,
I,i5neuron,FALSE,FALSE,I5 neuron,I5,,ABarapapapp,Pharyngeal interneuron,FALSE,,FALSE,TRUE,entity_id == cell name,,,,
I,i6neuron,FALSE,FALSE,I6 neuron,I6,,MSpaaapaa,Pharyngeal interneuron,FALSE,,FALSE,TRUE,entity_id == cell name,,,,
I,iln,FALSE,FALSE,ILN,IL2DL | IL2DR | IL2L | IL2R | IL2VL | IL2VR,IL2 neuron,ABalapappap ABalappppap ABalapaappp ABalaappppp ABalppapppp ABarapppppp,Inner labial neuron,FALSE,,FALSE,TRUE,entity_id == cell name,,,,
I,ilr,FALSE,FALSE,ILR,IL1DL | IL1DR | IL1L | IL1R | IL1VL | IL1V R,IL1 neuron,ABalapappaaa ABalappppaaa ABalapaappaa ABalaappppaa ABalppapppaa ABarapppppaa,Inner labial neuron,FALSE,,FALSE,TRUE,entity_id == cell name,,,,
I,immuneresponse,FALSE,FALSE,Immune response,Innate immunity,,,"The mechanism of resisting pathogen infection. Because of the chemical and mechanical nature of the nematode's cuticle, most pathogens infect C. elegans after being ingested. As such, C. elegans has a navigation system that allows it to try and avoid noxious factors. Pathogen avoidance may be mediated by the Toll receptor ( Pujol et al., 2001 ; Ewbank, 2006 ). Other work has implicated a role for stress response genes in the immune response ( Garsin et al., 2003 ; Ewbank, 2006 ). See Gravato-Nobre and Hodgkin (2005) for review on innate immunity in C. elegans .",FALSE,,FALSE,FALSE,,,,,
I,imprinting,FALSE,FALSE,Imprinting,,,,"A simple form of learning in nematodes in which an individual animal's exposure to a specific set of conditions, such as thermal ( Hedgecock and Russell, 1975 ) and olfactory cues ( Remy and Hobert, 2005 ), during a critical developmental time period alters the animal's behavior upon encountering similar conditions later in life. Olfactory imprinting was found to be mediated by a single pair of interneurons suggesting a role for chemosensory receptors in this behavior ( Remy and Hobert, 2005 ).",FALSE,,FALSE,FALSE,,,,,
I,inbred,FALSE,FALSE,Inbred/ Inbreeding,,,,The repeated crossing of a strain back into itself or with a closely related strain so that the resulting progeny tend to become highly homozygous at most genetic loci. See Outcross See Backcross,FALSE,,FALSE,FALSE,,,,,
I,inbreedingdepression,FALSE,FALSE,Inbreeding depression,,,,"A reduction in fecundity associated with repeated generations of inbreeding. This phenomenon is well known for many animal species, including some bisexual nematodes (Nigon, 1949), but is not likely to be as large a factor in the self-fertilizing hermaphrodite though it has been indicated in the determination of the sex ratio of C. elegans populations ( Cutter et al., 2003 ; Stewart and Phillips, 2002 ).",FALSE,,FALSE,FALSE,,,,,
I,indirectdevelopment,FALSE,FALSE,Indirect development,,Heterogonic,,"Describes a lifestyle in which a parasitic species must undergo one full generation as a free-living species. The free-living animals proceed through sexual reproduction before undergoing developmental arrest at an intermediate larval stage. The arrested larvae must find a host and infect it before resuming development, or die. The infective animals may reproduce through parthenogenesis as females inside the host ( Hawdon and Schad, 1991 ).",FALSE,,FALSE,FALSE,,,,,
I,inductivesignalling,FALSE,FALSE,Inductive signaling,,Induction,,"A mechanism of tissue differentiation where a signal or signals produced extrinsic to the cell or tissue is received at the cell membrane and cause the cell to alter its status. It has been demonstrated in C. elegans in some key developmental steps, such as in early embryogenesis , postembryonic development of the vulva , and in the connection of the vas deferens to the cloaca ( Sulston and White, 1980 ; Kimble and Hirsh, 1979 ). There is generally no lineal relationship between the inducing cell and those responding to the inducing signal.",FALSE,,FALSE,FALSE,,,,,
I,infection,FALSE,FALSE,Infection,,,,"The growth of a secondary organism within the cells or body cavity of a host animal. C. elegans has been shown to be subject to infection by bacteria and yeasts ( Tan et al., 1999 ; Labrousse et al., 2000 ; Aballay and Ausubel, 2002 ; Mylonakis et al., 2002 ; Hall, unpublished) though not from viruses, possibly due to the RNAi surveillance system which could provide virus defense ( Vastenhouw and Plasterk, 2001 ). In some cases, infection seems to lead to death of the animal either by toxic interactions or by blocking feeding. Other infections may interfere with sexual reproduction by blocking normal use of the male tail apparatus. There is no evidence to our knowledge that C. elegans itself can live as a parasite, but may be free-living and/or live commensally with pillbugs, as has been shown for several related rhabditid species ( Baird et al., 1994 ). See Commensal",FALSE,,FALSE,FALSE,,,,,
I,infertile,FALSE,FALSE,Infertile,,Sterile,,"The inability to produce viable offspring. Infertility can stem from problems with gamete production, fertilization or early development of the offspring.",FALSE,,FALSE,FALSE,,,,,
I,ingress,FALSE,FALSE,Ingress/ Ingression,,,,"Move inward, as to migrate to a more central position relative to the outside of the body.",FALSE,,FALSE,FALSE,,,,,
I,inhiibitorysynapse,FALSE,FALSE,Inhibitory synapse,,,,A synaptic connection between two neurons whose stimulation leads to a decrease in electrical activity in the postsynaptic cell (a hyperpolarization).,FALSE,,FALSE,FALSE,,,,,
I,innateimmunity,FALSE,FALSE,Innate immunity,,,,"Nematodes are exposed to a variety of bacteria, fungi and viruses that coexist in the soil environment ( Gravato-Nobre and Hodgkin, 2005 ). While some bacteria are palatable as food for C. elegans , others can be toxic. Besides being shielded by a thick cuticle, nematodes also secrete a modified glycocalyx over this cuticle to reduce the stickiness of unwanted neighbors ( Höflich et al., 2004 ). When bacteria, viruses or toxins do become established inside the animal, the coelomocytes are eliminate some of them from the body cavity. The intestine can be colonized by unfriendly bacteria ( Tan et al., 1999 ; Alegado et al., 2003 ), but its lumen is also tightly sealed to prevent entry of live bacteria into the worm’s tissues. Bacterial invasion can induce local tissue swelling during the host defense ( Gravato-Nobre et al., 2005 ). The RNAi phenomenon may be a relic innate response to viral invasion. See Coelomocyte See Immune response",FALSE,,FALSE,FALSE,,,,,
I,innerlabialsensilla,FALSE,FALSE,Inner labial sensilla,,IL cells | Internal labials,,Sensilla found on the end of each lip in a symmetrical pattern . Each sensilla contain 2 dendrites as well as one sheath and one socket cell. See ILN See ILR See Labial,FALSE,,FALSE,FALSE,,,,,
I,innervitellinemembrane,FALSE,FALSE,Inner vitelline membrane,,Lipid layer | Vitelline envelope,,"A common misnomer in C. elegans literature. It refers to the innermost layer of the eggshell, a lipid bilayer which formally should be referred to as the lipid layer. See Eggshell See Vitelline membrane",FALSE,,FALSE,FALSE,,,,,
I,innervationprocess,FALSE,FALSE,Innervation process,,,,See Muscle arm,FALSE,,TRUE,FALSE,,,,,
I,intI,TRUE,FALSE,"int I, int II etc.",,,,"A naming system for successive rings of intestinal cells along the body axis, with int I being the most anterior set and int IX the most posterior; after Sulston et al., 1983 .",FALSE,,FALSE,FALSE,,,,,
I,insertion,FALSE,FALSE,Insertion,,Spicule insertion,,"The behavioral act of fully extending the male spicules into the vulva. This behavior is coordinated by sex-specific neurons and muscles in the male tail. Sperm transfer occurs immediately following spicule penetration of the vulva ( Barr and Garcia, 2006 ).",FALSE,,FALSE,FALSE,,,,,
I,intercalation,FALSE,FALSE,Intercalation,,,,See Interdigitation,FALSE,,TRUE,FALSE,,,,,
I,interdigitation,FALSE,FALSE,Interdigitation,,Intercalation,,"The term is often used in similar fashion to “intercalation”, and refers to the pattern by which cells or cell parts become mixed in a regular alternating pattern, often beginning in two parallel rows and forming a new single row. For instance, muscle arms from separate muscle cells become interspersed at the muscle plate so that chemical signals from a motorneuron’s neuromuscular junction can simultaneously target several cells at once ( White et al., 1976 ). Similarly, hypodermal cells from opposite rows extend past one another to form one row prior to cell fusion in the hypodermis ( Priess and Hirsh, 1986 ; Podbilewicz, 2000 ). In the latter case, since the whole cells eventually enter one row, it might be best termed intercalation, whereas in the former case, where only the cell processes extend into one row, while their cell bodies remain in separate rows, the process might be better termed interdigitation.",FALSE,,FALSE,FALSE,,,,,
I,interfacialcell,FALSE,FALSE,Interfacial cell,,Transitional epithelium,,A subclass of hypodermis in which an epithelial cell serves either to bridge two neighboring epithelial tissues or to form an opening in the epithelium.,FALSE,,FALSE,FALSE,,,,,
I,intermediatefilament,FALSE,FALSE,Intermediate filament,IF,,,"A category of strong cytoplasmic filaments that reinforce the shape of various epithelial cells, binding to adherens junctions or hemi-adherens junctions at the plasma membrane. These extremely long thin cytoskeletal proteins are intermediate in size between microfilaments (actin) and thick filaments (myosin) or microtubules. They tend to organize into bundles of parallel filaments to form larger “stress fibers” and long thin “tonofilaments”. In hypodermis, they are an integral part of the fibrous organelle. Various forms of these proteins are expressed in certain nematode cells, including muscles, buccal epithelium, hypodermis, uterine epithelium, the marginal cells of the pharynx, some amphid accessory cells, and probably in several forms of valve cells ( Bartnik et al., 1986 ; Perkins et al., 1986 ; Karabinos et al., 2001 , 2003 ). While common in neuron processes in higher animals, it is not yet certain if intermediate filaments occur in nematode neurons. Distantly related proteins, the nuclear lamins, occur in the nuclei of all cells. See Fibrous organelle See Tonofilament",FALSE,,FALSE,FALSE,,,,,
I,intermediatelayer,FALSE,FALSE,Intermediate layer,,Matrix layer,,Layer of the cuticle See Cortical layer See Basal layer,FALSE,,FALSE,FALSE,,,,,
I,internalcorticallayer,FALSE,FALSE,Internal cortical layer,Internal cortical exocuticle,,,"A portion of the outer cuticle , comprising the major portion of the cortical zone. This layer lies just beneath the epicuticle , and contains amorphous material that sometimes appears electron dense. It lies just above the median zone, or mesocuticle. See Cortical layer",FALSE,,FALSE,FALSE,,,,,
I,internalhatchees,FALSE,FALSE,Internal hatchees,,,,"Although C. elegans hermaphrodites normally lay their eggs prior to hatching, older mothers with diminished motor capabilities, or mutants that have egglaying defects, may have progeny that hatch within the reproductive tract. These young larvae (“hatchees”) may reside within the tract for some time, or break through into the pseudocoelomic space, from which they can begin to feed on the tissues of the mother. See Bag of worms",FALSE,,FALSE,FALSE,,,,,
I,interneuron,FALSE,FALSE,Interneuron,,Integrating neuron,,"A category of neurons defined by their relationship within a wiring diagram. This is usually the case where the cell receives significant synaptic inputs (particularly from sensory neurons) and sends significant synaptic inputs to other neurons (especially to motorneurons). Although this set of relationships could easily be applied to many neurons within C. elegans circuitry, classification as an interneuron only occurs if it lacks a sensory specialization (which would classify it as a sensory neuron) and lacks any significant motor outputs (which would classify it as a motorneuron).",FALSE,,FALSE,FALSE,,,,,
I,intersex,FALSE,FALSE,Intersex,,,,"A mutant animal in which some tissues have adopted a male fate while other tissues have adopted the hermphrodite or female fate to create a living animal which is not wholely of one sexual fate, or which shows secondary sexual features of both sexes. Such outcomes are fairly common in some C. elegans mutants ( Nelson et al., 1978 ; Doniach and Hodgkin, 1984 ). Alternately, this term can refer to animals that have one set of reproductive organs of one sex, and non-functional vestiges of organs of the opposite sex, often called secondary sexual features. Some nematode species commonly show intersex features among normal animals in the wild. See Hermaphrodite See Pseudomale",FALSE,,FALSE,FALSE,,,,,
I,interstitialmatrix,FALSE,FALSE,Interstitial matrix,,,,"A space-filling substance lying between two other well-defined structures, or filling a small enclosed space.",FALSE,,FALSE,FALSE,,,,,
I,intestinalcell,FALSE,FALSE,Intestinal cell,,,,"Refers to the row of 20 large epithelial cells which line the gut lumen, all of which appear to contain identical cytoplasmic specializations. These cells are large and cuboidal with distinct apical, lateral and basal regions. They collectively form a prominent microvillar layer surrounding the lumen and each cell contains many cytoplasmic organelles related to its digestive function. The term is not generally referred to the rectal gland cells at the posterior end of the intestine, which also form some microvilli near the sphincter valve. The intestinal cells form distinct pairwise associations (Int rings) around the lumen, and are strongly linked to their neighboring intestinal cells by zonula adherens junctions.",FALSE,,FALSE,FALSE,,,,,
I,intestinalgranule,FALSE,FALSE,Intestinal granule,,,,See Gut granule,FALSE,,TRUE,FALSE,,,,,
I,intestinallumen,FALSE,FALSE,Intestinal lumen,,,,"The extracellular space enclosed by the digestive tract, where food is processed by the intestinal cells. The lumen is bordered by numerous villi that cover the apical surface of each intestinal cell. Digestive enzymes are secreted into the lumen and digested products (solutes, salts and liquid) are absorbed into these cells across the villi.",FALSE,,FALSE,FALSE,,,,,
I,intestinalmuscle,FALSE,FALSE,Intestinal muscle,mu_intL | mu_intR,Somatal-intestinal muscle | SI muscle,ABplpppppap MSppaapp,Two sheet-like cells that connect the intestinal cells to the ventral epidermis.,FALSE,,FALSE,FALSE,,,,,
I,intestine,FALSE,FALSE,Intestine,Messenteron (Archaic),Gut,,"A chain of very large cuboidal cells which all descend from a common precursor , the E founder cell and form a wide central lumen lined by many microvilli that form a brush border. Food passes from the posterior pharynx to the intestine where it is digested and then on to the rectum which processes the waste products for excretion. Intestinal rings form in groups of two and four cells and surround the common lumen creating an epithelium that is only one cell deep at any point, with neighboring cells firmly secured to their neighbors by apical adherens junctions. These cells have very large nuclei and many contain large vacuoles, yolk granules and other inclusions. These inclusions increase in number and electron density as the animal ages. The anterior intestine , or ventricular region, has a wider, more open lumen. The midintestine consists of a straight simple tube, which becomes flattened to the dorsal side of the pseudocoelom as it passes the vulva. The lumen of the posterior intestine , or prerectal intestine, may be somewhat dilated and is bordered by several rectal gland cells which may aid in digestion. These three regions have no distinct boundaries, but show only very gradual changes between them. For more information see Wormbook ( McGhee, 2007 ). See Gut See Cecum See Microvilli",FALSE,,FALSE,TRUE,entity_id == anchor,,,,
I,intraflagellartransport,FALSE,FALSE,Intraflagellar transport,IFT,,,"An active mechanism for transport of materials inside the cilium of a sensory neuron, distal to the transition zone. Transport is based upon the activity of microtubule-based motors and can move protein aggregates or other small cargoes vectorially in both directions at relatively high rates of speed. IFT may be important both for cilium formation and for signal transduction by the cilium. In higher animals IFT also occurs in cilia of many epithelial tissues ( Mak et al., 2006 ; Scholey and Anderson, 2006 ; Inglis et al., 2007 ).",FALSE,,FALSE,FALSE,,,,,
I,invadopodia,FALSE,FALSE,Invadopodia,,,,"Finger-like cell extensions which precede cell invasion, as is seen on the anchor cell as it invades the vulval epithelium (Sherwood and Sternberg, 2003 ).",FALSE,,FALSE,FALSE,,,,,
I,invagination,FALSE,FALSE,Invagination,,Ingression,,This is a process by which there is movement or folding inward. Common processes in C. elegans where invagination is seen include: 1) The formation of a cleavage furrow during cell division. 2) The initial step of gastrulation during embryonic development where cells move and fold to create different tissue layers. 3) A step during vulval morphogenesis in which cells detach from the cuticle allowing for the vulval sheet to bend inward. This step establishes the beginning of the vulval lumen.,FALSE,,FALSE,FALSE,,,,,
I,invasion,FALSE,FALSE,Invasion,Cell invasion,,,"A biological mechanism through which a cell can cross a basement membrane to penetrate into a neighboring tissue – an important feature in both metastasis (intravasation, etc.) ( Sherwood, 2006 ) and intercellular tube formation ( Buechner, 2002 ). In C. elegans , cell invasion is known to occur during formation of the vulval uterine junction, when the anchor cell crosses the basal laminae of the uterus and of the vulval epithelium to link these tissues ( Newman and Sternberg, 1996 ; Sherwood and Sternberg, 2003 ). Mutations that weaken the basal lamina can also cause aberrant cell invasions ( Huang et al., 2003 ). Long distance migration and morphogenesis of embryonic and larval cells (sex myoblast, anchor cell) may also involve invasion events. Conversely, in parasitic species, this term can refer to the event by which a nematode enters the tissues of its host species (plant, animal or even another nematode).",FALSE,,FALSE,FALSE,,,,,
I,inverseembryo,FALSE,FALSE,Inverse embryo,,,,Mirror image embryo,FALSE,,FALSE,FALSE,,,,,
I,ipsilateral,FALSE,FALSE,Ipsilateral,,,,A cell or cell extension that lies on the same side of the midline as a reference object.,FALSE,,FALSE,FALSE,,,,,
I,isothermaltracking,FALSE,FALSE,Isothermal tracking,,,,See Thermotaxis,FALSE,,TRUE,FALSE,,,,,
I,isthmus,FALSE,FALSE,Isthmus,,,,A narrowing of the pharynx between the first and second bulbs (between metacorpus and postcorpus) around which the nerve ring forms.,FALSE,,FALSE,FALSE,,,,,
I,iteroparous,FALSE,FALSE,Iteroparous/ iteroparity,Semelparous/ semelparity (converse),,,"The animal’s ability to produce young at repeated intervals over its lifespan rather than just once during during a narrow time period (as in “semelparous” animals). Although its lifespan is quite brief, C. elegans should probably be considered to be iteroparous.",FALSE,,FALSE,FALSE,,,,,
I,ivermectin,FALSE,FALSE,Ivermectin,,,,"A drug commonly used in humans and animals as an anti-parasite medication especially in the treatment of intestinal worms. Research in C. elegans has shows that this drug activates the glutamate-gated chloride channels ( Brockie and Maricq, 2006 ) that has the effect of inhibiting the activity of excitable cells such as muscles and neurons which express these channels. Genetic ( Dent et al., 2000 ; Keane and Avery, 2003 ) and pharmacological approaches ( Pemberton et al., 2001 ) in C. elegans have helped to identify genes and how ivermectin functions to activate these channels.",FALSE,,FALSE,FALSE,,,,,
J,jneuron,FALSE,FALSE,“j” neuron,,ASJ cell,,See ASJ cell,FALSE,,TRUE,FALSE,,,,,
J,j1,FALSE,FALSE,J1,,,,See Juvenile,FALSE,,TRUE,FALSE,,,,,
J,junction,FALSE,FALSE,Junction,,,,"The meeting of two distinct objects. In anatomy, there are several possible meanings: 1) Intercellular junction, such as a gap junction or an adherens junction . 2) Tissue junction, such as the meeting of the spermatheca and the uterus, where the interfacial cells are known as the spermathecal junction cells.",FALSE,,FALSE,FALSE,,,,,
J,junctionalcomplex,FALSE,FALSE,Junctional complex,,,,See Secretory membrane,FALSE,,TRUE,FALSE,,,,,
J,junctionalcore,FALSE,FALSE,Junctional core,,,,"A narrowing of the spermathecal lumen at the spermathecal-uterine valve , which is visible by DIC optics. Cytoplasmic extensions of two cells from each spermathecal lineage form the core and their nuclei apparently form a plug which blocks this narrow passage prior to laying of the first fertilized oocyte. The fate of these two cells after displacement of the core is unknown.",FALSE,,FALSE,FALSE,,,,,
J,juvenile,FALSE,FALSE,Juvenile,Larval,,,"Part of the nematode life cycle that includes the larval stages of development (L1-L4) during which cell divison and formation of adult tissues occurs. In the nematode literature for other species, the developmental stages are often known as J1, J2, J3 and J4 instead of L1, L2, L3 and L4. See Larva",FALSE,,FALSE,FALSE,,,,,
K,kcell,FALSE,FALSE,K cell,K,,,"Arises from the ABplpapppa cell. K is a blast cell that divides during late L1. K.a becomes a rectal epithelial cell and K.p becomes the DVB neuron . In males , the K cell is involved with proctodeum development where the ventral anterior portion of the cloaca forms an extensive region of contact with the gonad and this connection is formed by the daughter of K (K.a) .",FALSE,,FALSE,FALSE,,,,,
K,kneuron,FALSE,FALSE,"""k"" neuron",ASKL | ASKR,ASK cell,ABalpppapppa ABpraaaapppa,Amphid neurons with single ciliated endings that project into ring via commissure from ventral ganglion and make diverse synaptic connections in ring neuropil. Also take up FITC.,FALSE,,FALSE,TRUE,entity_id == cell name,,,,
K,kselection,FALSE,FALSE,K-selection,,,,"Evolutionary survival strategy that relates to the selection of traits for the best survival in a specific environment. K-selection (as opposed to r-selection) is associated with stable environments which are density dependent. K-selection species are typically large, have a long life span, produce few offspring and have a lengthy developmental time period during which there is high investment of parental care. Most individuals are expected to live near the maximum life span. See r-selection",FALSE,,FALSE,FALSE,,,,,
K,karyomere,FALSE,FALSE,Karyomere,,,,"An abnormal cytoplast produced during early blast cells divisions if nuclear cleavage fails ( Leidel and Gonczy, 2003 ). Resultant cell divisions occur in which nuclei do not assort properly to each daughter cell, so that some gain little or no nuclear material (karyomeres) and other blastomeres gain duplicate nuclear material.",FALSE,,FALSE,FALSE,,,,,
K,killercell,FALSE,FALSE,Killer cell,,,,"A cell that acts to directly “murder” a neighboring cell ( Sulston and White, 1980 ; White et al., 1991 ). No such activity has yet been proven to occur in C. elegans . See Murder See Phagocytosis See Suicide",FALSE,,FALSE,FALSE,,,,,
K,killingassay,FALSE,FALSE,Killing assay,,,,"An experimental procedure which measures the effectiveness of an agent in causing death of whole animals; for instance, live healthy C. elegans may be placed onto a treated substrate and observed periodically by light microscopy to assay the death rate or survivorship ( Tan, et al., 1999 ; Mylonakis et al., 2002 ). Animals failing to move in response to prodding with a platinum wire are considered dead. See Developmental arrest See Pathogenesis",FALSE,,FALSE,FALSE,,,,,
K,kinesis,FALSE,FALSE,Kinesis,,,,"Any movement or action that is evoked in response to a stimulus; thus an increase in body motion in response to a chemical signal is a chemokinesis (which can be positive or negative). A kinesis does not necessarily orient the animal to the source of the stimulus, but only alters the animal’s rate of action. Orthokinesis involves a change in speed of (forward) locomotion in response to the stimulus, whereas, klinokinesis involves a change in the rate of turning or reversal in response to the stimulus. The regular motions of C. elegans on a culture plate may be a complex mixture of these mechanisms ( Dusenbery, 1980a and 1980b ). See Switched response See Taxis See Thermokinesis",FALSE,,FALSE,FALSE,,,,,
K,kinetochore,FALSE,FALSE,Kinetochore,,,,"A protein complex which associates with the centromere of a chromosome to bind the chromosome to the mitotic spindle. The kinetochore plays an active role in associating with microtubules, and perhaps also in driving assembly or disassembly of the mitotic spindle. There are two regions of the kinetochore , an inner region which is associated with centromere DNA and an outer region which interacts with microtubules. C. elegans is a holocentric organism, so that instead of having a single localized centromeric region on the chromosome (monocentric), it assembles diffuse kinetochores along the entire poleward face of each sister chromatid, which facilitates a high rate of chromosomal rearrangements and translocations ( Coghlan, 2005 ; Oegema and Hyman, 2006 ). See Holocentric chromosomes See Monocentric chromosomes",FALSE,,FALSE,FALSE,,,,,
K,kinetocilium,FALSE,FALSE,Kinetocilium,,,,"The motile form of cilium known for many other animals, which typically display 9 + 2 arrangements of microtubules, a distinctive basal body, and sometimes a rootlet beneath the cilium. Sensory cilia in nematodes, including C. elegans , are distinctly different from kineocilia, lacking a conventional basal body and most often having 9 + 0 microtubules.",FALSE,,FALSE,FALSE,,,,,
K,kink,FALSE,FALSE,Kink,,,,"A severe local bending of the body, more abrupt than the normal smooth body bends of C. elegans.",FALSE,,FALSE,FALSE,,,,,
K,kinkerphenotype,FALSE,FALSE,Kinker phenotype,,,,"A mutant phenotype in which the animal moves in very severe bending motions, more sharply angled and/or much deeper than normal sinusoidal body bends of the wild type. Usually associated with an Unc ( uncoordinated ) phenotype.",FALSE,,FALSE,FALSE,,,,,
K,kissandrun,FALSE,FALSE,Kiss and run,,,,"A model for vesicle fusion where synaptic vesicles fuse transiently with the plasma membrane to release their contents, but rather than collapsing into the synaptic membrane, they remain intact and are recycled for refilling and further transmitter release. See Fusion See Vesicle fusion",FALSE,,FALSE,FALSE,,,,,
K,klinokinesis,FALSE,FALSE,Klinokinesis,,,,See Kinesis,FALSE,,TRUE,FALSE,,,,,
K,klinotaxis,FALSE,FALSE,Klinotaxis,,,,"A change in the turning rate in response to the spatial gradient of a stimulus field (Dunn, 1990). Chemotaxis in C. elegans may be accomplished by a mechanism utilizing klinotaxis ( Ward, 1973 ; Dusenbery, 1980 )",FALSE,,FALSE,FALSE,,,,,
L,5l,FALSE,FALSE,5L,,,,"5R and 5L are alternate lineage patterns of the hermaphrodite which are related by twofold rotational symmetry. VU, Z1.ppa (Ventral Uterine precursor; generates uterus, spermatheca and spermatheca-uterine valve cells) VU, Z1.ppp (Ventral Uterine precursor; generates uterus, spermatheca and spermatheca-uterine valve cells) AC, Z4.aaa (Anchor Cell) VU, Z4.aap (Ventral Uterine precursor; generates uterus, spermatheca and spermatheca-uterine valve cells) See 5R See Somatic primordium",FALSE,,FALSE,FALSE,,,,,
L,lneuron,FALSE,FALSE,"""l"" neuron",ADLL | ADLR,ADL cell,ABalppppaad ABpraaapaad,"Amphid neurons with dual ciliated sensory endings that project directly into nerve ring and take up FITC. This neuron mediates mediate social feeding behavior when aversive food signals are present ( de Bono et al., 2002 ).",FALSE,,FALSE,TRUE,entity_id == cell name,,,,
L,l1,FALSE,FALSE,"L1, L2, L3, L4",,,,See Larva,FALSE,,TRUE,FALSE,,,,,
L,l1diapause,FALSE,FALSE,L1 diapause,,,,See Diapause,FALSE,,TRUE,FALSE,,,,,
L,l2d,FALSE,FALSE,L2d,L2D,,,"A starved or stressed L2 larva adopts a somewhat slimmer body shape than a normal L2 animal before the molt into dauer larva stage. This slimmer animal is sometimes referred to as an L2d larva or predauer larva . The L2d retains the potential for continuous development and can molt to the L3 stage if environmental conditions improve ( Golden and Riddle, 1984 ).",FALSE,,FALSE,FALSE,,,,,
L,laswitch,FALSE,FALSE,L/A switch,,,,"Larval to adult changes in tissue development. This process is normally restricted to the final (fourth) molt, however, mutations in heterochronic genes advance or retard the timing of the L/A switch, resulting in larvae with adult hypodermis or adults with larval hypodermis ( Rougvie, 2001 ).",FALSE,,FALSE,FALSE,,,,,
L,labial,FALSE,FALSE,Labial,,,,"Referring to the lips, or labia. Generally refers explicitly to the mechanosensory specializations, as opposed to the chemosensory ( amphidial ) specializations in the nose . These labial sensilla can be divided into two groups, the inner labials (ILs) and the outer labials (OLs), based upon their relative distance from opening of the buccal cavity. The cephalic sensilla (CEPs) have endings grouped closely to the OLs in C. elegans (and thus might also be considered as labials), but lie away from the lips in some other nematode species. This term is also used to refer to the two flaps which border the opening of the vulva ; e.g. the vulval labia.",FALSE,,FALSE,FALSE,,,,,
L,labialnerve,FALSE,FALSE,Labial nerve,,,,Any of six longitudinal nerves which extend from mechanosensors in the lips to the nerve ring. See ILN See ILR,FALSE,,FALSE,FALSE,,,,,
L,labialpore,FALSE,FALSE,Labial pore,,,,"A patent opening in the lip cuticle through which a chemosensory neuron cilium may be exposed to the environment, as in the amphids and inner labial sensilla.",FALSE,,FALSE,FALSE,,,,,
L,labialsheath,FALSE,FALSE,Labial sheath,,,,"Refers to the sheath cells of the inner labial sensilla, ILsh, of the nose.",FALSE,,FALSE,FALSE,,,,,
L,lacunae,FALSE,FALSE,Lacunae,,,,Small (non-membrane bound) spaces in the cytoplasm.,FALSE,,FALSE,FALSE,,,,,
L,lacz,FALSE,FALSE,lacZ,,,,"A common reporter gene construct used to mark cells , organelles or proteins. If gene is expressed in the live animal, its expression can be visualized by light microscopy of fixed tissue by histochemical staining for the enzyme encoded by the lacZ gene ( beta-galactosidase ).",FALSE,,FALSE,FALSE,,,,,
L,lamella,FALSE,FALSE,Lamella/ lamellae,,,,"A set of closely spaced membrane leaflets which may be in continuity (spiral or folded into parallel leaflets), or in separate parallel bodies (onion-like, or stacked in a pile ). They can look superficially like “myelin” but have no correspondence to it. See Lamellar membrane See Whorl",FALSE,,FALSE,FALSE,,,,,
L,lamellarbody,FALSE,FALSE,Lamellar body,,,,"A lipid storage and secretory vesicle which is surrounded by a membrane and contains prominent whorls of membranes. These bodies are common in some cell types, including hypodermis .",FALSE,,FALSE,FALSE,,,,,
L,lamellarmembrane,FALSE,FALSE,Lamellar membrane,,,,"This term can refer to several distinctly different features involving broad flattened surfaces: Many cells display characteristic stacks of membranous lamellae as a cytoplasmic organelle, such as gland cells , sheath cells , structural cells, etc, which may be involved in secretion, perhaps as a post-Golgi endosome or as large RER arrays. Several epithelial cells (hypodermis, pore cell) display characteristic stacked lamellae in continuity with the apical plasma membrane (they are parallel invaginations), forming an organelle on the cell surface, perhaps involved in cuticle secretion, or alternately, providing a means for the plasma membrane to stretch or shrink as needed. Some cells, often containing actin, extend broad flattened or ruffled cell extensions that are referred to as lamellae or lamellipodia. See Lamellipodium See Golgi See Sheath lamellae See Stacked membrane",FALSE,,FALSE,FALSE,,,,,
L,lamellipodium,FALSE,FALSE,Lamellipodium/ lamellipod/ lamellipodia,,Membrane ruffles,,"A broad flattened cell extension from an epithelial cell as it spreads across a surface or migrates in directed amoeboid movements, and also the cell extensions required during events such as gastrulation, cell intercalation, or embryonic enclosure. Similar broad extensions have also been noted from differentiating neuron cell bodies in some mutant backgrounds ( Yang and Lundquist, 2005 ), at the tips of neuron growth cones ( Chalfie, 1994 -cover photo in Science), from the somata of the CEP sheath cells to provide a glial wrapping of the nerve ring, and from the GLR somata as a scaffold for muscle arms of the nerve ring. See Growth cone See Pseudopium / Pseudopod / Pseudopdia",FALSE,,FALSE,FALSE,,,,,
L,lamin,FALSE,FALSE,Lamin,,,,"A component of the nuclear lamina that forms a meshwork of intermediate filaments , localizing to subregions of the nuclear envelope , and functions in organizing nuclear structure and regulating nuclear events including cell cycle progression and chromosome segregation ( Liu et al., 2000 ). C. elegans expresses a single B type lamin, LMN-1 ( Liu et al., 2000 ; Reimer et al., 1993 ), in all cells with the exception of mature sperm cells ( Liu et al., 2000 ). Lack of lamin results in embryonic lethality ( Liu et al., 2000 ).",FALSE,,FALSE,FALSE,,,,,
L,larva,FALSE,FALSE,Larva/ larval,,"Juvenile | L1, L2, L3, L4 and dauer stage",,"In the life cycle of C. elegans , upon hatching from the egg, the immature nematode progresses through intermediate developmental stages interrupted by a series of molts until finally reaching adulthood. The “ larval stages ” of C. elegans should perhaps be more properly termed “nymphal stages” since the animal does not undergo a true metamorphosis, but retains the same basic body plan and retains virtually all juvenile cells. Normal development progresses from egg to L1, L2, L3, L4 and then adult. Starved or stressed animals can enter a dauer larva stage after L2 and interrupt normal developmental progression. All larval stages are all pre-reproductive, lacking mature sexual organs. See Dauer See L2d See Post-dauer",FALSE,,FALSE,FALSE,,,,,
L,larvaeaccumulator,FALSE,FALSE,Larvae accumulator,,,,"A class of genetic mutations that cause the affected adults to produce many live larvae but few or no adult progeny ( Hirsh and Vanderslice, 1976 ).",FALSE,,FALSE,FALSE,,,,,
L,larvalarrest,FALSE,FALSE,Larval arrest,,,,Arrest at the larval stage of development. Can occur by genetic mutation or environmental conditions such as starvation and sometimes may be reversed by a change in environmental conditions.,FALSE,,FALSE,FALSE,,,,,
L,larvallethal,FALSE,FALSE,Larval lethal/ larval lethality,,,,"Mutations or culture conditions which cause death of the larva usually in early or late L1 stage, or less often in later larval stages. There are several distinctive body types associated with different causes of early larval lethality. For example, defects in excretory canal (kidney) function seem to lead to stiff rod-like corpses (as in some Ras pathway alleles), whereas some defects that result in starvation or nutritional deficits lead to thin scrawny body types, sometimes having the appearance of a normal head and pharyngeal region but only a very short withered body and tail. Developmental monsters less often survive to hatching, but when they do, will take on a more disorganized appearance and fail to grow. See Developmental arrest See Monster",FALSE,,FALSE,FALSE,,,,,
L,lateendosome,FALSE,FALSE,Late endosome,,,,"A variety of membrane-bound vesicular organelles within the cell cytoplasm are termed “endosomes”, and they may act to shuttle cargoes to and from the cell surface (“ the endocytic pathway ”), the Golgi apparatus and the ER , or into degradative pathways. The late endosome brings material (from these other sources) into a degradative pathway , and can fuse with a lysosome to form a more advanced degradative organelle, the “secondary lysosome”.",FALSE,,FALSE,FALSE,,,,,
L,latepretzelstage,FALSE,FALSE,Late pretzel stage,,Four fold stage,,"A late stage of embryogenesis, just before hatching. See Pretzel stage",FALSE,,FALSE,FALSE,,,,,
L,lateralcord,FALSE,FALSE,Lateral cord,LC,Lateral chord,,"This term is used to include different anatomical structures within the C. elegans nervous system . 1) the lateral nerve cord 2) the lateral hypodermal cord 3) the combined lateral ridge of hypodermis and nerve The left and right hypodermal cords form the largest hypodermal compartments in the body and contain many hypodermal nuclei. It is a syncytium connecting to the smaller dorsal and ventral cords via thin extensions running beneath the bodywall muscles. There are several distinctly different lateral nerves with apparently different functions. A bilateral pair of small lateral nerve cords containing three interneuron processes each run along the lateral line, in close proximity to the seam cells, connecting the nerve ring and preanal ganglion. Bilateral sensory nerves run laterally near the dorsal and ventral limits of the lateral hypodermis while the anterior sensory nerves run along the dorsal limit and end near the vulval region. Similarly, the posterior sensory nerves run along the ventral limit, also ending in the vulval region. . See Hypodermal ridge See Nerve",FALSE,,FALSE,FALSE,,,,,
L,lateralelement,FALSE,FALSE,Lateral element,,,,Part of the synaptonemal complex formed during meiotic prophase. Proteins for a long ladderlike-core along which the sister chromatids align. The lateral elements run along each pair of sister chromosomes forming the sides of the ladder. See Synaptonemal complex See Central element,FALSE,,FALSE,FALSE,,,,,
L,lateralganglion,FALSE,FALSE,Lateral ganglion,,,,"The left and right lateral ganglia lie beside the nerve ring in the head. They each contain about 50 neuron cell bodies and send their neuronal processes into the ring at its posterior margin either laterally or ventrally via the amphid commissures and ventral ganglion, but form no local neuropil separate from the nerve ring. The lateral ganglia are in close contact with the lateral hypodermal cords.",FALSE,,FALSE,FALSE,,,,,
L,lateralline,FALSE,FALSE,Lateral line,,Lateral cord,,"The enlarged longitudinal hypodermal compartment, lateral seam cells and several embedded lateral nerves, including several mechanosensory nerves (touch dendrites). See Hypodermal ridge See Nerve See Touch dendrite",FALSE,,FALSE,FALSE,,,,,
L,lateralnerve,FALSE,FALSE,Lateral nerve,,Canal-associated nerve,,"There are several distinctly different lateral nerves with different functions. 1) A bilateral pair of small lateral nerve cords containing three interneuron processes each run along the lateral line, in close proximity to the seam cells, connecting the nerve ring and preanal ganglion. 2) Bilateral sensory nerves run laterally near the dorsal and ventral limits of the lateral hypodermis. The anterior sensory nerves run along the dorsal limit and end near the vulval region. The posterior sensory nerves run along the ventral limit, also ending in the vulval region.",FALSE,,FALSE,FALSE,,,,,
L,lateralview,FALSE,FALSE,Lateral view,,Lateral aspect,,View of the side of the animal.,FALSE,,FALSE,FALSE,,,,,
L,lawn,FALSE,FALSE,Lawn,,,,"A thin film of bacteria used to feed nematodes in culture, usually on a “ culture plate ” containing a layer of agar onto which the lawn of bacteria is applied. Tracks can be seen on the lawn as the nematodes move through the bacteria.",FALSE,,FALSE,FALSE,,,,,
L,layoff,FALSE,FALSE,Lay-off,,,,"A method to produce many partially synchronous progeny by placing 50-100 fertile adults on a single plate for several hours, permitting them to lay eggs, after which the adults are all removed. This produces an “egg plate”. Sometimes the population of eggs is further synchronized by a “subsequent hatch-off”, in which 3-fold embryos are picked off the egg plate and transferred to a new plate for 1 hour, after which any unhatched embryos are removed ( McCarter et al., 1997 ). See Egg plate See Hatch-off",FALSE,,FALSE,FALSE,,,,,
L,leadercellmigration,FALSE,FALSE,Leader cell migration,,,,"Refers to directed cell migration by two somatic gonad cell types, the distal tip cell (in the hermaphrodite) and the linker cell (in the male). See Distal tip cell See Linker cell",FALSE,,FALSE,FALSE,,,,,
L,leaderfunction,FALSE,FALSE,Leader function,,,,"In the developing germline primordium, one somatic cell binds tightly over the distal portion and crawls along the bodywall, pulling and shaping the primordium into an extended cylindrical tube. During this process, the somatic cell may make several distinctive turns which forces the whole tube to bend or be redirected according to the actions of the “leader” cell. For the hermaphrodite gonad, the distal tip cells perform the leader function, one cell for each gonad arm, whereas in the male gonad, the single linker cell performs the leader function. See Distal tip cell See Linker cell",FALSE,,FALSE,FALSE,,,,,
L,leadingcell,FALSE,FALSE,Leading cell,,,,"In the process of epidermal enclosure of the embryo, several hypodermal cells migrate and extend arms across the ventral surface in advance of all others ( Williams-Masson et al., 1997 ; Chisholm and Hardin, 2005 ), and later the same “leading cells” also initiate cell fusions of the hypodermal compartments prior to all others ( Podbilewicz and White, 1994 ).",FALSE,,FALSE,FALSE,,,,,
L,learningandmemory,FALSE,FALSE,Learning and memory,,,,"C. elegans displays very simple behaviors, but does show some ability to modify its actions based upon previous experiences as determined by sensory inputs such as chemosensation ( Bargmann, 2006 ; Jansen in Hart, 2006 ) mechanosensation ( Chalfie in Hart, 2006 ) and thermosensation ( Mori in H art, 2006 ). These abilities may reflect behavior patterns encoded in the synaptic circuits, or plasticity based upon being able to modify the circuitry ( Bernhard and van der Kooy, 2000 ; Zhang et al., 2005 ; Giles et al., 2005 ). See Associative learning See Habituation See Neural plasticity See Osmotic avoidance See Sensitization",FALSE,,FALSE,FALSE,,,,,
L,leavingbehavior,FALSE,FALSE,Leaving behavior,,,,"A sex drive displayed by well fed male adult C. elegans in which the animal chooses to ignore food and to wander in search of a suitable adult hermaphrodite partner. The animal’s motions are no longer guided by attention to food signals, but become strongly attuned to finding other nematodes via a pheromone signal ( Lipton et al., 2004 ). See Mate-finding See Pheromone See Wandering",FALSE,,FALSE,FALSE,,,,,
L,leftroller,FALSE,FALSE,Left-roller,,,,"A roller (rol) mutation which forces the animals to rotate around their long axis as they crawl resulting in movement in a circular path. Left handed rollers always turn leftwards as they roll, due to a twist in the exoskeleton producing left-handed helical treads, body musculatures and ventral nerve cords ( Higgins and Hirsh, 1977 ). See Roller",FALSE,,FALSE,FALSE,,,,,
L,leptoderan,FALSE,FALSE,Leptoderan,,,,"A characteristic of some nematode species (though not C. elegans ) in which the male tail fan fails to extend posterior to the most posterior rays, allowing a thin cytoplasmic process to extend posteriorly from the fan. The lep mutants of C. elegans display this feature in the adult male tail. See Peloderan See Caudal alae See Fan",FALSE,,FALSE,FALSE,,,,,
L,leptotene,FALSE,FALSE,Leptotene,,,,"An early stage in meiotic prophase progression, preceding zygotene. Germline cells in the “ transition zone ” of the distal gonad arm enter this stage coordinately.",FALSE,,FALSE,FALSE,,,,,
L,let,FALSE,FALSE,Let,,,,Lethal phenotype.,FALSE,,FALSE,FALSE,,,,,
L,lethargicmovement,FALSE,FALSE,Lethargic movement,,,,"Slow movement of the body and general unresponsiveness to stimulation, commonly seen in very old adult animals and in many behavioral mutants, as well as in all animals during molting.",FALSE,,FALSE,FALSE,,,,,
L,lethargus,FALSE,FALSE,Lethargus,,,,"A behavior of the whole animal associated with times of molting ( Cassada and Russell, 1975 ; Singh and Sulston, 1978 ). The animal becomes generally inactive or torpid for one to two hours prior to shedding of the cuticle. Pharyngeal pumping rates drop from 200 strokes per min to less than 1 per min. Movement by the bodywall muscles is also very low. Pumping is restored immediately before ecdysis. A second, very brief drop in pumping rate sometimes follows the molt. It is possible that during lethargus the nervous system undergoes selective rewiring, since new sets of neurons appear at several of these stages (late L1, late L2, etc). Increased oxygen uptake during lethargus (measured in other nematode species) has been ascribed to an increase in metabolic activity during this period, perhaps associated with these developmental changes. A less dramatic, but longer torpor is associated with the dauer larva. See Dauer behavior See Flipping See Quietus",FALSE,,FALSE,FALSE,,,,,
L,levamisole,FALSE,FALSE,Levamisole,,,,"Levamisole is a synthetic imidazothiazole derivative that has been widely used in treatment of worm infestations in both humans and animals. As an anthelmintic, levamisole acts as a nicotinic agonist which activates an acetylcholine receptor in muscle. While acute exposure leads to paralysis and death, sublethal treatment at 0.1% animals enter rapid complete paralysis. Its action is reversible, and has often been used to devise mutant screens for defects in synaptic release ( Lewis et al., 1980 ; 1987 ) or to block internal fertilizations by paralyzing the contractility of the somatic gonad ( Argon and Ward, 1980 ; Doniach and Hodgkin, 1984 ). See Anthelminthic",FALSE,,FALSE,FALSE,,,,,
L,lifecycle,FALSE,FALSE,Life cycle,,,,"The progression of embryonic, larval stages and adulthood that commences after egg-laying, and results in new embryos being created by the next adult generation.",FALSE,,FALSE,FALSE,,,,,
L,lifehistory,FALSE,FALSE,Life history,,,,"The sequential developmental stages and environments through which an animal proceeds. Such progressions are of particular importance in parasitic species, in which certain larval stages may be free-living, while others may require invasion into a host species in order to trigger further development or egg-laying. Some species can have several alternate life histories, depending upon which host they encounter first, or can live either as parasites or as free-living forms ( Ashton and Schad, 1996 ).",FALSE,,FALSE,FALSE,,,,,
L,lifespan,FALSE,FALSE,Lifespan,,Longevity,,"The length of time which an individual has lived. The longevity, or life expectancy, of an individual or species is generally the average amount of time expected to live under ideal conditions while maximum lifespan is the age of death for the oldest individuals.",FALSE,,FALSE,FALSE,,,,,
L,lighttouch,FALSE,FALSE,Light touch,,Gentle touch,,"The level of mechanical stimulus required to stimulate a behavioral response by the touch dendrites along the bodywall of the nematode. In C. elegans , gentle touch with an eyelash is sufficient to activate these receptors, whereas poking the animal with a metal wire evokes a different response ( harsh touch ) activated by separate sense cells. See Gentle touch See Harsh touch See Touch response",FALSE,,FALSE,FALSE,,,,,
L,limabeanstage,FALSE,FALSE,Lima bean stage,,Bean stage,,"An intermediate stage in embryogenesis , immediately following the completion of gastrulation around 350-390 minutes after first cleavage. Cell number is at ~560 cells. At this time cell proliferation ceases and the embryo begins morphogenesis and elongation. The shape of the entire embryo within the eggshell resembles a lima bean. The next stage is called the comma embryo .",FALSE,,FALSE,FALSE,,,,,
L,limabeanstopper,FALSE,FALSE,Lima bean stopper,,,,A common arrest stage in embryogenesis. See Embryonic arrest,FALSE,,FALSE,FALSE,,,,,
L,lineage,FALSE,FALSE,Lineage,,,,"The exact sequence of cell divisions that gives rise to a particular set of mature (or intermediate stage) cells. In C. elegans , almost all patterns of cell lineage are repeated exactly from one animal to another for any given structure and have been characterized ( Sulston and Horvitz, 1977 ; Sulston et al., 1983 ) and are apparently regulated by genetic programs operating in the nucleus of the parent cells ( Sulston and Horvitz, 1981 ), whereas in higher animals cell lineages generally show high degrees of variation and unpredictability. Early portions of the embryonic lineage are conserved among many nematode species ( von Ehrenstein and Schierenberg, 1980 ). The process of vulval development has been closely studied and provides some insight into the complexity of cell signaling influences on lineage determination.",FALSE,,FALSE,FALSE,,,,,
L,lineageregulation,FALSE,FALSE,Lineage regulation,,,,"A change in the lineage of one blast cell in compensation for nearby environmental changes, especially with regard to the loss of homologous sister blast cells or their progeny. This regulation may involve the replacement of lost cells nearby by altering the division pattern and/or cell fates of a blast cell’s daughters. Such regulation is unusual in C. elegans lineages, and virtually never allows for the full replacement of the total number of daughter cells, even if some cell fates can be replaced ( Sulston and White, 1980 ; Sulston and Horvitz, 1981 ).",FALSE,,FALSE,FALSE,,,,,
L,linkercell,FALSE,FALSE,Linker cell,,,,"As a part of the somatic gonad of the male , the linker cell performs a “leader function” similar to that of the distal tip cell in the hermaphrodite gonad. As it migrates it leads the developing germline towards the tail tip to connect to the proctodeum. The linker cell later helps to form the opening of the vas deferens to the proctodeum, after which it undergoes a programmed cell death to allow this channel to open (Kimble and Hirsh, 1979). In this later role, the linker cell acts in rather similar fashion to the anchor cell of the female uterus, helping to connect the gonad to the exterior. See Anchor cell See Distal tip cell",FALSE,,FALSE,FALSE,,,,,
L,lip,FALSE,FALSE,Lip/ Lips,,,,"This term has multiple meanings, but structures called lips always consists of a fold or protuberance of hypodermal tissue covered by cuticle, bordering an opening into the body. 1) In the head, the opening to the buccal cavity is bordered by six-fold lips also knows as the labia They are named according to their relative positions: subdorsal, subventral or lateral. 2) At the opening of the vulva there are two-fold vulval “lips” both anterior and posterior to the opening. 3) In at least some species, folds at the cloaca in male tail are called lips. 4) At the anus , anal lips borders the opening on the anterior and posterior with the anterior lip being more prominent.",FALSE,,FALSE,FALSE,,,,,
L,lipidbilayer,FALSE,FALSE,Lipid bilayer,,,,See Bilayer,FALSE,,TRUE,FALSE,,,,,
L,lipidlayer,FALSE,FALSE,Lipid layer,,Vitelline envelope,,"A component of the eggshell. This thin wispy layer lies underneath the chitin layer, just overlying the plasma membrane of the embryonic cells. It may break down in the hours before hatching (Bird and Bird, 1991). In many instances, this layer has been mislabeled the “vitelline membrane” or “inner vitelline membrane”, but the vitelline membrane is actually the outermost layer of the eggshell . See Eggshell See Vitelline membrane",FALSE,,FALSE,FALSE,,,,,
L,lipidraft,FALSE,FALSE,Lipid raft,,,,"A microdomain within the cell membrane that is enriched with certain types of lipids such as cholesterol , glycolipids and sphingolipids . These domains are distinguished by their relative insolubility in nonionic detergents and their relative buoyancy in a density gradient. Within a cell membrane such lipid collections can coassemble to form a “raft” which will derive special physical properties. Some lipid rafts have a tendency to form invaginations called caveolae , and some rafts attract special subsets of proteins to form local clusters . See Caveola/ caveolae",FALSE,,FALSE,FALSE,,,,,
L,lipofuscin,FALSE,FALSE,Lipofuscin,,,,"A granular cytoplasmic substance in the intestine that increases in size and frequency in older nematodes ( Clokey and Jacobsen, 1986 ). It is autofluorescent and dark-staining , and useful as a biomarker for physiological aging in longevity studies ( Herndon et al., 2002 ; Gerstbrein et al., 2005 ) . See AGE pigments",FALSE,,FALSE,FALSE,,,,,
L,liquidculture,FALSE,FALSE,Liquid culture,,,,"A method for growing large quantities of nematodes in well-aerated flasks of bacterial broth or axenic broth, rather than on typical culture plates of agar spread with a bacterial lawn. See Axenic medium See Defined medium",FALSE,,FALSE,FALSE,,,,,
L,locomotion,FALSE,FALSE,Locomotion/ locomotory activity,,,,"Self-propelled movement. In C. elegans , locomotion is generated by the action of a defined set of motor neurons and interneurons that signal the action of the body muscles . See Crawling See Deep ventral bend See Foraging See Kinesis See Lethargus See Nictation See Roller See Nose touch avoidance See Quiescence See Shortening See Swimming See Taxis See Thrashing",FALSE,,FALSE,FALSE,,,,,
L,longitudinalmigration,FALSE,FALSE,Longitudinal migration,,,,Migration of cells or neurons that extend towards the nose or tail rather than towards the sides of the animal.,FALSE,,FALSE,FALSE,,,,,
L,longitudinalmigration,FALSE,FALSE,Longitudinal muscles,,,,"All nematode somatic (striated) muscles run longitudinally. Hermaphrodites have 95 body wall muscle cells that are arranged as staggered pairs in four longitudinal bundles located in four quadrants. Males have 3 additional sets of sex-specific longitudinal muscles (anterior and posterior outer, anterior and posterior inner, and caudal) that contribute to the body wall musculature.",FALSE,,FALSE,FALSE,,,,,
L,longitudinalview,FALSE,FALSE,Longitudinal view,,Longitudinal aspect,,"Any side view of the body, as opposed to a cross-section or ""transverse view"". This can include views from a dorsal or ventral aspect, or a left or right-side view.",FALSE,,FALSE,FALSE,,,,,
L,loop,FALSE,FALSE,Loop,,,,"A portion of the extended gonad where it bends back upon itself (reflexes) to form a proximal arm and a distal arm. Alternately, this term can refer to a specific type of continued turning in the forward motion of the animal which permits it to reverse direction without making any backward motions.",FALSE,,FALSE,FALSE,,,,,
L,loopstage,FALSE,FALSE,Loop stage,,Three-fold stage,,"A late stage in embryogenesis during which the elongating embryo has begun to adopt a worm-like shape within the eggshell, and many events in tissue morphogenesis are proceeding. This stage immediately precedes the early pretzel stag e.",FALSE,,FALSE,FALSE,,,,,
L,loopy,FALSE,FALSE,Loopy,,,,"Describes a form of track on the agar seen for some classes of uncoordinated (unc) mutants, in which the animals move forward in exaggerated circular paths, often turning continuously with little net progress across the plate. This is a behavioral change, and not the same as the rolling motion caused by some cuticle defects (e.g. not like a “roller”) ( Hawasli et al., 2004 ).",FALSE,,FALSE,FALSE,,,,,
L,lsm,FALSE,FALSE,LSM,Lateral submedial neuron,,,See CEP cell,FALSE,,TRUE,FALSE,,,,,
L,lumbar,FALSE,FALSE,Lumbar commissure,Caudalid (archaic),Lumbar-preanal commissure | Lumbar-preanal nerve | Lumbar nerve | Ano-lumbar commissure,,Each left and right lumbar commissure connects one of the lumbar ganglia to the pre-anal ganglion via closely bundled processes passing circumferentially beneath the ventral bodywall muscles in the tail.,FALSE,,FALSE,FALSE,,,,,
L,lumbarganglion,FALSE,FALSE,Lumbar ganglion,,,,"The left and right lumbar ganglia lie behind the pre-anal ganglion in the tail, in lateral positions. Each contains 12 neuron cell bodies that send most of their neuronal processes into the ventral nerve cord via lumbar commissures and the pre-anal ganglion. There is no local neuropil in these ganglia in the hermaphrodite, instead they form most synapses in the pre-anal ganglion. Most lumbar neurons have sensory functions. In the adult male tail, these two ganglia gain many additional neurons and have some local neuropil. The lumbar neurons lie in close association with the lateral hypodermis, and most are posterior to the anus.",FALSE,,FALSE,FALSE,,,,,
L,lumen,FALSE,FALSE,Lumen/ lumena,,,,"The interior of a vessel within a body such as of the pharynx , intestine , excretory gland , uterus , vulva , or spermatheca . It can also refer to the inner membrane space of the mitochondrion , golgi or ER .",FALSE,,FALSE,FALSE,,,,,
L,lysis,FALSE,FALSE,Lysis,,,,"Typically refers to death of a cell by bursting. Can occur by osmotic or viral triggers that compromise the integrity of the cellular membrane. Also refers to the bursting of entire worms for preparation of DNA, RNA or proteins.",FALSE,,FALSE,FALSE,,,,,
L,lysosome,FALSE,FALSE,Lysosome,,,,"A membrane bound organelle that contains digestive enzymes for digesting macromolecules and disposing of unwanted materials such as phagocytosed bacterium and damaged organelles. Additionally, lysosomes aid in the recycling of the components of receptor-mediated endocytosis . Each pathway to degradation leads to the lysosome, regardless of the souce of the material ( Alberts, 2002 ). See also Wormbook chapters: Intracellular trafficking ( Grant and Sato, 2006 ) and Autophagy in C. elegans ( Meléndez and Levine, 2009 ).",FALSE,,FALSE,FALSE,,,,,
M,mcell,FALSE,FALSE,M cell,,Sex myoblast,,"A postembryonic mesoblast that lies in the posterior body region and gives rise to sexually dimorphic muscles in males and hermaphrodites. A descendant of MS.ap , M is born in an anterior position on the left side of the embryo and then migrates to the posterior and right side. In the hermaphrodite, the M lineage gives rise to six cell types: body wall muscles , nonmuscle coelomocytes and four classes of sex muscles including those of the uterus and vulva . In males, M descendants give rise to cells in the tail including some bodywall muscles and to sex muscles of the tail ( Herman, 2006 ). See Sex myoblast",FALSE,,FALSE,FALSE,,,,,
M,mline,FALSE,FALSE,M line,,,,"A planar structure within the muscle sarcomere which lies midway within the thick filament (A) band, attaching to the plasma membrane at its base and running up towards the inward surface of the myofilament lattice . The plane of the M line runs parallel to the axis of the A band, slightly off axis from the longitudinal body axis. It may organize the orientation of the myosin lattice and perhaps the stagger between adjacent sarcomeres ( Waterston et al., 1986 ).",FALSE,,FALSE,FALSE,,,,,
M,mneuron,FALSE,FALSE,"""m"" neuron",FLPL | FLPR,,ABplapaaapad ABprapaaapad,"Sensory head neurons with ciliated endings, but not part of a sensillum and are not open to the outside. Functions with 2 other classes of mechanosensory neurons to mediate nose touch avoidance and initiate backwards movement.",FALSE,,FALSE,TRUE,entity_id == cell name,,,,
M,mphase,FALSE,FALSE,M phase,,Mitotic phase,,"A stage in the cell cycle during which mitosis occurs. It is recognized best by light microscopy rather than by TEM methods. (For overview of cell division in C. elegans see Oegma and Hyman, 2006 ).",FALSE,,FALSE,FALSE,,,,,
M,m1m2m3m4m5,FALSE,FALSE,"M1 , M2 , M3 , M4 , M5",,,,"These are the names of individual pharyngeal motor neurons ( Albertson and Thomson, 1976 ) .",FALSE,,FALSE,FALSE,,,,,
M,m1m8,FALSE,FALSE,m1-m8 (pm1-pm8),,,,"Pharyngeal muscle cells , which make 8 consecutive rings of radial musculature encircling the pharyngeal lumen. Most are arranged in a three-fold symmetrical manner. All except pm6-8 are syncytial; pm1 has 6 nuclei while each pm2-5 cell has 2 nuclei, as a result of cell fusions ( Albertson and Thomson, 1976 ; Avery and Thomas, 1997 ).",FALSE,,FALSE,FALSE,,,,,
M,m8musclecell,FALSE,FALSE,m8 muscle cell (pm8),,,,"A single muscle cell lying at the posterior end of the pharynx which completely encircles the pharyngeal lumen. m8 may act as a sphincter to control the lumenal opening, or possibly the pharyngeal-intestinal valve just behind it, to restrict regurgitation from the intestine ( Albertson and Thomson, 1976 ).",FALSE,,FALSE,FALSE,,,,,
M,mainbodysyncytium,FALSE,FALSE,Main body syncytium,,,,"Refers to the hyp7 syncytium , the largest component of the hypodermis . This tissue eventually contains 110 nuclei and encloses the major portion of the animal’s body length in a circumferential toroid that includes the ventral and dorsal hypodermal ridges, as well as most of the lateral hypodermal cords over that region.",FALSE,,FALSE,FALSE,,,,,
M,majorspermprotein,FALSE,FALSE,Major sperm protein,MSP,,,"The dynamic polymerization of MSP drives C. elegans sperm motility via "" treadmilling ""( Smith, 2006 ).",FALSE,,FALSE,FALSE,,,,,
M,male,FALSE,FALSE,Male,,,,"A rare (1/2000) sexual form in normal Caenorhabditis elegans whose body undergoes a dramatic sexual transformation during development, especially of the tail , in order to breed sexually with the hermaphrodite ( Emmons, 2005 ). Unlike the hermaphrodite , the male’s reproductive tract forms only Tetraploid adults can generate two classes of hermaphroditic progeny: “high frequency male producers” which yield much higher fractions of male progeny, and “low frequency producers” which yield relatively few males (Nigon, 1949 ; 1951 ). See Hermaphrodite See High incidence of males See Intersex See Spontaneous male",FALSE,,FALSE,FALSE,,,,,
M,malematingbehavior,FALSE,FALSE,Male mating behavior,,,,"Males go through specific behaviors to initiate and undergo mating with hermaphrodites (see mating movie ). These behaviors include: responding to contact, turning, vulval location, spicule insertion and sperm transfer ( Barr and Garcia, 2006 ).",FALSE,,FALSE,FALSE,,,,,
M,malespecific,FALSE,FALSE,Male specific,,,,"Cells, tissues, or functions that are found only in the male animal but not in the hermaphrodite.",FALSE,,FALSE,FALSE,,,,,
M,malestock,FALSE,FALSE,Male stock,,,,"A culture of C. elegans in which male animals are produced at relatively high frequency by repeated backcrossing of males into a relatively small number of hermaphrodites. Since hermaphrodites can self-propogate and produce virtually all hermaphrodite progeny when not mated, it is difficult to maintain a culture with a high proportion of male progeny except by this backcrossing method, or by choosing a him mutant strain to increase the rate of male production. See Spontaneous male",FALSE,,FALSE,FALSE,,,,,
M,maletail,FALSE,FALSE,Male tail,,,,The male tail contains both male-specific and sexually dimorphic structures that allow the male to initiate mating with the hermaphrodite and to transfer sperm into her vulva.,FALSE,,FALSE,FALSE,,,,,
M,mantle,FALSE,FALSE,Mantle,,,,"A specialized extracellular matrix surrounding the touch receptor neurons. Its production appears to require the touch cell processes to be in close apposition of to the hypodermis ( Driscoll and Kaplan, 1997 ).",FALSE,,FALSE,FALSE,,,,,
M,marginalcell,FALSE,FALSE,Marginal cell,Marginal fiber (archaic),,,"Transitional epithelial cells of the pharynx that separate each of the three syncytial pharyngeal muscle cells from each other. There are a total of 7 cells: 3 mc1, 3 mc2 and a syncytial mc3 cell with 3 nuclei. These cells are probably non-contractile, but are filled with radially oriented intermediate filament bundles. They lie in rows at the corners of the lumen and supply reinforcing strength to the organ.",FALSE,,FALSE,FALSE,,,,,
M,masculinization,FALSE,FALSE,Masculinization,,,,"Transformation of cell fates to produce male cell fates in place of female cell fates. A masculinizing mutation may transform the ratio of germ cell fates to produce more sperm and fewer oocytes. Transformation of somatic cell fates may produce body parts in a genetic hermaphrodite to form a male tail, cloaca or vas deferens. See Feminization",FALSE,,FALSE,FALSE,,,,,
M,matefinding,FALSE,FALSE,Mate-finding,,Mate searching,,"Behaviors that cause sexually adult animals to be attracted and to approach members of the opposite sex. In C. elegans , such behaviors include the “leaving behavior” in males, in which they depart from a food source to find a suitable hermaphrodite ( Simon and Sternberg, 2002 ; Lipton and Emmons, 2003 ; Lipton et al, 2004 ). There is apparently no detectable preference among fertile hermaphrodites to aggregate in the presence of adult males ( Simon and Sternberg, 2002 ). See Leaving behavior See Pheromone",FALSE,,FALSE,FALSE,,,,,
M,maternaleffect,FALSE,FALSE,Maternal effect,,Maternal expression,,Expression of maternal effect genes is required in the mother for normal development of her offspring. See mes,FALSE,,FALSE,FALSE,,,,,
M,maternaleffectlethal,FALSE,FALSE,Maternal effect lethal,,Mel,,"A special class of sterilizing mutations that prevent the development of the progeny of hermaphrodites homozygous for the mutation. In contrast to the zygotic lethals, which prevent the development of the individuals homozygous for the mutation, the gene product from maternal effect lethals is required in the mother for the successful completion of the development of her offspring ( Kemphues, 2005 ). After mating with a wild type male, progeny are generally viable (rescued) and develop normally as heterozygotes.",FALSE,,FALSE,FALSE,,,,,
M,matingbehavior,FALSE,FALSE,Mating behavior,,,,"To attract males for mating, hermaphrodites provide chemosensory and mechanosensory cues ( Barr and Garcia, 2006 ). Males respond to these cues and undergo a complex behavior pattern to successfully copulate with the hermaphrodite (see mating movie ). This behavior includes: response, turning, vulva location, spicule insertion, ejaculation and plugging ( Barr and Garcia, 2006 ). Hermaphrodites also exhibit behaviors that resist his efforts at effective mating ( Emmons, 2005 ). See Male mating behavior See Mating resistance",FALSE,,FALSE,FALSE,,,,,
M,matingefficiency,FALSE,FALSE,Mating efficiency,,,,"A measurement of the mating ability of a male adult, in particular the animal’s fertility as opposed to its mating behavior per se ( Hodgkin, 1983 ; Hodgkin et al., 1988). Assays for male mating efficiency are used to determine the ability of mutant males to be used in genetic crosses ( Emmons, 2005 ).",FALSE,,FALSE,FALSE,,,,,
M,matingplug,FALSE,FALSE,Mating plug,,,,See Copulatory plug,FALSE,,TRUE,FALSE,,,,,
M,matingresistance,FALSE,FALSE,Mating resistance,,,,"Hermaphrodites have been shown to exhibit two behaviors associated that reduce the likelihood of effective mating with a male: sprinting (hermaphrodites move forward quickly away from a male after being touched by him) and sperm expulsion (after male ejaculation, contractions of the hermaphrodites uterus may expel the seminal fluid through the vulva) ( Emmons, 2005 ). See Sperm expulsion See Sprinting",FALSE,,FALSE,FALSE,,,,,
M,matrix,FALSE,FALSE,Matrix,Ground,substance,,"Flocculent or lacey dense substance which fills vesicles or regions of space inside the animal; may be intracellular or extracellular. Also refers to the large internal space of the mitochondrion which contains a mixture of hundreds of enzymes that catalyze the oxidation of pyruvate and other small organic molecules, copies of the mitochondrial DNA genome, special mitochondrial ribosomes and tRNAs ( Alberts et al., 2002 ). See Extracellular matrix",FALSE,,FALSE,FALSE,,,,,
M,matrixlayer,FALSE,FALSE,Matrix layer,,Intermediate layer,,A portion of the medial layer of the cuticle . See Basal layer See Cortical layer,FALSE,,FALSE,FALSE,,,,,
M,matricide,FALSE,FALSE,Matricide,,,,"The killing of an adult mother by her progeny. This is a common endpoint in cases of internal hatching in C. elegans , either due to poor success at egg-laying (since progeny are produced internally by self-fertilization), or due to mutations that block normal development of the vulval opening (egl phenotype). Theoretically, there may also be cases in which the progeny produce a toxic agent that proves fatal to the mother ( Mylonakis et al., 2002 ). See Bag of worms See Egl",FALSE,,FALSE,FALSE,,,,,
M,MCM,TRUE,FALSE,MCM,Male Cell of Mystery MCML | MCMR,,ABplpaapapap ABprpaapapap,"Male-specific interneuron born in L4 stage, daughter of the AMso cell, undergoes transdifferentiation from a glial to neuron fate. Its cell body lies among the glial cell bodies in the male head, and has synaptic connections in the adult male nerve ring; required for a form of associative sexual conditioning in the adult male",FALSE,,FALSE,FALSE,,,,,
M,mechanoreceptorneurons,FALSE,FALSE,Mechanoreceptor neurons,MRNs,,,"These neurons generate electrical signals in response to mechanical stimuli and transmit those signals to other neurons. One group, the touch receptor neurons ( ALML/R , PLML/R , AVM , and PVM ), are nonciliated, while the ciliated MRNs include ASH , CEP , ADE and PDE , as well as 42 male-specific sensory neurons that innervate the male tail ( Goodman, 2006 ).",FALSE,,FALSE,FALSE,,,,,
M,mechanosensation,FALSE,FALSE,Mechanosensation,,,,"Detection of mechanical stimuli to the body. C. elegans sense a variety of mechanical stimuli including: gentle touch, harsh touch, nose touch and texture ( Chalfie, 2006 ). See Nose touch",FALSE,,FALSE,FALSE,,,,,
M,mechanosensoryending,FALSE,FALSE,Mechanosensory ending,,Mechanocilium | Mechanoreceptor,,"A rather wide variety of neuronal specializations have been ascribed a sensory role which is imputed to be mechanosensory, but rather few have proven physiological responses. Most of these endings involve morphological specializations embedded in or immediately under the cuticle, sometimes showing physical attachment via hemidesmosomes or adherens junctions. Several involve endings embedded in the hypodermis of a sensillum. Many neurons project long morphologically unspecialized processes in longitudinal nerves which are suspected to allow for stretch sensation (see proprioception ), but where no obvious physical attachments are noted even by electron microscopy. The dendrites of the touch neurons, which transduce light touch, are not really “endings” in the conventional sense as their major processes extend longitudinally for many microns, glued to the cuticle and hypodermis via an external mantle. See Nose touch",FALSE,,FALSE,FALSE,,,,,
M,mechanosensorynerve,FALSE,FALSE,Mechanosensory nerve,,,,"Cephalic nerve cord + labial nerve, which travel as a bundle from the lip to nerve ring cell bodies.",FALSE,,FALSE,FALSE,,,,,
M,mechanotransduction,FALSE,FALSE,Mechanotransduction,,,,"The biophysical process by which a mechanosensory ending converts a mechanical stimulus into a neuronal signal. Most of the proteins thought to form the transduction channels in ciliated MRNs are members of the transient receptor potential (TRP) channel superfamily. Members of the DEG/ENaC superfamily have been found to compose channels that operate in nonciliated MRNs ( Goodman, 2006 ; Driscoll and Kaplan, 1997 ).",FALSE,,FALSE,FALSE,,,,,
M,medianzone,FALSE,FALSE,Median zone,,Medial layer | Mesocuticle,,"An internal compartment of the cuticle that may show substantial variations between developmental stages, or between species. This layer may be entirely missing in larval cuticles , but is very prominent in adults . It may include several distinct layers, including the fibril layer, the matrix layer and a thin boundary zone, which separates it from the underlying basal zone of the cuticle. This region can display struts, globular bodies and fluid-filled spaces. See Basal layer See Boundary zone See Cortical layer See Fibril layer See Matrix layer See Strut",FALSE,,FALSE,FALSE,,,,,
M,meiofauna,FALSE,FALSE,Meiofauna,,,,"The collection of animals that are too small to be easily seen by eye (those larger species comprise the “macrofauna”), but are larger than the species that can only be observed with a microscope (the “microfauna”). They can pass through a .5 mm sieve, but are retained on a .045 mm sieve. C. elegans, with an adult body length of one micron, is just barely visible to the eye, and belongs among the meiofauna. Nematodes generally are thought to comprise 70-100% of the meiofauna biomass in most habitats, and their total metabolism may equal 15% of that of the macrofauna ( Nicholas, 1975 ).",FALSE,,FALSE,FALSE,,,,,
M,meiosis,FALSE,FALSE,Meiosis,,M phase,,"A characteristic series of steps (constituent parts of meiosis) through which dividing germ cell nuclei mature into fertilization-competent haploid oocytes or sperm; these include meiosis prophase I (which itself includes 5 steps), completion of meiotic division I (meiotic metaphase I and anaphase I), and meiotic division II (meiotic metaphase II and anaphase II), and telophase ( Alberts et al., 2002 ). In C. elegans the processes of meiotic maturation, ovulation and fertilization are all temporally coupled ( Greenstein, 2005 ). The meiotic divisions of C. elegans spermatogenesis are coordinated with the morphogenesis of fibrous body-membranous organelles which segregate into spermatids ( L'Hernault, 2006 ).",FALSE,,FALSE,FALSE,,,,,
M,membrane,FALSE,FALSE,Membrane,,,,"An enclosing or separating tissue, usually a lipid bilayer that acts as a boundary. See Basal lamina See Basement membrane See Nuclear envelope See Plasma membrane See Stacked membrane",FALSE,,FALSE,FALSE,,,,,
M,membranousorganelle,FALSE,FALSE,Membranous organelle,MO,Special membrane structure,,"A very distinctive organelle found in the periphery of the cytoplasm of the maturing spermatid and spermatozoan. They contain very electron dense stacked membrane structures that can eventually fuse with the plasma membrane of the sperm, perhaps leading to formation of the pseudopod . The membranous organelle (MO) has also been called the “special membrane structure” by Wolf et al. (1978) and may be formed from pre-existing “special vesicles” and fibrous bodies, which disappear as the MO’s develop. The organelle consists of two lobes separated by an electron dense collar ; the larger lobe is sometimes called the “body lobe”, while the smaller lobe is the “head lobe” ( Nelson and Ward, 1980 ; Achanzar and Ward, 1997 ). The MO develops in close association with the fibrous body (FB) , which is composed of the major sperm protein filaments, and surrounds it, separated by a collar region ( L'Hernault, 2006 ). The membranous organelle eventually fuses with the plasma membrane and contributes to the creation of the motile pseudopod of the activated spermatozoon, providing both membrane and glycoproteins ( Roberts et al., 1986 ). Fibrous material originating within the MO passes through the fusion pore and provides components to the outside surface of the sperm’s plasma membr ane ( Achanzar and Ward, 1997 ). See Collar See Fibrous body",FALSE,,FALSE,FALSE,,,,,
M,memory,FALSE,FALSE,Memory,,,,"C. elegans has demonstrated the ability to learn from mechanosensory, chemosensory and thermosensory input. They exhibit habituation as well as associative forms of learning and show both short-term and long-term memory. Additionally the appear to be able to integrate and remember experiences across different sensory modalities (See review by Rankin, 2004 ). See Adaptation See Habituation See Learning and Memory See Imprinting",FALSE,,FALSE,FALSE,,,,,
M,meridicmedium,FALSE,FALSE,Meridic medium,,,,"An axenic medium containing one component that is not well-characterized, such as a tissue extract. See Holidic medium",FALSE,,FALSE,FALSE,,,,,
M,meromyarian,FALSE,FALSE,Meromyarian,,,,"A condition in which a nematode muscle quadrant contains relatively few cells (ranging from 2-5 cells across, as in C. elegans ); as opposed to “polymyarian” muscles (in some very large species such as Ascaris ) where there are many cells side by side within a quadrant ( Schneider, 1866 ; Chitwood and Chitwood, 1950). In “holomyarian” muscles, there are never more than 2 cells across within each quadrant. See Holomyarian",FALSE,,FALSE,FALSE,,,,,
M,mes,FALSE,FALSE,Mes,Maternal effect sterile,,,"Mutations in these genes causes a sterile effect due to loss of mature germ cells implying that the mes genes are essential for germline proliferation and/or maturation ( Capowski et al., 1991 ; Paulsen et al., 1995 ). Some mes mutants appear to contain necrotic germ cells ( Garvin et al., 1998 ).",FALSE,,FALSE,FALSE,,,,,
M,mesenteron,FALSE,FALSE,Mesenteron,Intestine | (archaic),,,See Intestine,FALSE,,TRUE,TRUE,entity_id == cell name,,,,
M,mesoblast,FALSE,FALSE,Mesoblast,M,Blast cells,,"Precursor , or stem cell, of the muscle cells and coelomocytes. In C. elegans , non gonadal mesoderm arises from a single postembryonic mesoblast cell ( M ). M is born on the left, next to the pharynx. It migrates posteriorly, remains on the midline for some time, but then shifts to the right-hand side of the intestine ( Sulston et al., 1983 ). See M cell",FALSE,,FALSE,FALSE,,,,,
M,mesocuticle,FALSE,FALSE,Mesocuticle,,Medial layer,,See Median zone,FALSE,,TRUE,FALSE,,,,,
M,mesoderm,FALSE,FALSE,Mesoderm,,,,"In higher animals, this term refers to the cell layer from which the musculature develops. In C. elegans , this tissue consists principally of the daughters of just two cells in the early embryo, the MS (primary mesoderm) and D (secondary mesoderm) blast cells. The term is used to collectively refer to both these blast cells and to all developed musculature in a given animal of any age. See M cell",FALSE,,FALSE,FALSE,,,,,
M,mesorhabdion,FALSE,FALSE,Mesorhabdion,,,,"Specialized zone of cuticle lining the mesostom or buccal regions , secreted by the pharyngeal epithelium.",FALSE,,FALSE,FALSE,,,,,
M,mesostom,FALSE,FALSE,Mesostom,,,,A portion of the buccal cavity underlain by the buccal epithelial cells.,FALSE,,FALSE,FALSE,,,,,
M,metacorpus,FALSE,FALSE,Metacorpus,,Median bulb | First bulb,,The anterior bulb of the pharynx .,FALSE,,FALSE,FALSE,,,,,
M,metaneme,FALSE,FALSE,Metaneme,,,,"A type of stretch receptor, known for some nematode species, but not C. elegans (Lorenzen, 1994).",FALSE,,FALSE,FALSE,,,,,
M,metarhabdion,FALSE,FALSE,Metarhabdion,,Glottoid apparatus,,"Specialized zone of cuticle lining the metastom , a portion of the buccal passage formed by the pm1 muscles . In particular, this cuticle includes the flaps that may govern flow in/out of the pharynx proper.",FALSE,,FALSE,FALSE,,,,,
M,metastom,FALSE,FALSE,Metastom,Glottis,,,Archaic term referring to that portion of the pharynx formed by the pharyngeal muscles pm1 .,FALSE,,FALSE,FALSE,,,,,
M,microadherensjunctions,FALSE,FALSE,Micro-adherens junctions,,,,"Extremely small transient junctions that have been proposed to occur between hypodermal filapodia in advance of dorsal/ventral cell fusions in the embryo ( Podbilewicz, 2000 ).",FALSE,,FALSE,FALSE,,,,,
M,microfilament,FALSE,FALSE,Microfilament,,,,"An extremely thin elongated cytoplasmic filament, composed of actin protein, which can assemble into any of several distinct forms, including a gel-like meshwork (g-actin), a tight bundle of parallel fibers (larger bundles are often called stress fibers, smaller bundles are often called f-actin), or can be interspersed with other filamentous proteins (e.g. myosin ) to form a myofilament lattice , as in muscle cells . These are each important “cytoskeletal proteins” which physically hold the cell’s organelles to one another internally, and which connect via plasma membrane attachments (intercellular junctions) to hold cells together into a coherent tissue. The actomyosin (actin + myosin) lattice is especially important in establishing asymmetric distribution of proteins in one-cell stage embryos ( Gonczy and Rose, 2005 ) and in the force generation in all muscles. When cytoskeletal proteins are compared in cross section, microfilaments < intermediate filaments < thick filaments < microtubules. See Actin",FALSE,,FALSE,FALSE,,,,,
M,microscopy,FALSE,FALSE,Microscopy,,,,"Due to its transparency and easy of manipulation, C. elegans is an ideal organism for microscopic observaton of both live and fixed animals or tissues. See Confocal microscopy See DIC microscopy See Electron microscopy See Four dimensional microscopy See Multiphoton fluorescence microscopy",FALSE,,FALSE,FALSE,,,,,
M,microtubule,FALSE,FALSE,Microtubule,,,,"A robust macromolecular array which forms long extended cytoskeletal elements with a hollow core. The tubule is made principally of tubulin protein, which forms parallel strings of “protofilaments” along the sides of the tubule. Individual species of tubulin proteins generally form homomeric macromolecular arrays such that each tubule consists of an odd number of protofilaments. In C. elegans , 11, 13, or 15 protofilament microtubules are most common. Microtubules can rapidly change in length, except when stabilized by capping proteins, and can assemble into arrays with one another to form microtubule bundles (as inside the nerve axon) or flexible asters (as in the mitotic spindle ). Microtubule-based motors (such as kinesins and dyneins) can slide microtubules past one another to generate considerable forces in moving o rganelles within the cell cytoplasm, or can move cargoes within the When cytoskeletal proteins are compared in cross section, thin filaments < intermediate filaments < thick filaments < microtubules. See Tubulin",FALSE,,FALSE,FALSE,,,,,
M,microtubulering,FALSE,FALSE,Microtubule ring,,,,See Ciliary necklace,FALSE,,TRUE,FALSE,,,,,
M,microvilli,FALSE,FALSE,Microvillus/ Microvilli/ Microvillar,,,,"Open tubular extension at the apical surface of some epithelial cells. 1) Found in intestinal cells and some neighboring cells in the alimentary system. Dense collections of microvilli are bounded basally by a terminal web and together constitute a “brush border”. 2) Similar microvilli have been seen in the immature spermatheca prior to adulthood (Southgate and White, unpublished data). 3) Some researchers consider the finger-like extensions of the AFD dendrite to be comparable to microvilli ( Ashton and Schad, 1996 ). See Brush border See Finger-like projections",FALSE,,FALSE,FALSE,,,,,
M,midbody,FALSE,FALSE,Midbody,,Central body | Midsection,,"The body region which is behind the head and neck but in front of the tail, where the tissues are comprised of the bodywall, intestine and gonad tissues.",FALSE,,FALSE,FALSE,,,,,
M,midintestine,FALSE,FALSE,Midintestine,,,,"The middle region of the intestine , lying between the anterior and posterior regions. It consists of a rather simple tubular epithelium that becomes pushed to the dorsal side of the pseudocoelomic cavity by the vulva.",FALSE,,FALSE,FALSE,,,,,
M,midline,FALSE,FALSE,Midline,,,,"The midline defines a plane running along the dorsal/ventral axis, separating the left and right halves of the body. Most features in the bodywall are symmetric across the midline, except for the major nerve cords. Most internal organs in the adult are not symmetric across the axis. The ventral midline is an important landmark in axon guidance; e.g. “midline crossing” or decussation. See Ventral midline",FALSE,,FALSE,FALSE,,,,,
M,midlinecrossing,FALSE,FALSE,Midline crossing,,,,See Decussation,FALSE,,TRUE,FALSE,,,,,
M,migration,FALSE,FALSE,Migration,,Longitudinal aspect,,"This term has been used in many different contexts to describe directed movements of individual cells or groups of cells within the body relative to neighboring cells within a tissue. It also refers to movements of cell parts (process extension, growth cone motions), organelle movements (such as nuclei, centrosomes, etc) and relative movements of molecular assemblies within a cell. The term could also be used to describe directed motions of whole animals or even populations of animals with respect to an environmental signal.",FALSE,,FALSE,FALSE,,,,,
M,mitochondrion,FALSE,FALSE,Mitochondrion/ Mitochondria,,,,Intracellular organelle that completes the metabolism of sugars and produces ATP providing the energy required for much of the cell's processes. Each mitochondrion is bounded by two specialized membranes (an outer and inner membrane) which create two separte compartments - the internal matrix and intermembrane space. They are found in large numbers in tissues that have a high energy requirement such as muscle and sperm cells.,FALSE,,FALSE,FALSE,,,,,
M,mixedmodality,FALSE,FALSE,Mixed modality,,Polymodal,,"Neurons having more than one principle function within the wiring. For instance, several cells serve both a sensory and a motor function and are termed sensorimotor cells. Many more cells may serve as both sensory cells and as interneurons, or as motor cells and as interneurons, but are less easily categorized since the “interneuron” status is less easily defined. The same term may also refer to neurons which transduce several different categories of sensation, such as olfaction and osmosensation or chemosensation, or chemosensation and mechanosensation.",FALSE,,FALSE,FALSE,,,,,
M,molt,FALSE,FALSE,Molt,,Moult | Molting | Ecdysis,,"The end of each larval stage in C. elegans is marked with a molt where new, stage-specific cuticle is synthesized and the old one is shed ( Cassada and Russell, 1975 ). Molting is almost simultaneous for the cuticular covering of all hypodermal tissues and those of the external openings. The buccal cavity , rectal cuticle and the coats of the excretory duct and sensilla are all replaced at each molt along with the outer cuticle of the bodywall. Before the molt, the animal enters a brief lethargus stage. Molting is 1) Apolysis : The separation of old cuticle from the hypodermis 2) Synthesis : the formation of new cuticle arising from the hypodermis, and 3) Ecdysis : t he shedding of the old cuticle Cuticle protein synthesis has been found to be high during molting and is very much reduced during intermolt periods. Furthermore, the cuticle ultrastructure and protein composition differ at each molt ( White, 1988 ). The timing of the four molts is not regulated by any external signal in C. elegans , unlike in many parasitic species, though molting out of the dauer stage is highly sensitive to external conditions. Little is known how the molt cycle is driven internally as C. elegans lacks ecdysone and its receptor. Presumably, another sterol hormone functions in role ( Antebi, 2006 ). See Apolysis See Ecdysis See Exsheathment See Lethargus",FALSE,,FALSE,FALSE,,,,,
M,moltingfluid,FALSE,FALSE,Molting fluid,,,,"A secretion from internal stores that may supply enzymes required for molting, thought to aid in the digestion of the old exoskeleton. This fluid may come from the excretory glands ( Davey, 1971 ; Rogers and Head, 1978) and/or pharyngeal glands ( Hall and Hedgecock, 1991 ; Adams et al., 1996). Release of the molting fluid has been postulated to follow reception of an external signal (at least in parasitic nematodes) and release of a hormonal intermediate from neurosecretory neurons. See Exsheathment See Molt",FALSE,,FALSE,FALSE,,,,,
M,monadicsynapse,FALSE,FALSE,Monadic synapse,,,,A synapse having only one postsynaptic process. See Dyadic synapse See Triadic synapse,FALSE,,FALSE,FALSE,,,,,
M,monocentricchromosomes,FALSE,FALSE,Monocentric chromosomes,,,,"The placement of the microtubules occurs at one specific region (the centromere) and chromosomes move toward the poles during anaphase with the centromere leading. This is in contrast to holocentric chromosomes where microtubules bind to the chromosomes along their entire length. While C. elegans chromosomes have a holokinetic organization, they do share many features and behaviors with monocentric chromosomes ( Albertson et al., 1997 ). See Holocentric chromosomes",FALSE,,FALSE,FALSE,,,,,
M,monodelphic,FALSE,FALSE,Monodelphic,,,,"Possessing a one-armed gonad. Males always have monodelphic gonads, but females/hermaphrodites vary across species whether or not they are monodelphic or didelphic (two-armed) as is the case for C. elegans hermaphrodites ( Sommer, 2005 ). See Amphidelphic See Didelphic",FALSE,,FALSE,FALSE,,,,,
M,monopolar,FALSE,FALSE,Monopolar,,,,A neuron with a single process extending from the soma.,FALSE,,FALSE,FALSE,,,,,
M,monoxenicmedium,FALSE,FALSE,Monoxenic medium,,,,"A simple growth medium for raising nematodes, containing a single well-characterized species (monoculture) of bacteria. A growth culture containing two mixed species would be termed a “dixenic” medium. See Axenic medium",FALSE,,FALSE,FALSE,,,,,
M,monster,FALSE,FALSE,Monster,,,,"An embryo or young animal which has undergone extremely abnormal development due to mutation or physical disruption is often called a (developmental) “monster”. Such terminal phenotypes (arrest stages) are generally lethal and rarely result in fertile adults ( Denich et al., 1984 ; Schierenberg and Junkersdorf, 1992 ; Schlicht and Schierenberg, 1991 ). See Arrest stage See Embryonic arrest See Terminal phenotype",FALSE,,FALSE,FALSE,,,,,
M,morphogenesis,FALSE,FALSE,Morphogenesis,,,,"The development of the shape of tissues, organs and organisms. Morphogenesis of the C. elegans embryo occurs during the last half of embryogenesis , a five hour period which follows the “proliferation phase”. Most cells exit the cell cycle and begin to differentiate in order to produce the detailed features of each tissue prior to hatching. This stage is mostly controlled by the development of the epidermis ( Chisholm and Hardin, 2005 ).",FALSE,,FALSE,FALSE,,,,,
M,morulastage,FALSE,FALSE,Morula stage,,,,"An early stage of embryonic development in which the embryo consists of compact ball of 12-32 cells. The cells begin to differentiate and then once a fluid filled space forms, called the blastocystic cavity, the morula becomes a blastocyst.",FALSE,,FALSE,FALSE,,,,,
M,mosaicdevelopment,FALSE,FALSE,Mosaic development,,,,"A general means of tissue development (found prominently in nematodes, including C. elegans ) in which individual cell lineages tend to operate independently of their neighbors, such that intercellular regulatory mechanisms are diminished or absent. The whole embryo becomes a patchwork or “mosaic” structure of cell groups that are operating in isolation from most outside influences. If certain stem cells are lost or damaged, no other cells can be upregulated to provide more cells or any regenerative capacity in replacement of the lost tissue. While mosaic development is very prominent in C. elegans embryos, significant examples of regulation have been experimentally determined ( Sulston and White, 1980 ). See Regulation / Regulative potential",FALSE,,FALSE,FALSE,,,,,
M,mothercentriole,FALSE,FALSE,Mother centriole,,Parent centriole,,"In a metaphase or anaphase spindle body, the “mother centriole” lies closest to most microtubule minus ends, and to the centrosome, whereas the “daughter centriole” lies off to the side ( O’Toole et al., 2003 ).",FALSE,,FALSE,FALSE,,,,,
M,motile,FALSE,FALSE,Motile/ Motility,,,,"The relative degree of spontaneous and independent movement of an animal, a cell, an organelle, or cell part (growth cone) . Often it refers to the movement of the gamete (sperm), but C. elegans sperm move by a unique crawling mechanism.",FALSE,,FALSE,FALSE,,,,,
M,motorneuron,FALSE,FALSE,Motorneuron,,Motoneuron | Motor neuron,,A neuron which forms synapses (neuromuscular junctions) onto one or more muscle cells. See Polymodal input See Sensorimotor neuron,FALSE,,FALSE,FALSE,,,,,
M,motorendplate,FALSE,FALSE,Motor end plate,,Muscle plate,,,FALSE,,FALSE,FALSE,,,,,
M,mouth,FALSE,FALSE,Mouth,,Buccal opening,,An opening at the anterior end surrounded by six symmetrical lips and sensilla.,FALSE,,FALSE,FALSE,,,,,
M,msblastomere,FALSE,FALSE,MS blastomere,,MS founder cell | MSt blastomere,,"An embryonic founder cell, born on the ventral side from EMS , whose daughter cells, E and MS , give rise to many cell types, most of which are mesodermal , including somatic muscles , glands, coelomocytes , somatic gonad precursors , as well as some neurons.",FALSE,,FALSE,FALSE,,,,,
M,msm,FALSE,FALSE,MSM,Medial submedial neuron,,,"A distinct papillary organ, located slightly posterior in the lips and containing the dendrite of the OLQ neuron.",FALSE,,FALSE,FALSE,,,,,
M,multiphotonfluorescencemicroscopy,FALSE,FALSE,Multiphoton fluorescence microscopy,MPFE,,,A type of microscopy that combines laser scanning microscopy with multiphoton fluorescence excitation to generate high resolution 3D images of fluorescent signals in live animals.,FALSE,,FALSE,FALSE,,,,,
M,multivulvaphenotype,FALSE,FALSE,Multivulva phenotype,Muv,,,"An aberrant condition in which an animal has more than one vulva, or more likely, one functional vulva and one or more extra “ pseudovulvae ” (see Sternberg, 2005 ). Many mutants are known to lead to this condition by the generation of excess cells from the Pn.p lineages ; these include lin-1, lin-3 and lin-7 ( Horvitz and Sulston, 1980 ; Sulston and Horvitz, 1981 ). See Pseudovulva See Vulvaless phenotype",FALSE,,FALSE,FALSE,,,,,
M,murder,FALSE,FALSE,Murder,,,,"A postulated mechanism for the initiation of cell death, in which one cell dies as a result of an external signal from another ""killer cell"", or dies due to phagocytosis by a neighboring cell while still healthy ( Sulston and White, 1980 ; White et al., 1991 ). See Engulfment See Killer cell See Suicide",FALSE,,FALSE,FALSE,,,,,
M,muscle,FALSE,FALSE,Muscle,,,,"Somatic cell(s) whose principal function is to provide contractile forces, either to modify body posture or to control the position or motions of particular tissues or organs. In the nematode, which lacks a skeleton, most muscles are anchored to the cuticle. The body’s high turgor pressure provides rigidity to the cuticle, which can then respond to muscle contractions to modify the body shape. Some muscle cells in C. elegans act alone, but the principal muscles of the bodywall and pharynx operate in groups, either in synchrony, in sequence, or in opposition to provide coordinated, smoothly controlled motions. Individual muscle cells are often small in size, spindle shaped, and consist of single sarcomeres or obliquely striated sarcomeres (as in bodywall muscle). Several cell types have smooth muscle properties, including the gonad sheath, the uterine muscles, and the anal sphincter muscle. Some muscle types are sex-specific, including the vulval and uterine muscles of the hermaphrodite, and the large variety of specialized muscles in the male tail . See Bodywall muscle See Diagonal muscle See Dilator muscle See Erector muscle See Extensor muscle See Myoepithelium See Oblique muscle See Pharyngeal muscle See Retractor muscle See Sphincter muscle See Uterine muscle See M line See Z disc See Actin See Myosin See Titin",FALSE,,FALSE,FALSE,,,,,
M,musclearm,FALSE,FALSE,Muscle arm,,Innervation process,,"A process extension from the muscle belly by which the muscle cells reach to the nerve cords to obtain innervation. This extended muscle process is a common feature of practically all somatic muscles, but is not found in the pharynx, where neurons extend processes to the muscle cell directly. The typical bodywall muscle has 3 to 5 muscle arms. See Muscle belly See Muscle plate See Plexus See Spur",FALSE,,FALSE,FALSE,,,,,
M,Musclebelly,TRUE,FALSE,Muscle belly,,Sarcoplasm,,"The cytoplasmic swelling surrounding the muscle cell nucleus, which contains many mitochondria and ribosomes, but excludes that portion of the cell devoted to the sarcomeres. Muscle cells are mostly spindle-shaped, with sarcomeres extending to the distal, thinner portions of the spindle, while the nucleus lies within the fatter muscle belly. See Muscle arm",FALSE,,FALSE,FALSE,,,,,
M,muslcefiber,FALSE,FALSE,Muscle fiber,,,,"That portion of the muscle quadrant that contains the myofilament lattice . This term is not often used in nematode literature. It might refer to the myofilament lattice within a since muscle cell, or to the collection of sarcomeres within a single muscle cell. See Sarcomere",FALSE,,FALSE,FALSE,,,,,
M,Muscleplate,TRUE,FALSE,Muscle plate,,Motor end plate | Plexus,,"Specialized interdigitating ends of the muscle arms form a localized plexus along certain portions of the longitudinal nerve cords and nerve ring. This plexus, known as the “muscle plate”, is the site of muscle innervation by the motorneurons. This portion of each muscle arm tends to be very thin and electron lucent, lacking any cytoplasmic organelles. The chemical synapses formed by the motor axons are called neuromuscular junctions (NMJs). Some gap junctions (GJs) may also occur here between nerve and muscle or between nearby muscle arms. The most distinctive muscle plates form just underneath the nerve ring (forming a complete cylinder), and opposite the principal motor neuron axons of the ventral and dorsal nerve cords (as lengthwise bands) ( Ware et al., 1975 ). See Gap junction See Neuromuscular junction",FALSE,,FALSE,FALSE,,,,,
M,musclequadrant,FALSE,FALSE,Muscle quadrant,,,,"Longitudinal bodywall muscles are grouped into four groups known as the muscle quadrants . Each quadrant comprises a double row of elongated muscle cells that lie very close together, covered by a common basal lamina which separates them from neighboring territories of hypodermis and nerves in the bodywall, and from the pseudocoelomic fluid more centrally.",FALSE,,FALSE,FALSE,,,,,
M,musclestabilization,FALSE,FALSE,Muscle stabilization,,,,"Structures and/or developmental events by which the body muscles are anchored to the bodywall in order to provide strong resistance to the forces of muscle contraction, so that muscle contraction causes motion of the whole body rather than damage to the sarcomere.",FALSE,,FALSE,FALSE,,,,,
M,mutagenesis,FALSE,FALSE,Mutagenesis/ Mutagenized,,,,"A procedure used to increase the rate of genetic mutations within a population of animals. In C. elegans , common mutagenic agents include ethylmethane sulfonate (EMS), X-rays, and transposon (Tc1) insertion. Mutagenesis has been used to create large libraries of nematodes harboring deletions in their DNA. Screening these libraries has resulted in the isolation of lines carrying deletions in specific genes. Deletion strains produced by The C. elegans Knockout Consortium are freely available to researchers upon request. See EMS See RNAi",FALSE,,FALSE,FALSE,,,,,
M,mutualism,FALSE,FALSE,Mutualism,,,,"Describes a lifestyle in which two species live together, to the benefit of both organisms. In many cases of mutualism, the relationship is obligate, and neither species can thrive apart from the other. If only one species derives obvious benefits, it is generally considered commensalism. It has been suggested that C. elegans may have a commensal relationship with pillbugs in the wild, living under the shell of the pillbug and perhaps consuming bacteria there ( Baird et al., 1994 ). See Commensal See Free-living See Parasite",FALSE,,FALSE,FALSE,,,,,
M,myoblast,FALSE,FALSE,Myoblast,,,,Stem cell that divides to produce muscle cells.,FALSE,,FALSE,FALSE,,,,,
M,myoepithelium,FALSE,FALSE,Myoepithelial/ Myoepithelium,,,,"Describing any tissue that shares properties of both muscle and of epithelial tissue. Some single sarcomere muscles, such as pharyngeal muscle cells, have this character since they secrete cuticle for the pharyngeal lumen, and cuticle secretion is generally considered an epithelial function. Some smooth muscle tissues, such as the somatic sheath of the gonad, also fit this definition, as they completely enclose the germline cells.",FALSE,,FALSE,FALSE,,,,,
M,myofilament,FALSE,FALSE,Myofilament,,Myofiber (S) Myofibril,,"A generic name referring to both the thick and thin filaments ( myosin and actin respectively). They make up the “ myofilament lattice ”, a well organized network of parallel filaments that are intermingled to form the sarcomere in “obliquely striated” and “single sarcomere” muscles, but can also lie in more d ispersed, disorganized arrays within smooth muscles.",FALSE,,FALSE,FALSE,,,,,
M,myofilamentlattice,FALSE,FALSE,Myofilament lattice,,,,"The organized set of overlapping thick and thin filaments ( myosin and actin respectively) that together compose the dominant feature of the muscle sarcomere , anchored on each end to the dense bodies , or Z bands. Each thick filament is surrounded by evenly spaced thin filaments, all lying in parallel; they are believed to slide past one another during muscle contraction. Thin filaments outnumber thick filaments by a ratio of 5:1 in mature bodywall muscles. Orderly development of the lattice can be monitored under polarized light by light microscopy, or in thin sections by electron microscopy, and is disrupted in many mutants. See Myofilament See Obliquely striated See Sarcomere",FALSE,,FALSE,FALSE,,,,,
M,myogenesis,FALSE,FALSE,Myogenesis,,Muscle development,,"The set of developmental steps involved in muscle differentiation and growth, including the gradual construction of the early sarcomere , the mature sarcomere, and the increase in sarcomere numbers per cell.",FALSE,,FALSE,FALSE,,,,,
M,myogeniccontroloflocomotion,FALSE,FALSE,Myogenic control of locomotion,,,,"A theory that the basic pattern of locomotion in nematodes is patterned by the direct interconnections between muscle cells (via muscle arm gap junctions) and not due to the pattern of synaptic inputs from motor neurons ( Crofton, 1971 ). See Neurocratic control of locomotion",FALSE,,FALSE,FALSE,,,,,
M,myosin,FALSE,FALSE,Myosin,,Thick filament,,"Very large elongated macromolecular protein that forms the major cytoskeletal element within muscle cells, the thick filament . Two isoforms of myosin heavy chain, A and B, are localized to different regions of individual thick filaments in bodywall muscle ( Miller et al., 1983 ), binding to a paramyosin ( Moerman and Fire, 1997 ) core protein to form a long straight filament with myosin motors oriented in opposite directions at each end of the thick filament. Each myosin heavy chain contains a motor domain that translocates myosin relative to adjacent actin thin filaments to provide the force of muscle contraction.",FALSE,,FALSE,FALSE,,,,,
M,myosinrod,FALSE,FALSE,Myosin rod,,,,"The central portion of the myosin heavy chain molecule, a coiled-coil domain which is long and straight, with a globular motor domain on one end and a non-helical tailpiece on the other end ( Epstein, 1990 ; Hoppe and Waterston, 2000 ).",FALSE,,FALSE,FALSE,,,,,
M,myosintailpiece,FALSE,FALSE,Myosin tailpiece,,,,"The non-helical portion of the myosin heavy chain protein, which lies at the opposite end of the myosin rod from the motor domain, and is thought to be involved in thick filament assembly ( Hoppe and Waterston, 2000 ).",FALSE,,FALSE,FALSE,,,,,
M,myotactin,FALSE,FALSE,Myotactin,,,,"Membrane protein involved in the assembly and positioning of muscle/hypodermal fibrous organelles (hemi-adherens junctions) ( Hresko et al., 1999 ). See Fibrous organelle",FALSE,,FALSE,FALSE,,,,,
N,nneuron,FALSE,FALSE,"""n"" neuron",BAGL | BAGR,,ABalppappap ABarappppap,Two sensory neurons with ciliated endings in the head with elliptical closed processes near the cilium. The endings have no associated sheath and socket cells and are not directly attached to the hypodermis. The cell bodies are situated anterior to the nerve ring and send processes to the head.,FALSE,,FALSE,TRUE,entity_id == cell name,,,,
N,n2,FALSE,FALSE,N2,,,,"Most studies of C. elegans use this reference strain isolated originally in Bristol, U.K. For more details on the population genetics of C. elegans see Barriere and Felix, 2005 . See Bergerac See Bristol",FALSE,,FALSE,FALSE,,,,,
N,neck,FALSE,FALSE,Neck,,,,The region bordering the head and the midbody in which bodywall muscle are dually innervated at both the nerve ring and at the ventral nerve cord . This portion of the body shows more flexible searching motions that depart from a strictly dorsal/ ventral orientation.,FALSE,,FALSE,FALSE,,,,,
N,necromenic,FALSE,FALSE,Necromenic,Necromeny,,,"A special version of commensal lifestyle where dauer stage animals associate with a live host, such as an insect or beetle, but do not harm it. When the host dies, the necromenic nematode advances to adulthood while feeding on the corpse of the host ( Baird, 1999 ; Hong and Sommer, 2006 ; Kiontke and Sudhaus, 2006 ). See Commensal See Phoretic",FALSE,,FALSE,FALSE,,,,,
N,necrosis,FALSE,FALSE,Necrosis,,,,"A common form of cell death caused by external insults to cellular integrity; in some cases, necrosis may spread from cell to cell to damage many neighboring cells. Necrotic cells show early swelling in cytoplasmic organelles and the nucleus, lytic activity in the cytoplasm, and late changes in chromatin, while the cell gradually swells in volume before dying ( Hengartner, 1997 ). Necrotic-like cell death in C. elegans has been carefully characterized in neurons undergoing degenerin-induced cell death ( Hall et al., 1997 ). See Apoptosis See Phagocytosis",FALSE,,FALSE,FALSE,,,,,
N,neighborhood,FALSE,FALSE,Neighborhood,,,,"A characteristic, specialized pattern of fasciculation among neurites (generated during process outgrowth) that causes individual neurites to be surrounded by a standard set of neighbors along a nerve cord or within neuropil; the pattern surrounding any particular nerve process is called its “neighborhood” ( White et al., 1983 ).",FALSE,,FALSE,FALSE,,,,,
N,nematicide,FALSE,FALSE,Nematicide,,Nematocide,,"Any agent that will destroy nematodes, especially those species that parasitize plants. This term is commonly used for any agent used to kill nematodes for agricultural purposes. See Anthelminthic",FALSE,,FALSE,FALSE,,,,,
N,nematode,FALSE,FALSE,Nematode,,Roundworm | Worm | Nema,,"Any member of the phylum Nematoda , including the pinworm, hookworm and Trichinella; all of these are characterized as “roundworms”. C. elegans is a member of this phylum ( De Ley, 2006 ).",FALSE,,FALSE,FALSE,,,,,
N,nerve,FALSE,FALSE,Nerve,,Process bundle | Nerve cord | Nerve bundles,,"A bundle of thin neuronal processes running in parallel, connecting different ganglia, sensory endings, synaptic neuropil, and/or regions of motor output. In the nematode there are generally no glial-like wrappings (no myelin) associated with a nerve, but virtually all nerves in the bodywall are closely associated with hypodermis and the hypodermal basal lamina. Nerves in the pharynx seem to run independent of any epithelia, often lying within a groove established by the muscles. Most major nerves in the nematode run longitudinally and are interconnected via circumferential commissures. Named nerves: Amphid (2) = Chemosensory Dorsal cord Labial (6) = Mechanosensory Dorsal (pharynx) Lateral (2) Lumbar-preanal (2) [runs as a pair of commissures] Pharyngeal (3) = Dorsal and Subventral (2) Phasmid (2) Ventral Cord (2) See Fascicle",FALSE,,FALSE,FALSE,,,,,
N,nervecord,FALSE,FALSE,Nerve cord,,Nerve Chord,,An organized bundle of nerve processes. The dorsal and ventral nerve cords run the length of the worm from head to tail . See Cord/ Chord See Dorsal Cord See Nerve See Ventral Cord,FALSE,,FALSE,FALSE,,,,,
N,nervefiber,FALSE,FALSE,Nerve fiber,,Neurite,,"Part of a nerve cord. An individual neuronal process lying within a nerve; thus an axon, dendrite or neurite with mixed function. Can also refer to a neuronal process running independently away from an organized nerve cord.",FALSE,,FALSE,FALSE,,,,,
N,nervering,FALSE,FALSE,Nerve ring,,,,"The major zone of overlap, among approximately 200 overlapping axons in the head, which encircles the isthmus of the pharynx to form a tightly packed ring-like structure on the outside of the pharynx. The nerve ring lies directly over a cylindrical muscle plate formed by arms from the head muscles. The nerve ring is the most concentrated zone of synaptic interconnections among the neurons of the head, and most head neurons lie very close by, such that the nerve ring and its associated neurons could be considered one huge ganglion, acting as “the brain” of the nematode. A much smaller ring of axons lies within the pharynx , formed by neurites extended from many pharyngeal neurons. Head neurons form almost no synapses away from the nerve ring or the longitudinal motor nerves. See Pharyngeal nerve ring",FALSE,,FALSE,FALSE,,,,,
N,nervoussystem,FALSE,FALSE,Nervous system,,Neurons | Nervous tissue,,"The nervous system of C. elegans is formed from 302 neurons, each of which has unique properties, morphologies and connectivities. While C. elegans does not have a ""brain"" per se, most of the nervous system is situated in the head region which is where most of the sensing by the animal occurs. For more details see Hobert, 2005 . See Nerve ring",FALSE,,FALSE,FALSE,,,,,
N,neuralplasticity,FALSE,FALSE,Neural plasticity,,,,"Functional changes in the nervous system ranging from changes at the synapses during development ( Jorgensen and Rankin, 1997 ; Hobert, 2005 ) to changes in behavior of the adult animal ( Jorgensen and Rankin, 1997 ). Behavioral assays have been developed to test for neural plasticity by chemotaxis ( Jensen, 2005 and Mori, 2005 in Hart, 2006 ).",FALSE,,FALSE,FALSE,,,,,
N,neurite,FALSE,FALSE,Neurite,,Axon or dendrite | Process or branch or Commissure | Nerve fiber,,"This term is often used preferentially to “dendrite” or “axon” to refer to neuronal processes with mixed functions (e.g. having some sensory role and also an important role in synaptic interactions), or to an unspecialized neuronal process which has not yet developed a specific function.",FALSE,,FALSE,FALSE,,,,,
N,neuroblast,FALSE,FALSE,Neuroblast,,Blast cell | Epidermoblast,,"Precursor, or stem cell, to neurons. In C. elegans there are few true neuroblasts since most neuronal lineages are not pure; their precursors yield mixtures of neurons, structural cells and hypodermis.",FALSE,,FALSE,FALSE,,,,,
N,neurocraticcontroloflocomotion,FALSE,FALSE,Neurocratic control of locomotion,,,,"A theory of behavioral control of nematode locomotion in which the primary role of the nervous system is to switch between alternate waveforms, where each waveform is chiefly generated by a “myogenic” control mechanism ( Crofton, 1971 ; Croll, 1975 ), inherent to muscle-muscle interconnections. See Myogenic control of locomotion",FALSE,,FALSE,FALSE,,,,,
N,neurofilament,FALSE,FALSE,Neurofilament,,Intermediate filament,,"Any type of filamentous protein lying within the cytoplasm, e.g. any filamentous cytoskeletal component within a neuron soma or process, especially those whose biochemical nature is not immediately known. However, the term is most often used to refer to an intermediate filament.",FALSE,,FALSE,FALSE,,,,,
N,neurogenesis,FALSE,FALSE,Neurogenesis,,,,"The formation and development of neurons. C. elegans adults have 302 neurons. For discussions on the specification and patterning of the nervous system in C. elegans see Ruvkun, 1997 and Hobert, 2005 .",FALSE,,FALSE,FALSE,,,,,
N,neurogenic,FALSE,FALSE,Neurogenic,,,,Tissue that originates from the nervous system or that is competent to produce neuronal cells. See Myogenic control of locomotion See Neurocratic control of locomotion,FALSE,,FALSE,FALSE,,,,,
N,neuroglia,FALSE,FALSE,Neuroglia,,,,Non-neuronal cells that provide support and nutrition to neurons. A large class of these in C. elegans are the support cells of the neuronal sensilla . See Glial cell,FALSE,,FALSE,FALSE,,,,,
N,neurohormone,FALSE,FALSE,Neurohormone,,,,"A secreted substance from a neuron, perhaps from the active zone , or from a synaptic vesicle , which has a direct chemical action at a distance from the release site, further away than the closest postsynaptic processes. Such chemical action at a distance may influence other neurons, muscles, and perhaps other tissues.",FALSE,,FALSE,FALSE,,,,,
N,neuromodulator,FALSE,FALSE,Neuromodulator,,,,"A substance released by a neuron that influences other neurons, but is not classified as a neurotransmitter. For example, in C. elegans neuromodulators are thought to influence dauer formation ( Riddle and Albert, 1997 ) and egg laying ( Schafer, 2006 ). See Neurotransmitter",FALSE,,FALSE,FALSE,,,,,
N,neuromuscularjunction,FALSE,FALSE,Neuromuscular junction,NMJ,Neuromuscular synapse | Myoneural junction,,"This is a form of chemical synapse that connects a presynaptic motor axon to one or more postsynaptic muscle arms. A typical animal has about 2000 neuromuscular junctions. In many cases a single NMJ is dyadic , with one presynaptic axon contacting two separate muscle arms simultaneously (as in nerve ring NMJs ), or contacting a muscle arm and a neuron dendrite simultaneously (as at most NMJs of the ventral nerve cord and dorsal nerve cord). NMJs exhibit virtually all the same features as other chemical synapses in C. elegans . There is rarely any evidence for a postsynaptic specialization on the muscle arm membrane.",FALSE,,FALSE,FALSE,,,,,
N,neuron,FALSE,FALSE,Neuron,,Nerve cell,,"A specialized cell that communicates with other neurons and muscles via chemical and/or electrical synapses, or by releasing neurohormones to direct the behavior of the animal, but which has no motor function of its own. Typical neurons are small cells with long nerve processes; they have primary roles as sensory neurons, interneurons or motor neurons. In C. elegans , in rare instances, neurons may have a principal role in development, guiding neurite outgrowth or maintaining nerve positions, rather than passing along intercellular signals via vesicle release at synapses. Nematode neurons generally do not utilize action potentials, but instead send graded electrical potentials along their axons and dendrites between their input and output zones.",FALSE,,FALSE,FALSE,,,,,
N,neuropeptide,FALSE,FALSE,Neuropeptide,,,,"Specialized peptidergic neurotransmitters encoded as preproproteins that are posttranslationally processed to yield bioactive neuropeptides. They modulate synaptic signaling through other, small-molecule, neurotransmitters and exert their function via seven-span transmembrane receptors. Thirty-two neuropeptide-like proteins have been identified in C. elegans ( Nathoo et al., 2001 ). See Neurotransmitter",FALSE,,FALSE,FALSE,,,,,
N,neuropil,FALSE,FALSE,Neuropil/ Neuropile,,,,"The network of neuronal processes (axonal and dendritic) together without the cell bodies of the neurons. In higher animals the main neuropil is the gray matter of the brain and spinal cord. For C. elegans , this is the nerve ring , where many neurons come together and synapses are formed ( Ware et al., 1975 ).",FALSE,,FALSE,FALSE,,,,,
N,neurosecretoryending,FALSE,FALSE,Neurosecretory ending,,Neurohumoral transmission,,"Synaptic ending without a clear postsynaptic target, suggesting that vesicle contents may diffuse via pseudocoelom to a distant target cell or tissue (e.g. NSM ).",FALSE,,FALSE,FALSE,,,,,
N,neurotransmitter,FALSE,FALSE,Neurotransmitter,,,,"A chemical compound, packaged inside of a membrane-bound “ synaptic vesicle ” in the cytoplasm of a neuron. The neurotransmitter is released from the vesicle at a chemical synapse via exocytosis , where the vesicle fuses to the presynaptic membrane at the active zone . As the vesicle fuses, neurotransmitter is released into the synaptic cleft to signal one or more neighboring cells, usually other neurons or muscles. Specific neurotransmitters of C. elegans have been identified. See Neuropeptide See Receptor",FALSE,,FALSE,FALSE,,,,,
N,neurula,FALSE,FALSE,Neurula,,,,"A stage of development of the early embryo in which neurulation occurs. The comma stage is a landmark for the end of this stage of development ( Wadsworth and Hedgecock, 1996 ).",FALSE,,FALSE,FALSE,,,,,
N,neurulation,FALSE,FALSE,Neurulation,,,,"The earliest stage in the development of the nematode nervous system, occurring between 230-340 min of embryogenesis, when epidermal blast cells ingress into the developing gastrula and divide to produce neuroblasts, which in turn begin to establish the early architecture of the nervous system by forming organized groups of cell bodies within the bodywall (Wadsworth and Hedgecock, 1992 , 1996 ).",FALSE,,FALSE,FALSE,,,,,
N,ngm,FALSE,FALSE,NGM,Nematode growth medium,,,"A defined chemical medium which has proven to be adequate to produce a healthy culture of C. elegans when seeded with an E. coli OP50 lawn of bacteria and is typically poured into petri plates using a peristaltic pump. To reduce the grown of unwanted bacteria and fungi, drugs such as streptomycin or nystatin can be added to the solution before being poured ( Stiernagle, 2006 ).",FALSE,,FALSE,FALSE,,,,,
N,nictation,FALSE,FALSE,Nictation,,Waving,,"A behavior seen in dauer larva in which they crawl up upon the substrate, such as a mold filament or a grass blade, and wave back and forth while standing on their tail, in search of a new arthropod host ( Croll and Matthews, 1977 ; Kiontke and Sudhaus, 2006 ). See Necromenic See Phoretic See Waving",FALSE,,FALSE,FALSE,,,,,
N,nmj,FALSE,FALSE,NMJ,,Neuromuscular junction,,,FALSE,,FALSE,FALSE,,,,,
N,nocioceptor,FALSE,FALSE,Nocioceptor/ Nocioceptive/ Nociception,,,,"A sensory receptor which is stimulated by painful stimuli. Whether the nematode can sense pain is difficult to ascertain, but certain sensory endings ( ASH , PVD ) in C. elegans have been ascribed to be homologous to nocioceptors because they are sensitive to a wide range of stimuli ( Besson and Chaouch, 1987 ; Driscoll and Kaplan, 1997 , Tobin and Bargmann, 2004 ).",FALSE,,FALSE,FALSE,,,,,
N,nomarskimicroscopy,FALSE,FALSE,Nomarski microscopy,,DIC microscopy,,"A form of high resolution interference optics (differential interference contrast, or DIC) that allows live nematodes to be observed at high magnification without staining, and to resolve individual cells and nuclei in thin optic sections ( Allen, David and Nomarski, 1969 ). See DIC microscopy",FALSE,,FALSE,FALSE,,,,,
N,normoxia,FALSE,FALSE,Normoxia/ Normoxic,,,,An environment containing the normal concentration of oxygen (21% O 2 ). See Anoxia See Hypoxia,FALSE,,FALSE,FALSE,,,,,
N,nose,FALSE,FALSE,Nose,,Snout,,The extreme anterior portion of the body,FALSE,,FALSE,FALSE,,,,,
N,nosetouch,FALSE,FALSE,Nose touch,,,,"A behavioral response mediated by several neuronal sensilla in the head ( ASH , OLQ , FLP ) when the animal runs directly into a fine hair on the substrate; the response is to reverse direction and is often called “nose touch avoidance” ( Kaplan and Horvitz, 1993 ; Hart et al., 1995 ; Hart, 2006 ). See Mechanosensation",FALSE,,FALSE,FALSE,,,,,
N,nuage,FALSE,FALSE,Nuage,,,,See Germ plasm,FALSE,,TRUE,FALSE,,,,,
N,nubbin,FALSE,FALSE,Nubbin,,Cuticular nubbin | CN | Ciliary cap,,"A very short lateral projection from the cilium of some sensory dendrites ( CEP , OLL , OLQ , ADE ) that embeds into the inner cuticle layer, presumably anchoring the cilium to the cuticle. The nubbin material is apparently an extracellular secretion from the cilium and is somewhat electron dense, but generally does not produce an external bump (papilla) on the surface of the animal. These sensory endings sometimes are open through the cuticle, but are more often closed ( Perkins et al., 1986 ). See Papilla",FALSE,,FALSE,FALSE,,,,,
N,nuclearenvelope,FALSE,FALSE,Nuclear envelope,,Nuclear membrane,,"Similar to that of vertebrates , the nuclear envelope of C. elegans has two concentric membranes (outer and inner) that enclose a lumenal space. Nuclear pore complexes mediate bidirectional transport between the nucleus and cytoplasm and a laminar network ( Liu et al., 2000 , Gruenbaum, 2002 ) provides support and for the proper segregation of the chromosomes ( Oegema and Hyman, 2006 ). During mitosis, the nuclear envelope goes through a cycle of breakdown and reassembly . See Lamin",FALSE,,FALSE,FALSE,,,,,
N,nuclearmigration,FALSE,FALSE,Nuclear migration,,,,"Certain cell nuclei make characteristic movements during embryogenesis (at comma stage) or later during tissue morphogenesis. During embryonic closure , some hypodermal nuclei move within extended processes of the hypodermal cells to migrate from one side of the body to the other, crossing the dorsal midline. Similarly, in mid L1 stage, certain precursor nuclei (Pn cells) migrate from lateral positions to the ventral midline prior to dividing to produce neurons of the ventral nerve cord. It is most likely that nuclei may be actively moved via the internal cytoskeleton by motor proteins, or perhaps pushed passively by the squeezing actions of adjacent cells. Some mutants are known to block the normal progress of these migrations, including the lineage mutants unc-83,unc-84, and lin-3 ( Sulston and Horvitz, 1981 ).",FALSE,,FALSE,FALSE,,,,,
N,nuclearpore,FALSE,FALSE,Nuclear pore,,,,"Periodic, highly organized, channels (patent holes) in the nuclear membrane across which macromolecules including mRNAs and transcription factors can be transported between the nucleus and the cytoplasm. They are evenly spaced throughout the membrane and are most easily seen by freeze fracture.",FALSE,,FALSE,FALSE,,,,,
N,nucleolus,FALSE,FALSE,Nucleolus,,,,A darkly staining part of the nucleus that is the site for the processing of rRNAs and their assembly into ribosomes .,FALSE,,FALSE,FALSE,,,,,
N,nucleosome,FALSE,FALSE,Nucleosome,,,,"The basic level of chromatin packing in which the DNA is wrapped around a protein core formed from histones. This gives a "" beads on a string "" look to the DNA. Each nucleosome core particle is separated from the next by a region of linker DNA . Nucleosomes are then usually packed together into compact stacks generating a condensed 30 nm fiber .",FALSE,,FALSE,FALSE,,,,,
N,nucleus,FALSE,FALSE,Nucleus,,,,Membrane enclosed organelle which contains most of the cell's genetic material.,FALSE,,FALSE,FALSE,,,,,
N,nulloxsperm,FALSE,FALSE,Nullo-X sperm,,,,A sperm cell that contains no copy of the normal X chromosome. Males produce equal numbers of haplo-X and nullo-X sperm so that half their progeny will also be male.,FALSE,,FALSE,FALSE,,,,,
N,nursecells,FALSE,FALSE,Nurse cells,,,,"Germ cells in the somatic gonad are produced in excess numbers in comparison to the final yield of mature spermatocytes and oocytes, such that many individual germ cell nuclei undergo programmed cell death as they approach the loop of the gonad arm. Since all germ cells prior to this locale form a single syncytium, connected by a central rachis, it is postulated that the excess germ cells and especially their nuclei serve as nurse cells to those germ cells which do survive ( Hengartner, 1997 ), synthesizing components which are delivered into the rachis to feed the surviving cells prior to their cellularization.",FALSE,,FALSE,FALSE,,,,,
N,nymph,FALSE,FALSE,Nymph,,,,See Larva,FALSE,,TRUE,FALSE,,,,,
O,oneuron,FALSE,FALSE,"""o"" neuron",OLLL | OLLR | OLQDL | OLQDR | OLQVL | OLQVR,,ABalppppapaa ABpraaapapaa ABalapapapaa ABalapppapaa ABplpaaappaa ABprpaaappaa,OLL and OLQ are neurons of the outer labial lateral sensilla that have ciliated endings with striated rootlets. They are thought to be mechanosensory neurons.,FALSE,,FALSE,TRUE,entity_id == cell name,,,,
O,obligateparasite,FALSE,FALSE,Obligate parasite,,,,A parasitic species that cannot live independently from its host. Converse is a facultative parasite. See Facultative parasite See Commensal See Free living See Mutualism,FALSE,,FALSE,FALSE,,,,,
O,oblique,FALSE,FALSE,Oblique,,,,Situated in a slanting position; not transverse or longitudinal.,FALSE,,FALSE,FALSE,,,,,
O,obliquemuscle,FALSE,FALSE,Oblique muscle,,,,C. elegans have two bilateral pairs of sex-specific oblique muscles that are located in the adult male tail : an anterior pair (aobL/R) and a posterior pair (pobL/R) . Stimulation of the PCS neuron during mating results in shortening of the oblique muscles and is thought to facilitate changes the positioning of the tail during the mating process.,FALSE,,FALSE,FALSE,,,,,
O,obliquelystriated,FALSE,FALSE,Obliquely striated,,,,"A key feature of bodywall muscles in C. elegans (and many other nematodes) in which the muscle filaments (and the whole muscle cells) lie parallel to the body axis, but terminate at staggered sets of dense bodies (Z bands) running at an oblique angle to the length of the muscle. Each thin filament is anchored at a 6 o angle to the Z band, whereas in striated muscles in higher animals, thin filaments are usually anchored at 90 o to the Z line. The dark staining refractile Z bands can be seen as repeating rows of “ striations ” by light microscopy running at oblique angles to the whole muscle cells. These striations generally are organized in coordinate fashion among all muscle cells within a quadrant, so that they transcend cell boundaries.",FALSE,,FALSE,FALSE,,,,,
O,ocellus,FALSE,FALSE,Ocellus/ Ocelli,,,,"A primitive light-sensing organ found in many marine nematode species. Although C. elegans is reported to have a phototactic response ( Burr, 1985), it does not have an ocellus. Where present, the ocellus generally consists of a lens, a stack of lamellae, and a pigment cup (eyespot) ( Croll, 1975 ; McLaren, 1976 ; Bird and Bird, 1991). See Eyespot",FALSE,,FALSE,FALSE,,,,,
O,odontostyle,FALSE,FALSE,Odontostyle,Onchiostyle (in Trichondorids) | Stomatostylet (in Tylenchs),Spear,,"A very large retractable tooth ( stylet ) found in some other nematode species ( Dorylaims ), but not in C. elegans , used to pierce plant or animal prey before feeding. It is operated by stylet muscles to extend or retract, and is generally hollow ( De Ley, 2006 ). See Stomatostyle",FALSE,,FALSE,FALSE,,,,,
O,odorant,FALSE,FALSE,Odorant,,,,"A volatile chemical moiety that can cross tissues to stimulate a buried sensory ending and induce a behavioral change, either attractive or repulsive. See Attractant",FALSE,,FALSE,FALSE,,,,,
O,oeneuron,FALSE,FALSE,Oe neuron,RIPL | RIPR,,ABalpapaaaa ABprappaaaa,"These neurons provide, through their gap junctions, the only direct connections between the pharyngeal nervous system and the nerve ring.",FALSE,,FALSE,TRUE,entity_id == cell name,,,,
O,olfaction,FALSE,FALSE,Olfaction,,,,"Sense of smell. C. elegans can distinguish at least seven classes of volatile odors. Two pairs of amphid sensory neurons, AWC and AWA are required for chemotaxis to these volatile odors ( Bargmann, 2006 ). See Chemosensation See Taste",FALSE,,FALSE,FALSE,,,,,
O,olfactoryreceptor,FALSE,FALSE,Olfactory receptor,,,,"The C. elegans genome is predicted to encode over 600 functional chemosensory receptor genes. Unlike vertebrate olfactory neurons which each only express one or very few olfactory receptors, C. elegans chemosensory neurons express multiple receptor genes ( Bargmann, 2006 ). Studies with olfactory mutants linked a single 7-transmembrane olfactory receptor gene, odr-10 , to the volatile attractant diacetyl and found that it is expressed in AWA ( Sengupta et al., 1996 ).",FALSE,,FALSE,FALSE,,,,,
O,omegafigure,FALSE,FALSE,Omega figure,,,,An intermediate stage in the formation of vesicles during endocytosis and exocytosis. See Coated pit See Vesicle fusion,FALSE,,FALSE,FALSE,,,,,
O,omegaturn,FALSE,FALSE,Omega turn,Omega bend,,,"A behavior in which the animal avoids further contact with an aversive stimulus by making a sharp 180 o turn while continuing to utilize forward body motion, rather than a reversal ( Croll, 1975 ). See Deep ventral bend See Pirouette See Reversal",FALSE,,FALSE,FALSE,,,,,
O,onchia,FALSE,FALSE,Onchia/ Onchium,,Buccal teeth,,"Large cuticular “teeth” described from larger nematodes (Chitwood and Chitwood, 1950, after Cobb, 1919) that perhaps correspond to the buccal flaps seen in C. elegans ( Wright and Thomson, 1981 ). In some species they may swivel or retract to help in feeding ( De Ley, 2006 ). See Flaps See Tooth",FALSE,,FALSE,FALSE,,,,,
O,oocyte,FALSE,FALSE,Oocyte,Ovum/ Ova,,,"The female haploid gamete prior to fertilization by a spermatozoon. Two haploid gametes (oocyte and sperm) combine to produce the single-cell diploid embryo. The female gamete is generally equivalent to what would be termed a secondary oocyte in higher animals, being formed after the meiotic division of a diploid germ cell. As the oocyte matures , it remains in syncytial contact with the rachis to gain nutrients and organelles from nearby gametes, many of which will undergo germline programmed cell death after sharing these components with the surviving oocyte The term is also frequently used to refer to a “fertilized oocyte”, which is then the diploid cell resulting from the fertilization event and is actually an early embryo.",FALSE,,FALSE,FALSE,,,,,
O,oocyterecognition,FALSE,FALSE,Oocyte recognition,,,,"Process by which a sperm recognizes the proximity of an immature oocyte and attempts to fuse with it to initiate fertilization ( L’Hernault, 1997 ).",FALSE,,FALSE,FALSE,,,,,
O,oogenesis,FALSE,FALSE,Oogenesis,,,,"The process by which immature germ cell mature into oocytes within the somatic gonad (for more detail see Greenstein, 2005 ).",FALSE,,FALSE,FALSE,,,,,
O,oogonium,FALSE,FALSE,Oogonium/ Oogonia,(archaic),,,"A female germ cell, a precursor that must divide several times in order produce one or more mature oocytes. In C. elegans , these are female germ cells lying in the unsheathed portion of the distal arm of the gonad. See Germ cell",FALSE,,FALSE,FALSE,,,,,
O,oolemma,FALSE,FALSE,Oolemma/ Oolema,,,,"This term has two different possible meanings, of which the former one is more common: 1) The plasma membrane of the developed oocyte just prior to fertilization, including its “surface coat” of glycoproteins (Lee and Lestan, 1971; McLaren, 1973 ; Anya, 1976 ). Some of the glycoprotein coating may be contributed by secretions from the somatic gonad. 2) The portion of the eggshell that is derived from secretions of the uterus (Bird and Bird, 1991). This usually includes the outer vitelline layer. See Uterine layer See Vitelline layer See Zona pellucida",FALSE,,FALSE,FALSE,,,,,
O,op50,FALSE,FALSE,OP50,,,,"A commonly used strain of E. coli used to feed C. elegans on culture plates. Due to a metabolic defect in the bacterium, this strain is limited in its growth potential. Hence the OP50 bacterial strain does not continue to grow too much (overgrow), producing a reproducible “lawn” of bacteria on the surface of the agar that becomes exhausted as nematodes consume the original lawn ( Stiernagle, 2006 ).",FALSE,,FALSE,FALSE,,,,,
O,oralcavity,FALSE,FALSE,Oral cavity,,,,See Buccal cavity,FALSE,,TRUE,FALSE,,,,,
O,orfeome,FALSE,FALSE,ORFeome,,,,"The complete collection of open reading frame sequences (ORFs) within the genome of a given animal, which may be expressed at any time in the animal’s developmental history. See Genome See Proteome See Transcriptome",FALSE,,FALSE,FALSE,,,,,
O,organizingcenter,FALSE,FALSE,Organizing center/ Organizer,,,,"A cell whose intercellular signaling activities induce the position and/or orientation of morphogenesis in a nearby tissue, acting in cell nonautonomous fashion. Examples known in C. elegans development could include the role of the anchor cell in guiding the AC/VU decision and the role of the DTC in organizing the polarity of the gonad.",FALSE,,FALSE,FALSE,,,,,
O,orifice,FALSE,FALSE,Orifice,,,,The opening of a cavity or chamber.,FALSE,,FALSE,FALSE,,,,,
O,orthokinesis,FALSE,FALSE,Orthokinesis,,,,"Any kinesis mechanism in which the forward speed is changed. In C. elegans , the animal’s slower forward motion when moving on a lawn of bacteria could be considered an example of orthokinesis ( Dusenbery, 1980 ). See Kinesis",FALSE,,FALSE,FALSE,,,,,
O,osmiophilicgranules,FALSE,FALSE,Osmiophilic granules,,,,"Something that is readily stained with osmic acid, a fixative commonly used in electron microscopy and which appears electron opaque. Yolk granules are an example of such kinds of bodies.",FALSE,,FALSE,FALSE,,,,,
O,osmoregulation,FALSE,FALSE,Osmoregulation,,,,"Active regulation of osmotic pressure to maintain homeostasis of the body's water content. Regular pulsations have been noted in the excretory duct by light microscopy in C. elegans and other species under certain conditions that suggest the excretory system is required for osmoregulation ( Nelson and Riddle, 1984 ; Bird and Bird, 1991). These pulsations are only seen in dauer larvae in C. elegans , but have been noted to vary in rate according to the tonicity of the environment surrounding the whole animal, suggesting that outflow from the canal cell regulates the water balance of the whole animal. Some researchers believe that the amphid sheath cell may also play a role in osmoregulation in some nematode species ( Wright, 1980 ; Ashton and Schad, 1996 ).",FALSE,,FALSE,FALSE,,,,,
O,osmoticavoidance,FALSE,FALSE,Osmotic avoidance,,,,"Avoidance of high osmolarity. An observed behavior in normal C. elegans individuals in which they prefer not to enter regions of high osmotic pressure (such as high salt) ( Culotti and Russell, 1978 ; Hart, 2006 ). Normal animals can be confined on a culture plate by a relatively narrow ring of high salt in the agar that they will not cross, but dauer larvae are more willing to pass over the barrier to sample new territory.",FALSE,,FALSE,FALSE,,,,,
O,outcross,FALSE,FALSE,Outcross,,,,"The sexual mating of two unrelated strains in order to introduce a desired genetic feature from one parental strain into the second strain. An outcross is typically followed by repeated backcrosses into the second strain in order to “fix” the gene in the new genetic background as a homozygote, while reducing and then eliminating contributions by all other non-selected genes from original parent strain. Outcrossing in C. elegans is relatively infrequent in wild populations, but is required in male/female species in each generation, resulting in drastically different levels of genetic diversity within wild populations ( Graustein et al., 2002 ; Barrière and Félix, 2005 ). See Backcross See Crossing See Selfing",FALSE,,FALSE,FALSE,,,,,
O,outerlabilasensilla,FALSE,FALSE,Outer labial sensilla,OLs | OLLL | OLLR | OLQDL | OLQDR | OLQVL | OLQVR,,ABalppppapaa ABpraaapapaa ABalapapapaa ABalapppapaa ABplpaaappaa ABprpaaappaa,"They can be subdivided into two groups, the lateral ( OLL ) and the quadrant ( OLQ ) labial sensilla. See Inner labial sensilla See Labial See Labial sensilla image gallery",FALSE,,FALSE,TRUE,entity_id == cell name,,,,
O,outervitellinelayer,FALSE,FALSE,Outer vitelline layer,,,,The outermost portion of the eggshell. Some or all of the outer vitelline layer may derive from secretions from the uterine epithelium. See Vitelline layer,FALSE,,FALSE,FALSE,,,,,
O,ova,FALSE,FALSE,Ova/ Ovum,,,,"The haploid female gamete, or oocyte, prior to fertilization. More rarely, sometimes may be used to refer to a fertilized egg (zygote).",FALSE,,FALSE,FALSE,,,,,
O,ovary,FALSE,FALSE,Ovary,,,,"That portion of the reproductive tract that contains the mitotic germline and developing oocytes. It includes the distal arm of the gonad, the loop, and the proximal arm up to the spermatheca. The distal arm of the reproductive tract has also been termed the distal ovary, and comprises the germinal zone in the adult gonad. See Oviduct",FALSE,,FALSE,FALSE,,,,,
O,ovariansheath,FALSE,FALSE,Ovarian sheath,,Gonadal sheath | Oviduct sheath | Somatic sheath,,A single layer (composed of 5 pairs of cells ) that covers the germ line component of each arm of the gonad. These somatic cells are intimately associated with the ovary and help promote germline proliferation and gametogenesis. See Gonad sheath,FALSE,,FALSE,FALSE,,,,,
O,overcrowding,FALSE,FALSE,Overcrowding,,Crowding,,A situation when there are too many nematodes to be supported by amount of food and space. This will usually lead to dauer formation. See Dauer formation,FALSE,,FALSE,FALSE,,,,,
O,oviduct,FALSE,FALSE,Oviduct,,,,"The proximal arm of the reproductive tract, or a portion of the proximal arm. This term has two conflicting usages. Some authors ( Nicholas, 1975 ) use the term to encompass both the gonadal sheath, the spermatheca, and the uterus, those portions of the gonad which contain maturing oocytes and fertilized eggs, and deriving from the somatic gonad lineages. Other authors (for instance Kemphues and Strome, 1997 ) use the term to refer specifically to the more distal portions where immature oocytes are generated, thus referring only to the somatic sheath portion. This term probably never refers to the unsheathed portion of the distal arm.",FALSE,,FALSE,FALSE,,,,,
O,ovijector,FALSE,FALSE,Ovijector,,,,"An elongated muscular form of the uterus known in some parasitic nematodes such as Ascaris suum , designed to propel fertilized eggs out of the animal (Seurat, 1920; McLaren, 1976 ). This corresponds roughly to the proximal uterus and vulva of C. elegans , but the um and uv muscles seem underdeveloped compared to some other species.",FALSE,,FALSE,FALSE,,,,,
O,oviparous,FALSE,FALSE,Oviparous,,Egg laying species,,Producing eggs which are laid outside the body prior to hatching. Species bearing live young without forming an eggshell around the intermediate embryonic stage are called “viviparous”. See Ovoviviparous,FALSE,,FALSE,FALSE,,,,,
O,oviposition,FALSE,FALSE,Oviposition/ Oviposit,Egg laying,,,"The behavioral sequence involved in egg-laying, including any muscle movements that propel the egg along the length of the uterus, and those muscle movements which expel the egg from the vulva ( Trent et al., 1983 ). See Egg laying",FALSE,,FALSE,FALSE,,,,,
O,ovotestis,FALSE,FALSE,Ovotestis,,,,Gonad that produces both male and female gametes.,FALSE,,FALSE,FALSE,,,,,
O,ovoviviparous,FALSE,FALSE,Ovoviviparous,,,,"Producing eggs (having well-defined eggshells) which then hatch internally, known as a “bag of worms” phenotype. This condition is sometimes seen in very old C. elegans , which are otherwise oviparous, but whose egg laying abilities decline late in reproductive life. Many egl mutations interfere with normal egg laying behavior and can lead an ovoviviparous state, where internal “hatchees” (L1 stage young) break out of the uterus and begin to eat the tissues of mother. See Oviparous See Bag of worms",FALSE,,FALSE,FALSE,,,,,
O,ovulation,FALSE,FALSE,Ovulation,,,,"After oocyte maturation, signals from the oocyte stimulate contractions by the sheath and dilation of the spermatheca. The spermatheca is pulled over the oocyte leading to penetration and fertilization of the oocyte by a sperm cell. See Egg laying",FALSE,,FALSE,FALSE,,,,,
O,oxygensensing,FALSE,FALSE,Oxygen sensing,,,,"A chemokinesis behavior in which the animal responds to exogenous oxygen concentration by altering its rate of motion and turning to try to remain within a certain preferred range of oxygen. Animals typically prefer to remain within the range of 5-16% dissolved oxygen, but this preference can adapt ( Cheung et al., 2005 ; Gray et al., 2004 ). Oxygen levels are detected by several body cavity neurons ( AQR , PQR , URX ).",FALSE,,FALSE,FALSE,,,,,
P,pblastomeres,FALSE,FALSE,"P 0 , P 1 , P 2 , P 3 , P 4 blastomeres",Propogative blastomeres (S) Boveri (1899),P cells | P founder cells,,"Germline precursors found in early embryo , which undergo asymmetric cell divisions to yield a somatic founder cell ( AB , EMS , C , D ) and a succeeding P blastomere, gradually segregating germline cytoplasmic determinants into the germline founder cell, P 4 . These cells each lie at the posterior pole of the embryo. P 4 moves inward during gastrulation, following the inward migration of the E founder cell, and comes to rest along the ventral side as a mesodermal cell in the late embryo, before giving rise to germline lineages in the larval stages. Note that in Wormbase, the P cells are usually marked as P’; thus P1 = P’1 in Wormbase. There is a chance to confuse the “P cells” and the “P0-P12 lineages” (see below). See P granules",FALSE,,FALSE,TRUE,entity_id == cell name,,,,
P,P0,TRUE,FALSE,P0,,,,Parental generation,FALSE,,FALSE,FALSE,,,,,
P,p0p12lineages,FALSE,FALSE,"P0.a, P0- P12 lineages",,P ectoblasts | P ventral neuroblasts | P neuroectoblasts | Ventral cord precursor cells,,"Blast cells lying ventrolaterally in the late embryo and L1 larval stage which divide during the late L1 larva in stereotypical reiterated fashion to give rise to many motor neurons which begin function in the ventral cord and preanal ganglion of the early L2 larva, as well as hypodermal cells (which fuse into hyp7) and a series of programmed cell deaths. In addition, the Pn.p daughters of P3 through P8 lineages persist without fusing into the hyp7 syncytium until mid L3 stage when they can be induced to divide further to produce vulval epithelial cells ( vulA – vulF ) or more hyp7 cells. P0 is also known as W .",FALSE,,FALSE,FALSE,,,,,
P,pgranules,FALSE,FALSE,P granules,,Germline granules,,"Darkly staining cytoplasmic organelles (not membrane bound) that move to the posterior pole of the one cell embryo and are further segregated in the P blastomeres with each succeeding cell division. These granules occur in clusters , and appear to be ribonucleoprotein particles, containing proteins and mRNAs specific to the establishment of the germline ( Kemphues and Strome, 1997 ; Strome, 2005 ). They occur in all germ cells except mature sperm ( Schedl, 1997 ).",FALSE,,FALSE,FALSE,,,,,
P,pachyteneregion,FALSE,FALSE,Pachytene region,,,,"A distinctive portion of the distal germline in which all germline cells have entered the pachytene stage. This region lies just distal to the germline’s transition zone, where germ cells coordinately switch into the leptotene/zygotene stage from the premeiosis stage.",FALSE,,FALSE,FALSE,,,,,
P,pachytenestage,FALSE,FALSE,Pachytene stage,,,,"A distinct stage in meiotic prophase progression, following zygotene and preceding diplotene. At pachytene stage the chromosomes are condensed to form tightly bound pairs and the nuclei are characterized by a distinctive "" bowl of spaghetti "" morphology. The chromosomes are enjoined by the synaptonemal complex at this stage. This feature is best observed by light microscopy in living cells, and is often used to indicate the progression from mitosis into meiosis, especially with regard to the germline.",FALSE,,FALSE,FALSE,,,,,
P,papilla,FALSE,FALSE,Papilla/ Papillae,,,,"Sensory endings that create small, visible lumps in the cuticle surrounding the dendritic specialization. Examples include the deirids , post-cloacal sensillae (PCS) , hook , and inner labial sensillae of the lips . A longer, bristle-like sensillium would alternately be termed a ""seta"". Mechanoreceptors might form subtle cuticular features on the lips, but we do not see papillae by SEM for these structures; instead they apparently form nubbins within the cuticle that produce no visible specialization when viewed from the surface. During morphogenesis, more complex sensilla ( male rays , for example) may also adopt the form of papillae prior to their final elongation phase, which in some developmental mutants may remain as papillae. Some papilla may form a closed structure (as in the case of the deirid ) or they could be open to the exterior environment (as in the inner labial sensilla ). Alternately, the whole structure of any of the six lips may be considered a papilla, containing several neighboring sensilla per papilla ( Klass et al., 1976 ). See Nubbin See Seta / Setae",FALSE,,FALSE,FALSE,,,,,
P,papillarycellbody,FALSE,FALSE,Papillary cell body,,,,A (neuron) cell body associated with a papilla; generally used to refer to the mechanosensory cells of the lips.,FALSE,,FALSE,FALSE,,,,,
P,papillarycilia,FALSE,FALSE,Papillary cilia,,,,"The ciliated endings of the sensory neurons of the lips, such as the inner labial or outer labial neurons .",FALSE,,FALSE,FALSE,,,,,
P,papillaryfiber,FALSE,FALSE,Papillary fiber,,,,A neuronal process emanating from a papilla. Generally used in reference to the mechanosensory nerves running from the lips to the nerve ring.,FALSE,,FALSE,FALSE,,,,,
P,papillarygland,FALSE,FALSE,Papillary gland,Sheath cell (S archaic),,,,FALSE,,FALSE,FALSE,,,,,
P,papillarynerve,FALSE,FALSE,Papillary nerve,,Labial nerve,,,FALSE,,FALSE,FALSE,,,,,
P,papillaryorgan,FALSE,FALSE,Papillary organ,,,,The collected sensory and support cells involved in a single papilla.,FALSE,,FALSE,FALSE,,,,,
P,parphenotype,FALSE,FALSE,Par phenotype,,Par titioning defective,,"An embryonic defect ( par mutation ) in which cell polarity of the single cell embryo is disrupted, and cytoplasmic organelles ( P granules , chromosomes ) and molecular species (mRNAs, protein kinases, and others) fail to segregate (partition) into specific regions of the cell in normal fashion, disrupting cell division and normal cell fate decisions. Correct localization of the PAR proteins facilitates proper cell polarity. ( Kemphues, 2000 ; Gonczy and Rose, 2005 ).",FALSE,,FALSE,FALSE,,,,,
P,paracrytallinearray,FALSE,FALSE,Paracrystal/ Paracrystalline array,,,,"Large molecules may associate with one another in highly ordered forms to create higher order complexes, known as “ paracrystalline arrays ”. These arrays may be seen by light microscopy under polarized light as “birefringence”. Such features are a normal aspect some cells such as muscles. Paracrystals can also form when mutated or poorly processed molecules associate into abnormal aggregates, and these may also be scored under polarized light ( Waterston et al., 1977 ). See Birefringence",FALSE,,FALSE,FALSE,,,,,
P,paralysis,FALSE,FALSE,Paralysis,,,,"A loss of muscle function that usually comes from damage to the nervous system, but can also come from damage to the muscles. It can be a feature of specific genetic mutations that cause paralysis directly, such as in the case of some unc (uncoordinated) mutants, or can result from external causes such as exposure to anoxia and high temperatures. Certain mutations and chemicals ( such as levamisole and aldicarb ) that promote acetylcholine buildup at the synapses cause a hypercontracted paralysis ( Rand, 2006 ). Infection by pathogens also leads to a paralysis which is often followed by death ( Darby et al., 1999 ).",FALSE,,FALSE,FALSE,,,,,
P,paramyosin,FALSE,FALSE,Paramyosin,,,,"This protein, which is only found in invertebrate muscle, serves as a template for thick filament assembly in bodywall muscles in C. elegans . Myosin heavy chain proteins bind to paramyosin to form an elongated rod-like multimeric structure, the thick filament. See Thick filament",FALSE,,FALSE,FALSE,,,,,
P,parasite,FALSE,FALSE,Parasite/ Parasitism,,,,"Nematode species often live as parasites, feeding on or inside of another “host” species, which may be a plant, animal, or even another annelid. Obligate parasites cannot exist and reproduce apart from their host. Facultative parasites may survive separately from their normal host species, but occasionally infect a host organism. Pathogenic parasites cause the death of their host. Ectoparasites live on the outer surface their host. Endoparasites live inside the body of their host. Parasites typically depend upon their hosts for more than just a supply of food. They may also receive enzymes and developmental signals that guide and control their further maturation, and help in dispersal (transport to a new host). See Commensal See Free living See Mutualism See Necromenic See Phoretic",FALSE,,FALSE,FALSE,,,,,
P,parthenogenesis,FALSE,FALSE,Parthenogenesis,,Parthogenesis | Asexual reproduction,,"A form of asexual reproduction, used by some nematode species (but not by C. elegans ), in which unfertilized oocytes within females progress through direct development into mature embryos upon passage through the spermatheca (as in Meloidogyne javanica (Triantaphyllou, 1962)). This mode of reproduction may be favored by certain parasitic species under conditions that prohibit finding sexual partners, and may alternate with amphimictic matings when away from the parasitized host, under free-living conditions (Bird and Bird, 1991; Poinar and Hansen, 1983). Parthenogenesis can operate either through meiotic or mitotic progression of the developing oocyte ( Nicholas, 1975 ; Anya, 1976 ). Sperm are rarely present, and do not contribute genetic material in a parthenogenetic species. See Pseudogamy See Selfing See Thelytoky",FALSE,,FALSE,FALSE,,,,,
P,particle,FALSE,FALSE,Particle,,,,"A small discrete object inside or outside of a cell, lacking a membrane coat. One example is the yolk particles (also known as gut granules ) in the pseudocoelom ( Hall et al., 1999 ).",FALSE,,FALSE,FALSE,,,,,
P,paternaleffect,FALSE,FALSE,Paternal effect,,,,Influences provided to the embryo by the male parent. See Maternal effect,FALSE,,FALSE,FALSE,,,,,
P,paternaleffectlethal,FALSE,FALSE,Paternal effect lethal,,,,"A homozygous mutant that can develop successfully to adulthood, but whose sperm are defective and fertilization usually leads to abnormal zygotic development. Use of paternal effect lethal mutants provides a way to genetically define the contributions of the sperm to early embryogenesis. See Maternal effect lethal",FALSE,,FALSE,FALSE,,,,,
P,paternity,FALSE,FALSE,Paternity,,Siring,,"The animal that has provided the sperm (male germ cell) in a mating is referred to as the paternal animal, or “sire”. Since C. elegans is polyandrous , the progeny of a single hermaphrodite may come from both self-sperm and the sperm of one or more males. Paternity is often scored after male mating (crossing) by the use of a genetic marker.",FALSE,,FALSE,FALSE,,,,,
P,pathselection,FALSE,FALSE,Path selection,,Axon guidance | Pathfinding,,"Neurons project axons, often long distances, to reach their targets. Guidance molecules act as cues to attract and repel the axons so that they find the correct path to their destination.",FALSE,,FALSE,FALSE,,,,,
P,pathogenicparasite,FALSE,FALSE,Pathogenic parasite,,,,"A parasitic species that causes illness or disease in its host, eventually resulting its death.",FALSE,,FALSE,FALSE,,,,,
P,pathogenesis,FALSE,FALSE,Pathogenesis,,,,"Literally ""disease development"", this term refers to the events and mechanisms that underlie the development of a disease.",FALSE,,FALSE,FALSE,,,,,
P,pboc,FALSE,FALSE,pBoc,,,,"A defined step in the defecation motor program which is controlled by the GABA neurons ( Avery and Thomas, 1997 ; Jorgensen, 2005 ). See Defecation motor program",FALSE,,FALSE,FALSE,,,,,
P,pdacell,FALSE,FALSE,PDA cell,Y cell,,,Terminal differentiation of Y cell in hermaphrodites. In males Y divides and anterior daughter becomes PDA. See Y cell,FALSE,,FALSE,FALSE,,,,,
P,peloderan,FALSE,FALSE,Peloderan,,,,"A characteristic of some nematode species , including C. elegans , in which the male tail fan extends posteriorly to meet at the midline behind the most posterior rays producing a blunt-ended tail ( Schneider, 1866 ; Nguyen et al., 1999 ; Fitch and Sudhaus, 2002 ; Kiontke and Fitch, 2005 ). See Leptoderan See Caudal alae See Fan",FALSE,,FALSE,FALSE,,,,,
P,pellucidlayer,FALSE,FALSE,Pellucid layer,,,,The developing eggshell just after fertilization when this chitinous layer is being produced just beneath the fertilization membrane.,FALSE,,FALSE,FALSE,,,,,
P,periactivezone,FALSE,FALSE,Periactive zone,,,,"A region of the pre-synaptic axon near the active zone which is a site of endocytosis and vesicle membrane recycling, but is relatively poor in mature vesicles. It is thought that this region may have a role in separating synaptic domains from non-synaptic cytoplasm ( Zhen et al., 2000 ; Nakata et al., 2005 ; Jin, 2005 ).",FALSE,,FALSE,FALSE,,,,,
P,perientericfluid,FALSE,FALSE,Perienteric fluid,,Pseudocoelom,,,FALSE,,FALSE,FALSE,,,,,
P,peristalsis,FALSE,FALSE,Peristalsis,,,,"Rhythmic contraction of smooth muscle which produces wave-like motion to move contents from one place to another. In C. elegans this term is usually used to describe the contraction of the isthmus of the pharynx during feeding ( Avery and Horvitz, 1989 ) where about 1 out of 4 pumps is followed by a wave of contraction that begins in the middle of the isthmus and moves towards the posterior, carrying food to the terminal bulb. Possibly it could also be used to describe contractions of the intestine to move food through the digestive tract and also of movement by the gonad sheath and/or spermatheca during fertilization.",FALSE,,FALSE,FALSE,,,,,
P,perivitellinespace,FALSE,FALSE,Perivitelline space,,,,"The fluid-filled space lying between the eggshell and the vitelline membrane in the early embryo ( Bossinger and Schierenberg, 1992 ; Schierenberg and Junkersdorf, 1992 ). Prior to creation of the eggshell, it is the space lying between the outer membrane of the one cell embryo and its fertlilization membrane,",FALSE,,FALSE,FALSE,,,,,
P,peroxisome,FALSE,FALSE,Peroxisome,,,,"A very small (similar in size to mitochondrion) single membrane, cytoplasmic organelle which is responsible for several steps in lipid metabolism . Peroxisomes have been demonstrated to be present in C. elegans tissues by fluorescence microscopy ( Thieringer et al., 2003 ) and electron microscopy ( Yokota et al., 2002 ).",FALSE,,FALSE,FALSE,,,,,
P,phagocyte,FALSE,FALSE,Phagocyte,,,,"A cell that engulfs an apoptotic cell during cell clearance (See Mangahas and Zhou, 2005 ). See Phagosome",FALSE,,FALSE,FALSE,,,,,
P,phagocytosis,FALSE,FALSE,Phagocytosis,,Engulfment,,"""Cell eating"". An endocytic process by which a dying cell or cell fragment is surrounded and digested by a neighboring cell. A very rapid process in apoptosis, but may proceed more slowly in necrosis. In early embryos, the birth of some cells which are destined to undergo apoptosis appears to induce rapid apoptosis, as if the dying cell sends out a signal to its neighbor very early in its own degenerative program. It is still not clear whether any phagocytotic events, ""murders"", occur to kill healthy cells. See Engulfment See Endocytosis See Murder See Suicide",FALSE,,FALSE,FALSE,,,,,
P,phagosome,FALSE,FALSE,Phagosome,,,,"A cell process or internal chamber that engulfs an apoptotic or necrotic cell, as well as invading bacteria or cell debris, to form a large intracellular vesicle. The phagosomes then fuse with lysosomes producing phagolysosomes in which the ingested material is digested by the lysosomal acid hydrolases. (See Mangahas and Zhou, 2005 )",FALSE,,FALSE,FALSE,,,,,
P,pharyngealchannels,FALSE,FALSE,Pharyngeal channels,Marginal tubes (S-archaic),Tubular radii,,"Three cuticle-lined channels (tubular radii) lying at the extreme distal edges of the triradiate (rays of the buccal cavity and procorpus). These channels are thought to funnel excess liquid rostrally to exit the mouth during mastication, while food particles are trapped in the sieve.",FALSE,,FALSE,FALSE,,,,,
P,pharyngealepithelium,FALSE,FALSE,Pharyngeal epithelium,,Buccal epithelium,,"An anterior region of the pharynx, lying just anterior to the corpus, which forms a thin cuticle-lined tube connecting the buccal cavity to the pharynx proper. Nine cells form this tube by two successive rings of nonsyncytial tissue with six-fold symmetry. These cells are not muscular, but are dominated by radial intermediate filaments reinforcing the tube-like lumen.",FALSE,,FALSE,FALSE,,,,,
P,pharyngealgland,FALSE,FALSE,Pharyngeal gland,,,,"Five gland cells (g1 and g2 cell types - g1AL , g1AR , g1P , g2L , g2R ) lie within the pharyngeal tissue and empty their contents via anterior ducts into the lumen of the pharynx. One pair of g1 cells are fused. The chemical contents of these secretions are unknown, but may be involved in digestion or molting. See Gland cell",FALSE,,FALSE,TRUE,entity_id == cell name,,,,
P,pharyngealintestinalvalve,FALSE,FALSE,Pharyngeal-intestinal valve,,Pharyngeal valve | Cardia | Esophago-intestinal valve,,"A set of six epithelial cells that form a narrow passage connecting the posterior bulb of the pharynx to the anterior intestine ( 3-D reconstruction movie ).The valve is composed of 3 pairs of cells each forming a flattened disc-like ring and is lined by a layer of cuticle. (Note that Albertson and Thomson, 1976 erroneously report only 5 cells here.) The pm8 muscle of the pharynx may act to open the valve when the grinder is active as there are no apparent muscular elements operating within or attaching to the valve. The valve's primary function appears to be to prevent regurgitation of the intestinal contents (Bird and Bird, 1991, after Loos, 1905).",FALSE,,FALSE,FALSE,,,,,
P,pharyngeallumen,FALSE,FALSE,Pharyngeal lumen,,,,"Narrow extracellular space through which food and liquid flow in/out of the buccal cavity past the grinder and pharyngeal-intestinal valve and into the intestine . The lumen has several specialized portions, including the pharyngeal channels , and is bounded by cuticle . Cuticular specializations include the flaps , the grinder and the sieve .",FALSE,,FALSE,FALSE,,,,,
P,pharyngealmuscle,FALSE,FALSE,Pharyngeal muscle,,,,"There are eight muscle segments (pm1-8) in the pharynx each containing 1 to 3 muscles cells, most with three giving the pharynx three-fold symmetry . In most segments, the muscle filaments are oriented radially to help open and close the pharyngeal lumen, though pm7 muscles are oriented obliquely to pull on the grinder region. All cells, except pm8, are innervated by pharyngeal motor neurons.",FALSE,,FALSE,FALSE,,,,,
P,pharyngealnerve,FALSE,FALSE,Pharyngeal nerve,,,,"A set of three longitudinal nerves ( I1L , NSML and M2L ) running along the anterior/posterior axis within the pharynx, each lying within a narrow groove created between syncytial pairs of muscles. One nerve lies dorsally, in close apposition to the dorsal gland duct, while the other two nerves lie subventrally.",FALSE,,FALSE,FALSE,,,,,
P,pharyngealnervering,FALSE,FALSE,Pharyngeal nerve ring,,,,"A small circle of axonal processes which form within the first bulb of the pharynx and run around the lumen to allow all pharyngeal neurons to form synaptic contacts (neuropil) with other local neurons. No members of the somatic nervous system participate here. A smaller, less well organized neuropil, the terminal bulb commissure , forms at the posterior commissure of the pharyngeal nervous system.",FALSE,,FALSE,FALSE,,,,,
P,pharyngealneurons,FALSE,FALSE,Pharyngeal neurons,,Pharyngeal nervous system,,"The pharyngeal nervous system is composed of 20 pharyngeal neurons which lie completely within the pharynx. These are grouped into several categories and include motor neurons ( M1 , M2 , M3 , M4 and M5 ), interneurons ( I1 , I2 , I3 , I4 , I5 and I6 ), and other types of neurons ( MC , NSM and MI ).",FALSE,,FALSE,FALSE,,,,,
P,pharyngealpumping,FALSE,FALSE,Pharyngeal pumping,,,,"A stereotyped sequence of muscle contractions (motor program) by individual pharyngeal muscles that act to draw food (bacteria) into the pharynx and to masticate that food with the grinder before moving it into the intestine ( Avery and Horvitz, 1989 ). One pump consists of an nearly simultaneous contraction of the corpus, anterior isthmus and terminal bulb followed by relaxation ( Avery and Thomas, 1997 ). While an animal is in the presence of food, pharyngeal pumping occurs constitutively, but this action slows or stops when the animal moves away from food, during lethargus, in dauer larvae and as the animal ages. The coordination of pharyngeal muscles is under control of the pharyngeal nervous system, which is virtually independent of the nerve ring.",FALSE,,FALSE,FALSE,,,,,
P,pharynx,FALSE,FALSE,Pharynx,,Esophagus,,"The mouthparts at the anterior end of the digestive tract which contain a series of radial muscles, related neurons and epithelial cells, and several gland cells which may aid in digestion. The pharynx is divided into several regions , including the corpus (procorpus and metacorpus - first bulb), isthmus and terminal bulb (second bulb). Specialized cuticular teeth ( the grinder ) within the pharyngeal lumen may tear open the food prior to digestion in the intestine. The pharynx lies behind the buccal cavity , and is separated from the intestine by the pharyngeal valve .",FALSE,,FALSE,FALSE,,,,,
P,phasmid,FALSE,FALSE,Phasmid,,,,"A bilateral pair ( PHA and PHB ) of chemosensory endings in the tail tip, containing two sensory neurons each. In the hermaphrodite these endings open through the cuticle via lateral phasmid channels at the base of the tail whip. In the male the phasmid channels become diverted to open slightly more forward, on the ventral surface at the base of the copulatory bursa, posterior to the opening of the cloaca. See Amphid",FALSE,,FALSE,FALSE,,,,,
P,phasmidchannel,FALSE,FALSE,Phasmid channel,,Phasmid lining,,See Amphid channel,FALSE,,TRUE,FALSE,,,,,
P,phasmidgland,FALSE,FALSE,Phasmid gland,Phasmid sheath cell (S-archaic),,,,FALSE,,FALSE,FALSE,,,,,
P,phasmidnerve,FALSE,FALSE,Phasmid nerve,,,,"A bilateral pair of phasmid nerves extend posteriorly into the tail tip from the lumbar ganglia to caudal sensory structures including the phasmids and tail whip, in close continuity with the caudal limit of the lateral hypodermal cords.",FALSE,,FALSE,FALSE,,,,,
P,phasmidsheath,FALSE,FALSE,Phasmid sheath,,Phasmid gland,,The glia-like cell (Phsh) that forms the channel within which the phasmid cilia are exposed to the exterior environment; the cuticular opening of that channel is formed by the phasmid socket cell.,FALSE,,FALSE,FALSE,,,,,
P,phasmidia,FALSE,FALSE,Phasmidia,,Secernentea,,"A major group of nematode species, categorized by: 1) caudal phasmids 2) a tubular secretory/excretory system 3) pore-like amphids located on the lips 4) no caudal or epidermal glands 5) rarely having cephalic setae 6) three esophageal glands 7) live mostly in terrestrial environments (Bird and Bird, 1991) Divided into 3 sub-classes: Rhabditia (of which C. elegans is a member), Spiruria (all parasitic) and Diplogasteria. Most parasitic nematodes derive from the Phasmidia.",FALSE,,FALSE,FALSE,,,,,
P,phenoxypropanol,FALSE,FALSE,Phenoxypropanol,,,,See Propylene phenoxitol,FALSE,,TRUE,FALSE,,,,,
P,pheromone,FALSE,FALSE,Pheromone,,,,"Any substance (usually an odorant) released from the body that may act as a signal (attractant or repellant) to other members of the same species, either as a sexual attractant or as a social signal (aggregant or repellant). Sexual pheromones are known from many nematode species (Bird and Bird, 1991). A sexual pheromone (of unknown chemistry) is likely to underlie the distinctive “leaving” behavior observed in C. elegans males ( Lipton and Emmons, 2003 ). A “ dauer pheromone ” induces larval C. elegans to alter their developmental status to enter the dauer pathway when animals are overcrowded ( Albert et al., 1981 ). This pheromone, called daumone , has been purified and synthesized 6-(3,5-dihydroxy-6-methyltetrahydropyran-2-yloxy)heptanoic acid ( Jeong et al., 2005 ) and is secreted and sensed by all animals to determine nematode density. An aggregating pheromone is sensed by the ASH or ADL nociceptive neurons of the amphids, and can induce social feeding behavior in C. elegans ( DeBono et al., 2002 ). Curiously, this unknown chemical signal is aversive, yet stimulates the animals to group together. This social feeding response is antagonized by a parallel signaling event transduced by reception of a secreted signal within the pseudocoelom by other sense cells ( Coates and DeBono, 2002 ). Secreted signals that cause signaling between different species of animals are called allelochemics (Bird and Bird, 1991). The physical source(s) of pheromone secretion is unknown, but would seem likely to overlap with the postulated sources of the glycocalyx. It is possible that several of the above responses involve the same pheromone, perhaps acting on the same or different receptors at different stage in the animal’s development. See Aggregation See Allelochemical See Bordering See Dauer See Leaving behavior See Semiochemical See Social feeding",FALSE,,FALSE,FALSE,,,,,
P,phoretic,FALSE,FALSE,Phoretic,,Phoresy,,"A type of commensal relationship between two species in which one animal (the nematode) uses another host species for transportation only, and does not harm the host, or feed on the host when it dies ( Hong and Sommer, 2006 ; Kiontke and Sudhaus, 2006 ). See Necromenic",FALSE,,FALSE,FALSE,,,,,
P,photokinesis,FALSE,FALSE,Photokinesis,,,,"Movement in response to the presence of light. Some nematode species seem to demonstrate generalized changes in behavior when exposed to light, without orienting to the light source ( Nicholas, 1975 ). Some species, including C. elegans are reported to show specific forms of phototaxis, and move towards or away from the light source. See Kinesis See Phototaxis",FALSE,,FALSE,FALSE,,,,,
P,phototaxis,FALSE,FALSE,Phototaxis,,,,"A behavioral change in response to exposure to light that causes the animal to become oriented to the light source. Positive phototaxis carries the animal towards the light, whereas negative phototaxis carries the animal away from the light. C. elegans is negatively phototactic and responds to exposure to light (especially in the UV range) by increasing its body motions to escape from the stimulus ( Burr, 1985 ). Responses in other nematode species reviewed in Nicholas, (1975) . See Taxis",FALSE,,FALSE,FALSE,,,,,
P,phylogeny,FALSE,FALSE,Phylogeny,,,,"Evolutionary ""trees"" that represent the relatedness of various species over time. For a detailed description of rhabditid phylogeny, see Kiontke and Fitch, 2005 .",FALSE,,FALSE,FALSE,,,,,
P,phytoparasite,FALSE,FALSE,Phytoparasite,,,,"A plant parasite. Many nematode species are plant parasites, generally having specialized mouthparts, such as a stylet, to pierce and suck from plant tissues. See Parasite",FALSE,,FALSE,FALSE,,,,,
P,phytophagus,FALSE,FALSE,Phytophagus,,,,Plant eating,FALSE,,FALSE,FALSE,,,,,
P,picell,FALSE,FALSE,Pi cell,,,,Signaling from the anchor cell ( AC ) induces 6 nearby VU grand-progeny to adopt the pi cell fate . These cells generate the uv1 and the utse cells which form the ventral uterus . See Uterus,FALSE,,FALSE,FALSE,,,,,
P,pick,FALSE,FALSE,Pick,,Worm pick,,"Usually made from platinum wire and a glass pipette, it is used to manipulate individual worms on culture plates using a dissecting microscope .",FALSE,,FALSE,FALSE,,,,,
P,pinocytosis,FALSE,FALSE,Pinocytosis,,,,"""Cell drinking"". Material to be ingested by a cell is taken in by invagination of a portion of the plasma membrane in a process called endocytosis . The two main types of endocytosis are distinguished on the basis of the size of the vesicles formed. Phagocytosis ""cellular eating"" involves taking in large particles. Pinocytosis involves the ingestion of fluids and small molecules via small vesicles (~100nm). See Endocytosis See Phagocytosis",FALSE,,FALSE,FALSE,,,,,
P,pioneeraxon,FALSE,FALSE,Pioneer axon,,Pioneers,,"An axon that establishes a new path as it grows away from a neuron cell body along the bodywall, often in contact with the hypodermis and overlying basal lamina. In general, a pioneer axon may exhibit a larger complex growth cone than that of a follower axon, so that it can extend filopodia over a wider region to sample the environment for guidance cues. See Follower axon See Guidepost cell See Growth cone",FALSE,,FALSE,FALSE,,,,,
P,pioneerneuron,FALSE,FALSE,Pioneer neuron,,,,A neuron that extends a pioneer axon.,FALSE,,FALSE,FALSE,,,,,
P,pirouette,FALSE,FALSE,Pirouette,,,,"A quick bout of reversals and/or omega turns that interrupt forward body motion, and help to reorient the animal on a chemical gradient ( Pierce-Shimomura et al., 1999 ; Miller et al., 2005 ; Lockery, 2005 ). See Omega turn See Reversal",FALSE,,FALSE,FALSE,,,,,
P,plasmamembrane,FALSE,FALSE,Plasma membrane,,Plasmalemma,,"A semipermeable lipid bilayer that contains and supports a variety of biological molecules including proteins, sugars and lipids. This membrane creates a boundary between the interior and exterior environment for cells, cellular organelles and tissues, within an organism. It also functions to control what goes into and out of the cell and maintains the cell potential.",FALSE,,FALSE,FALSE,,,,,
P,plasticity,FALSE,FALSE,Plasticity,,,,"Can refer to properties of the whole animal, of a given tissue, of a given cell, to subcellular features in a cell, or perhaps to molecular conformations of one macromolecule or a molecular complex. Generally refers to the ability of a given element to adapt its shape and/or function to compensate for local changes in its environment, or to stresses brought about by its own previous history of activity.",FALSE,,FALSE,FALSE,,,,,
P,platymyarian,FALSE,FALSE,Platymyarian,,,,"A condition (generally true in C. elegans ) in which the sarcomeres of bodywall muscles all tend to lie in direct apposition to the outer bodywall; as opposed to “coelomyarian” nematode species in which some sarcomeres are formed away from the outer bodywall to face the sides of the muscle cell or the pseudocoelom itself ( Schneider, 1860 ; Chitwood and Chitwood, 1950; Bird and Bird, 1991). See Circomyarian See Meromyarian",FALSE,,FALSE,FALSE,,,,,
P,pleatedjunction,FALSE,FALSE,Pleated junction,,,,See Septate junction (S),FALSE,,TRUE,FALSE,,,,,
P,pleatedseptatejunction,FALSE,FALSE,Pleated septate junction,,,,See Septate junction (S),FALSE,,TRUE,FALSE,,,,,
P,pleiotropy,FALSE,FALSE,Pleiotropy,,,,"A condition in which one gene (or one gene mutation) has multiple and/or variable effects (phenotypes) in several tissues or cell types, or at several distinct stages in development. Mosaic pleiotropy arises due to the parallel use of the same gene product in several different types of cells, perhaps at different times in development. Relational pleiotropy arises due to secondary cascades of intercellular signaling, such that genetic changes in one cell lead to altered intercellular interactions, and thus cause secondary changes in cells that do not require the gene directly. In C. elegans , the low level of intercellular regulation greatly reduces chances for relational pleiotropy ( Ward, 1976 ).",FALSE,,FALSE,FALSE,,,,,
P,plexus,FALSE,FALSE,Plexus,,,,"A structure in the form of a network, especially as it refers to nerves and blood vessels. In C. elegans this term is used to describe the many nerve processes interwoven at a region of synaptic neuropil, or to the interweaving of major nerves as they enter a ganglionic region, such as the nerve ring. It can also refer to interdigitization of muscle arms at the muscle plate.",FALSE,,FALSE,FALSE,,,,,
P,plicae,FALSE,FALSE,Plicae,,,,"Shallow folds (pleating) of the hypodermis in the molting nematode that permit the outer surface of this new worm tissue to be more extensive in area than the current outer cuticle. New cuticle is deposited over the plicae, underneath the old cuticle, and after molting, the new larval stage (or adult) will rapidly expand in size to stretch out the new cuticle, removing evidence of the plicae (Bird, 1977). Such plicae can be readily seen in C. elegans before the molts (Hall, unpublished).",FALSE,,FALSE,FALSE,,,,,
P,ploidy,FALSE,FALSE,Ploidy,,,,"The number of homologous sets of chromosome in a cell. Most cells in an organism are diploid and contain two full sets of chromosomes. However, sex cells (sperm and egg) are haploid and contain only one set of chromosomes. C. elegans hermaphrodites contain 4 autosomes and 2 X chromosomes while males only have 1 X chromosome.",FALSE,,FALSE,FALSE,,,,,
P,plug,FALSE,FALSE,Plug,,,,"1) the gelatinous copulatory plug produced by a male nematode after mating 2) the structure formed by certain cells (sujcs) that block the passage of the spermatheca prior to sexual maturity in the hermaphrodite 3) a refractile thread that blocks the mouth during development of the pharynx, but falls away shortly before hatching These structures are entirely unrelated. See Copulatory plug See Plugging male See sujc cell",FALSE,,FALSE,FALSE,,,,,
P,plugcell,FALSE,FALSE,Plug cell,,Core cell of spermathecal valve,,See sujc cell,FALSE,,TRUE,FALSE,,,,,
P,pluggingmale,FALSE,FALSE,Plugging male,,,,"Males of some species of nematode, but not C. elegans , generate a gelatinous plug on the vulva after spicular retraction. This ability is facilitated by the action of the plg-1 gene ( Hodgkin and Doniach, 1997 ), perhaps by helping in the coagulation of the fluid to make the plug ( Barr and Garcia, 2006 ).",FALSE,,FALSE,FALSE,,,,,
P,plumstage,FALSE,FALSE,Plum stage,,Two-fold stage | Morphogenesis stage,,,FALSE,,FALSE,FALSE,,,,,
P,plusend,FALSE,FALSE,Plus end,,,,The growing tip of a microtubule or microfilament which often faces outward towards the periphery of a cell. See Protofilament,FALSE,,FALSE,FALSE,,,,,
P,pm1pm8,FALSE,FALSE,pm1-pm8,,,,The 8 separate segments that form 8 consecutive rings of radial musculature that encircle the pharynx. See Pharyngeal muscle,FALSE,,FALSE,FALSE,,,,,
P,pnp,FALSE,FALSE,Pn.p,,,,Ventral hypodermal cells that give rise to the vulval toroids.,FALSE,,FALSE,FALSE,,,,,
P,pocket,FALSE,FALSE,Pocket,,,,See Sheath,FALSE,,TRUE,FALSE,,,,,
P,polarbody,FALSE,FALSE,Polar body,,,,"One of two small cells produced, each during one of the two meiotic cell divisions, which are then discarded in the creation of the haploid germ cell.",FALSE,,FALSE,FALSE,,,,,
P,polarityreversal,FALSE,FALSE,Polarity reversal,,,,"Changes in overall orientation in space of a tissue’s developmental pattern, of a cell group’s pattern of cell divisions, or of an individual cell’s distribution of structural elements. Under some circumstances, any given lineage may demonstrate a reversal in the overall pattern of cell divisions (the fate adopted by the anterior daughter may be switched with that of the posterior daughter, etc) either due to steric problems or mutation ( Sulston and White, 1980 ; Horvitz and Sternberg, 1982 ). Some tissues display long range polarity in their organization, such as the gonad’s distal ovary vs proximal storage of sperm and in some mutants can show polarity reversal such that a new zone of mitotic activity can be created proximal to the vulva ( Schedl, 1997 ; Pepper et al., 2003 ). Some cell types may undergo a transformation of their shape during late stages of morphogenesis that reverse the order of their structural features in space; for instance, the DD neuron can switch the position of its axon and dendritic specialization during late larval development, so that its axonal process and dendritic process exchange places ( Walthall et al., 1993 ).",FALSE,,FALSE,FALSE,,,,,
P,polyandry,FALSE,FALSE,Polyandry,,,,"The tendency of the female to mate with multiple male partners. In C. elegans , the hermaphrodite will mate multiple times with different males ( LaMunyon and Ward, 1999 ). See Copulatory plug",FALSE,,FALSE,FALSE,,,,,
P,polymodalinput,FALSE,FALSE,Polymodal input,,,,"1) a characteristic of some primary interneurons in which they receive synaptic inputs from a variety of different sensory neurons, who in turn are receptive to substantially different kinds of sensory stimulation (chemical, mechanical, osmotic, thermal, etc) 2) a sensory neuron that maintains multiple dendrites or multiple membrane receptors that allows it to be receptive to a variety of different modes of stimulation 3) a single membrane receptor that is responsive to a variety of substantially different environmental factors See Nocioceptor",FALSE,,FALSE,FALSE,,,,,
P,polymyarian,FALSE,FALSE,Polymyarian,,,,Muscles that contain many muscle cells side by side within a single quadrant as is the case the very large species Ascaris . See Meromyarian,FALSE,,FALSE,FALSE,,,,,
P,polyspermy,FALSE,FALSE,Polyspermy,,,,"An abnormal condition in which multiple spermatozoons have managed to enter the same oocyte during fertilization, providing excess copies of chromosomal material. Such events generally do not produce viable offspring. ""Block of polyspermy” is thought to be accomplished by several coincident events at the moment when the first spermatozoon crosses the oocyte’s outer membrane, including a change in membrane potential in the oocyte and the immediate secretion of a “fertilization membrane” to physically obstruct close approach by another sperm.",FALSE,,FALSE,FALSE,,,,,
P,porecell,FALSE,FALSE,Pore cell,,,,"A transitional epithelial cell that connects the excretory duct to the hypodermis of the ventral bodywall at the back of the head, producing the excretory pore , an outlet for secretions of the excretory system. Blockage or destruction of the pore is generally fatal to the animal.",FALSE,,FALSE,FALSE,,,,,
P,postcloacalsensilla,FALSE,FALSE,Post-cloacal sensillum/ sensilla,PCS,,,"The PCS is a male specific structure that functions redundantly with the hook in several steps of mating behavior including: locating the vulva, backing over the vulval region and inducing spicule prodding behavior. The PCS is innervated by three bilateral pairs of sensory endings in the male tail lying on the ventral surface just posterior to the cloacal opening , and pointing in posteriolateral directions ( PCA , PCB , and PCC ). Each sensillum consists of two neuron endings enclosed by a sheath and socket cell.",FALSE,,FALSE,FALSE,,,,,
P,postcorpus,FALSE,FALSE,Postcorpus,,Posterior bulb | Second bulb | Terminal bulb,,"The most posterior portion of the pharynx, containing the pharyngeal glands. See Second bulb",FALSE,,FALSE,FALSE,,,,,
P,postdeirid,FALSE,FALSE,Postdeirid,,Posterior lateral sensillum | Posterior deirid,,See Deirid,FALSE,,TRUE,FALSE,,,,,
P,postdauer,FALSE,FALSE,Postdauer,,,,A special form of L3 larva that has emerged from true dauer larva status and is preparing to molt into L4 stage.,FALSE,,FALSE,FALSE,,,,,
P,postembryonic,FALSE,FALSE,Postembryonic,,,,"Any event or feature which occurs during larval or adult life, but not within the developing egg.",FALSE,,FALSE,FALSE,,,,,
P,posteriorbulb,FALSE,FALSE,Posterior bulb,,Second bulb | Postcorpus | Terminal bulb,,"A major subdivision of the pharynx, lying between the isthmus and the pharyngeal valve. The bulb has an enlarged round shape and contains several large radial pharyngeal muscles, some neurons and three large gland cells ( Albertson and Thomson, 1976 ). See Second bulb",FALSE,,FALSE,FALSE,,,,,
P,posteriorcommissure,FALSE,FALSE,Posterior commissure,,Terminal bulb commissure,,"A minor “nerve ring” in the pharyngeal nervous system, lying within the second pharyngeal bulb, where some members of the pharyngeal nervous system meet and form synapses. See Pharyngeal nerve ring",FALSE,,FALSE,FALSE,,,,,
P,posteriorintestine,FALSE,FALSE,Posterior intestine,,Prerectal intestine | Prerectal region,,"The more posterior zone of the intestine, lying just anterior to the rectum, and surrounded by the motor elements of the stomatal-intestinal muscle. The lumen is slightly dilated and receives secretions from the rectal gland cells near its termination at the rectal valve.",FALSE,,FALSE,FALSE,,,,,
P,posteriorlateralganglion,FALSE,FALSE,Posterior-lateral ganglion,,,,Neuron somata associated with the post-deirid.,FALSE,,FALSE,FALSE,,,,,
P,postreproductive,FALSE,FALSE,Postreproductive,,,,"An aging adult animal that is no longer capable of producing fertile germ cells nor nourishing and laying fertilized embryos, although it may still contain older, nonviable oocytes or sperm. See Gravid",FALSE,,FALSE,FALSE,,,,,
P,postsynapticcell,FALSE,FALSE,Postsynaptic cell,,Postsynaptic element,,"Either a neuron or a muscle cell that receives a synaptic input from a presynaptic neuron. In rare cases, other tissues, including hypodermis and marginal cells may also appear to be postsynaptic (lying very close to a presynaptic density), but the physiological significance of these contacts is unknown.",FALSE,,FALSE,FALSE,,,,,
P,postsynapticdensity,FALSE,FALSE,Postsynaptic density,,Postsynaptic specialization,,"A thin electron dense specialization lying on the cytoplasmic surface of a postsynaptic cell (neuron or muscle) ( Rand and Nonet, 1997 ) or a thickening of the postsynaptic membrane. These specializations are generally not found in C. elegans synapses except under rare circumstances, perhaps due to poor fixation or their very small size. In higher animals these specializations are often expected as a reliable indicator of a functional synaptic contact, and there are characteristic differences in certain synapses according to their function or cell type; none of these differences have been reliably seen in the nematode.",FALSE,,FALSE,FALSE,,,,,
P,preanalganglion,FALSE,FALSE,Preanal ganglion,,PAG cells | Pre-anal ganglion,,"The preanal ganglion lies at the posterior limit of the ventral nerve cord in the tail. It contains 12 neuron cell bodies that send most of their neuronal processes into the ventral nerve cord. A local portion of neuropil involving many pre-anal and lumbar neurons is continuous with the neuropil of the ventral nerve. In the adult male tail, this ganglion gains many additional neurons and a greatly expanded neuropil, functioning in the control of male mating behaviors.",FALSE,,FALSE,FALSE,,,,,
P,precipiceresponse,FALSE,FALSE,Precipice response,,,,"An aversive response of the animal when encountering a steep edge, as at the edge of an agar chunk. Animals may avoid the edge ( Hart, 2006 ).",FALSE,,FALSE,FALSE,,,,,
P,precursorcell,FALSE,FALSE,Precursor cell,,,,Ancestral cell in a lineage. See Blast cell,FALSE,,FALSE,FALSE,,,,,
P,predacious,FALSE,FALSE,Predacious/ Predatory/ Predator,,Predaceous,,"The term implies that a species has a select set of target organisms which it searches out for food. By comparison, an omnivore may eat a wider variety of species, perhaps both plant and animal life, with much less selectivity. C. elegans consumes bacteria in the wild, and can be considered a predator of bacteria. Many other animals and some fungi are predators of nematodes. Some fungi can trap nematodes (including C. elegans ) by a small lariat-shaped ring or with sticky knobs, and then consume them ( Nicholas, 1975 ). In the laboratory, mites are often found as predators on cultures of C. elegans . See Parasite",FALSE,,FALSE,FALSE,,,,,
P,predauerlarval,FALSE,FALSE,Predauer larva,,L2d,,"A distinctive late L2 larval stage (L2d) whose body shape is beginning to show changes prior to entering the dauer state, although it is still capable of advancing instead to an L3 stage if environmental conditions improve ( Golden and Riddle, 1984 ).",FALSE,,FALSE,FALSE,,,,,
P,pregastrulationstage,FALSE,FALSE,Pregastrulation stage,,,,"The earliest phase of embryogenesis, during which the egg undergoes early cell divisions to grow from one cell to 26 cells during the first hour and a half after fertilization (see 4-D movie ).",FALSE,,FALSE,FALSE,,,,,
P,preinfective,FALSE,FALSE,Preinfective,,,,"A free-living larval stage of a species that will later infect a host plant or animal. In parasitic nematodes, the third larval stage is often the last pre-infective stage and L3 larvae may undergo developmental arrest until a host is found. The anatomy and neuroanatomy of preinfective L3s may parallel the anatomy of dauer larva of C. elegans ( Ashton and Schad, 1996 ).",FALSE,,FALSE,FALSE,,,,,
P,prerectalintestine,FALSE,FALSE,Prerectal intestine,,,,See Posterior intestine,FALSE,,TRUE,FALSE,,,,,
P,presynapticdensity,FALSE,FALSE,Presynaptic density,,Presynaptic specialization | Active zone,,"An electron dense tuft or bar lying on the cytoplasmic surface of a presynaptic membrane at a synapse, usually bounded by a cluster of synaptic vesicles nearby ( Jin, 2005 ).",FALSE,,FALSE,FALSE,,,,,
P,presynapticterminal,FALSE,FALSE,Presynaptic terminal,,,,"The swelling of the axon in the locale of a synapse including the cluster of synaptic vesicles that surround the electron dense membrane specializations of the presynaptic region ( Jin, 2005 ).",FALSE,,FALSE,FALSE,,,,,
P,pretzelstage,FALSE,FALSE,Pretzel stage,,Four-fold stage,,"This comprises the final two stages in embryogenesis, “early pretzel” stage and “late pretzel” stage, just prior to hatching. The animal now is folded into four lengths within the eggshell and resembles a pretzel. By early pretzel stage, the head begins to move independently from the body.",FALSE,,FALSE,FALSE,,,,,
P,primaryectoderm,FALSE,FALSE,Primary ectoderm,,,,"The cells and tissues that form from the AB lineage, principally comprised of anterior hypodermis, neurons and some pharyngeal ectoderm. See Secondary ectoderm",FALSE,,FALSE,FALSE,,,,,
P,primaryinterneuron,FALSE,FALSE,Primary interneuron,,,,An interneuron that receives direct synaptic input from sensory neurons. It may in turn direct its own synaptic output to secondary interneurons and/or to command interneurons. See Command interneuron See Secondary interneuron,FALSE,,FALSE,FALSE,,,,,
P,primarymesoderm,FALSE,FALSE,Primary mesoderm,,,,"The cells and tissues that form from the MS lineage, consisting of most bodywall muscles and the muscles of the pharynx. See Secondary mesoderm",FALSE,,FALSE,FALSE,,,,,
P,primaryoocyte,FALSE,FALSE,Primary oocyte,,1 o oocyte,,"The most mature oocyte within the gonad sheath, lying next to the spermatheca, which awaits fertilization.",FALSE,,FALSE,FALSE,,,,,
P,primaryspermatocyte,FALSE,FALSE,Primary spermatocyte,,,,A blast cell that divides to give rise to four mature sperm and a residual body.,FALSE,,FALSE,FALSE,,,,,
P,priming,FALSE,FALSE,Priming,,,,"Step of synaptic vesicle cycle that occurs after docking of the vesicle that renders it competent to fuse with the plasma membrane and release its contents (for more detail see Richmond, 2005 ).",FALSE,,FALSE,FALSE,,,,,
P,primordium,FALSE,FALSE,Primordium/ Primordia,,,,"An embryonic or larval tissue, usually nonfunctional, which will later develop further through cell divisions and/or morphogenesis to form a functional adult organ.",FALSE,,FALSE,FALSE,,,,,
P,primordialgermcell,FALSE,FALSE,Primordial germ cell,,,,"Those early germ cells lying closest to the distal tip cell within the gonad primordium or the distal gonad arm that remain in mitosis to generate the lineages of the sperm and oocytes, the direct descendants of Z2 and Z3 . They all appear to be syncytial with one another from mid L2 onwards ( Pepper et al., 2003 ).",FALSE,,FALSE,FALSE,,,,,
P,process,FALSE,FALSE,Process,,Axon | Dendrite | Neurite,,,FALSE,,FALSE,FALSE,,,,,
P,processbundle,FALSE,FALSE,Process bundle,,Nerve cord | Fascicle,,,FALSE,,FALSE,FALSE,,,,,
P,processextension,FALSE,FALSE,Process extension,,Process outgrowth,,,FALSE,,FALSE,FALSE,,,,,
P,procorpus,FALSE,FALSE,Procorpus,,,,"The most anterior region of the pharynx, lying just before the 1st bulb. This portion of the pharynx is long, thin and muscular. See Corpus",FALSE,,FALSE,FALSE,,,,,
P,proctodeum,FALSE,FALSE,Proctodeum/ Proctodaeum,,,,"The most posterior portions of the alimentary system. In C. elegans, the term is almost exclusively used for the male anatomy, rather than the hermaphrodite, and includes the intestinal valve cells, gland cells, all epithelial cells lining the cloacal sinus and all spicule-related epithelial cells. However, the vas deferens cells, intestinal cells and bursa cells are not included. See Cloaca See Rectum",FALSE,,FALSE,FALSE,,,,,
P,prod,FALSE,FALSE,Prod,,Prodding,,"An intermediate step in male mating behavior during which the male repeatedly extends his spicules towards the hermaphrodite vulva in an attempt to insert them. Once he meets lowered resistance, spicules are fully extended and sperm transfer begins ( Barr and Garcia, 2006 ). Prodding appears to be rhythmic and fast, perhaps as fast as 7-9 Hertz ( Emmons in Hart, 2005 ). See Insertion",FALSE,,FALSE,FALSE,,,,,
P,progeny,FALSE,FALSE,Progeny,,Offspring,,"The set of individuals produced by an adult animal are its progeny. Since the nematode is self-fertilizing, progeny can also be subdivided into self-progeny (produced by internal self fertilization) vs cross-progeny (produced by sexual mating between a male and hermaphrodite). Members of succeeding generations (F1, F2, etc.) from one parent animal might also be included among its progeny.",FALSE,,FALSE,FALSE,,,,,
P,programmedcelldeath,FALSE,FALSE,Programmed cell death,,Apoptosis,,"A common form of cell death which appears to originate as a decision within the nucleus to initiate a cascade of cellular events inside both the nucleoplasm and the cytoplasm resulting in chromatin clumping, nuclear breakdown, cell shrinkage and eventual death. The dead cell is then engulfed and removed by a neighboring cell. The molecular components required for engulfment have been identified in C. elegans . Unlike necrotic cell death, apoptosis does not generally spread to neighboring cells. The genetic pathway controlling this process has been identified in C. elegans ( Conradt and Xue, 2005 ). During development of the worm, specific cells are generated that then undergo apoptosis . See Apoptosis See Necrosis See Engulfment See Murder See Suicide See Undead cells",FALSE,,FALSE,FALSE,,,,,
P,prohabdion,FALSE,FALSE,Prohabdion,,,,"Specialized cuticle lining the prostom , formed by the arcade cells.",FALSE,,FALSE,FALSE,,,,,
P,proliferation,FALSE,FALSE,Proliferation,,,,"An increase in overall number of an object, cell type, or animal due to divisions (splitting and growth, mitosis) or new births (reproduction).",FALSE,,FALSE,FALSE,,,,,
P,proliferationphase,FALSE,FALSE,Proliferation phase,,,,"The first half of embryogenesis, a six hour period during which the single cell zygote rapidly undergoes many rounds of synchronous cell divisions to produce an embryo containing about 550 cells at the end of gastrulation. At this time, most cells are still virtually undifferentiated. The proliferation phase is followed by a 5 hour “morphogenesis phase” during which cells exit the cell cycle and begin to undergo tissue development. The same term may also be used in reference to the pattern of cell divisions occurring in the distal germline to produce early gametes, or also to early stages in the development of the male tail’s sexual features in the L3 larva, when many new neurons, muscles and support cells are born, prior to differentiating in late L4 stage.",FALSE,,FALSE,FALSE,,,,,
P,proliferative,FALSE,FALSE,Proliferative,,,,"A lineage pattern in which a stem cell continues to divide repeatedly (and symmetrically) to produce a large number of (equivalent) daughters, totaling more cells than usual, perhaps more than the organism actually will utilize in this class ( Sulston and Horvitz, 1981 ). See Reiterative",FALSE,,FALSE,FALSE,,,,,
P,prometaphase,FALSE,FALSE,Prometaphase,,,,A subdivision of M phase during which the nuclear envelope breaks down into vesicles and the developing mitotic spindle microtubules move from the cytoplasm into the nuclear region and become associated with the chromosomes.,FALSE,,FALSE,FALSE,,,,,
P,pronuclearenvelope,FALSE,FALSE,Pronuclear envelope,,,,"A lipid bilayer, the equivalent of the nuclear envelope, that surrounds each pronucleus within gametes and within the early zygote after pronuclear reformation ( Gonczy et al., 1999 ; Gonczy and Rose, 2005 ). See Nuclear envelope",FALSE,,FALSE,FALSE,,,,,
P,pronuclearfusion,FALSE,FALSE,Pronuclear fusion,,,,"An event during zygote formation after the migration and rotation of the two (haploid) pronuclei within the one-cell embryo in which they join together to create a diploid nucleus. The act of touching between the pronuclei is also called the “pronuclear meeting” ( Cuenca, 2003 ).",FALSE,,FALSE,FALSE,,,,,
P,pronuclearmigration,FALSE,FALSE,Pronuclear migration,,,,"An event during zygote formation after pronuclear reformation in which the two pronuclei are translocated along the anterior/posterior axis so that they meet near the posterior pole of the one-cell embryo ( Krieg et al., 1978 ; Hird and White, 1993 ). The maternal pronucleus travels farther, passing through the pseudocleavage constriction to enter the posterior portion of the embryo and meet the male pronucleus; they rotate around one another just prior to fusion. For more detail, see Oegema and Hyman (2006) .",FALSE,,FALSE,FALSE,,,,,
P,pronuclearreformation,FALSE,FALSE,Pronuclear reformation,,Reconstitution of pronuclei,,"Soon after the fertilization event, the (haploid) pronuclei of the egg and sperm seem to disappear for about 30 minutes. Egg cell cytoplasm is rearranged by cytoplasmic streaming ( Nigon et al., 1960 ) after which the two pronuclei reappear, now positioned on opposite poles (one anterior and one posterior), an event called “reformation”. These pronuclei will then migrate towards one another, rotate and fuse prior to form the first diploid nucleus of the zygote ( Krieg et al., 1978 ).",FALSE,,FALSE,FALSE,,,,,
P,pronuclearrotation,FALSE,FALSE,Pronuclear rotation,,,,"An event during zygote formation during which the two pronuclei migrate into close apposition in the posterior compartment of the single cell embryo, then move 90 o past each other along the left/right axis so that they lie virtually on top of one another prior to fusion. Then they fuse and create a diploid nucleus ( Deppe et al., 1978 ; Albertson, 1984 ).",FALSE,,FALSE,FALSE,,,,,
P,pronuclearstage,FALSE,FALSE,Pronuclear stage,,,,"The earliest events in zygote formation, a thirty minute period during which the pronuclei disappear, reform, migrate, rotate and fuse with one another to create a diploid nucleus.",FALSE,,FALSE,FALSE,,,,,
P,pronucleus,FALSE,FALSE,Pronucleus,,,,"The haploid nucleus of a gamete at the time of fertilization. The pronuclei of the oocyte and sperm, disappear, reform, migrate towards one another, rotate versus each other and fuse to create the first diploid nucleus of the embryo prior to first mitosis ( Allberston, 1984 ; Oegema and Hyman, 2006 ).",FALSE,,FALSE,FALSE,,,,,
P,prophase,FALSE,FALSE,Prophase,,,,"A stage in cell division, the transition between G2 phase and M phase in the cell cycle, during which cytoskeletal proteins in the cytoplasm begin to rearrange to form a mitotic spindle, while the chromosomes condense pairwise into sister chromatids within the nucleus. These features are more easily visualized by light microscopy techniques than by TEM.",FALSE,,FALSE,FALSE,,,,,
P,proprioception,FALSE,FALSE,Proprioception/ Proprioceptor,,Kinesthesia,,"Sense of one's own body that leads to the orientation and coordination of movement. In C. elegans , proper proprioception generates a sinusoidal pattern of movement . This type of locomotion requires contraction of the dorsal and ventral body muscles in an alternating pattern, probably driven by several categories of non-specialized neuron processes ( Voglis and Tavernarakis, 2005 ). It is not known for certain how this sinusoidal wave is propagated, but it may be via the action of ""stretch receptors"". The “light touch response” of the touch neurons ( ALM , PLM , AVM , PVM ) could be reasonably compared to stretch sensitive, or proprioceptive, activation. Stretch-sensitive processes have also been imputed among certain neurons in the male tail (Sulston et al., 1984) where the processes may sense the status of spicule eversion or the positions of other mating structures. In the pharynx, neuronal endings attached by adherens junctions or hemidesmosomes to the cuticle or muscle epithelium have been termed proprioceptive by Albertson and Thomson (1976) and Ward et al. (1975) suggested that some receptors of the lips could be proprioceptive by analogy to the structure of campaniform sensilla in insects, which are believed to detect physical stressing of the integument. It is also possible that some receptors may be responsive to both mechanical sensations produced by objects encountered in the local environment and from stretching of the cuticle, spicules, or buccal cavity during self-produced body motions.",FALSE,,FALSE,FALSE,,,,,
P,propylenephnoxitol,FALSE,FALSE,Propylene phenoxitol,,Phenoxypropanol,,"A compound commonly used as a reversible anaesthetic for C. elegans ( Sulston and Horvitz, 1977 ).",FALSE,,FALSE,FALSE,,,,,
P,prostom,FALSE,FALSE,Prostom,,,,"An anterior portion of the buccal cavity, cylindrical in shape, in register with the arcade cells, just behind the lips. It is lined by arcade cell cuticle. See Cheilostom See Telostom",FALSE,,FALSE,FALSE,,,,,
P,protandricreproductivesystem,FALSE,FALSE,Protandrous/ Protandric reproductive system,,,,"A system in which the germline produces sperm first, and then switches to producing oocytes. This trait describes C. elegans reproduction. Some Rhabditis species can resume making sperm at repeated intervals, interspersed with intervals of oocyte production ( Nicholas, 1975 ).",FALSE,,FALSE,FALSE,,,,,
P,proteasome,FALSE,FALSE,Proteasome,,,,"A large multimolecular complex, residing the in the cell cytoplasm, which is responsible for the breakdown of ubiquinated proteins into small peptide fragments.",FALSE,,FALSE,FALSE,,,,,
P,proteome,FALSE,FALSE,Proteome,,,,"The complete set of proteins in a given organism at a given time. The term could also be applied to the collection of proteins found in a particular cell type under specific conditions. For C. elegans protein mining, researchers can use Wormbase . See Genome See ORFeome",FALSE,,FALSE,FALSE,,,,,
P,protodendrite,FALSE,FALSE,Protodendrite,,,,"Term for the short specialization extending from the young sensory neuron cell body to the bodywall. It attaches the early cilium to the cuticle, prior to involution of the cell body and extension of the dendrite, by passive stretching between the cuticle and the receding cell body.",FALSE,,FALSE,FALSE,,,,,
P,protofilament,FALSE,FALSE,Protofilament,,,,"The individual molecular subunits which make up a microtubule. Microtubules can differ in their inherent diameters depending upon how many protofilaments surround the tubule. Under special conditions, protofilaments can be visualized by TEM as they split from the microtubule (at “minus ends”), or can be grouped into sheet-like structures in growing (“plus end”) microtubules ( O’Toole et al., 2003 ).",FALSE,,FALSE,FALSE,,,,,
P,protractormuscle,FALSE,FALSE,Protractor muscle,,Spicule protractors,,The two protractor muscles (one dorsal dsp L / R and one ventral vsp L / R ) are attached to the base of each spicule . Contraction of the muscle causes the spicules to extrude from the body . They are directly innervated by SPCL/R neurons.,FALSE,,FALSE,FALSE,,,,,
P,proximal,FALSE,FALSE,Proximal,,,,"An object lying relatively close to the center or origin of a structure or reference point (in anatomy this usually is the main trunk of the body). The converse of distal, meaning an object lying farther away.",FALSE,,FALSE,FALSE,,,,,
P,proximalarm,FALSE,FALSE,Proximal arm,,,,"That portion of the hermaphrodite gonad lying closer to the vulva and uterus; usually referring to that portion lying between the vulva and the “loop”. The portion lying farther away from the vulva and uterus, past the loop, is known as the distal arm. See Distal arm",FALSE,,FALSE,FALSE,,,,,
P,proximalepithelium,FALSE,FALSE,Proximal epithelium,,,,"A category of epithelial tissue within the uterus, involving those portions proximal to the vulva (e.g. the dorsal epithelium, du, and the ventral epithelium, uv2 and uv3) ( Newman et al., 1996 ).",FALSE,,FALSE,FALSE,,,,,
P,pseudocleavage,FALSE,FALSE,Pseudocleavage,,,,"A distinct period preceding the complete division of the one-cell embryo during which directed flow of cortical cell components cause rearrangements which prefigure an asymmetry to the first cleavage ( Hird and White, 1993 ). These changes include polarized flow of cytoplasm, pronuclear migration, and reorganization of cortical actin networks just under the plasma membrane, perhaps organized by the orientation of the mitotic spindle and a contractile ring during cytokinesis.",FALSE,,FALSE,FALSE,,,,,
P,pseudocleavagefurrow,FALSE,FALSE,Pseudocleavage furrow,,Pseudocleavage constriction,,"A belt-like region of indentation causing a noticeable narrowing or constriction of the one-cell embryo along the midline, about halfway between the anterior and posterior poles which closely resembles the cleavage furrow that would occur after a nuclear mitosis as a step in cell division. While this furrow disappears after fusion of the pronuclei, a few minutes later the new diploid nucleus does undergo mitosis and a new cleavage furrow is generated in virtually the same place. The cell then divides the two subsequent cell daughters ( Albertson, 1984 ; Hird and White, 1993 ).",FALSE,,FALSE,FALSE,,,,,
P,pseudocoelom,FALSE,FALSE,Pseudocoelom,,Pseudocoelomic cavity | Body cavity | Pseudocoel | Peri-enteric fluid,,"A fluid-filled space which separates the bodywall from internal organs. Within this space the digestive tract and reproductive tract lie separately, each enclosed by its own basal lamina. All tissues have their basal side turned towards this cavity and are covered there by basement membranes. Intercellular signals, nutrients and waste products can travel between tissues within this space. Pseudocoelom fluids are prevented from leakage by barrier junctions in the surrounding epithelium. See Blastocoel See Coelomic cavity",FALSE,,FALSE,FALSE,,,,,
P,pseudocoelomicfluid,FALSE,FALSE,Pseudocoelomic fluid,,,,"The contents of the cavity; it may contain hypertonic salt solutions to maintain the animal’s turgor pressure, and to provide a medium through which signals and waste products can flow.",FALSE,,FALSE,FALSE,,,,,
P,pseudocoelomate,FALSE,FALSE,Pseudocoelomate,,Aschelminthes,,"A classification of primitive animals characterized by the presence of the pseudocoelom. This includes roundworms, rotifers, gastrotrichs, and others.",FALSE,,FALSE,FALSE,,,,,
P,pseudocoelomicmembrane,FALSE,FALSE,Pseudocoelomic membrane,,,,"A spongy structure bounding the pseudocoelomic cavity. In C. elegans it consists of basal laminae of the major tissues , where as in other nematode species it may contain some cell processes, fibrils, and tubular systems (Bird and Bird, 1991).",FALSE,,FALSE,FALSE,,,,,
P,pseudocoelomocyte,FALSE,FALSE,Pseudocoelomocyte,,,,See Coelomocyte,FALSE,,TRUE,FALSE,,,,,
P,pseudogamy,FALSE,FALSE,Pseudogamy/ Pseudogamous,,,,"A form of parthenogenesis in which sperm is necessary to activate egg development, but where the male chromosomes are discarded, with the sperm pronucleus degenerating without fusing to the female pronucleus. This condition can occur in species that are hermaphroditic or bisexual ( Nicholas, 1975 ; Anya, 1976 ). It is not known to occur in C. elegans , but has been reported for Rhabditis aberrans , another hermaphroditic species (Kruger, 1913).",FALSE,,FALSE,FALSE,,,,,
P,pseudomale,FALSE,FALSE,Pseudomale,,,,"A mutant intersex phenotype in which an animal exhibits some or all of the male tissues (male gonad, male copulatory structures) while carrying the XX chromosomes. Some fail to copulate successfully with hermaphrodites or females due to lack of normal mating behavior ( Klass et al., 1976 ), but others are capable of producing cross-progeny ( Hodgkin and Brenner, 1977 ), or may be fertile hermaphrodites despite having secondary male features ( Herman and Horvitz, 1980 ). See Intersex",FALSE,,FALSE,FALSE,,,,,
P,pseudopod,FALSE,FALSE,Pseudopodium/ Pseudopod/ Pseudopodia,,,,"An elongated cell extension, more narrow than a lamellipodium, but broader than a filopodium, which may be extended in advance of a migrating cell or cell process. They are present as leading extensions on spermatozoa , developing neuronal processes, migrating hypodermal processes and somatic sheath cells. Migrating cells displaying trailing pseudopodia include the distal tip cell of the gonad. See Filopodium/ Filopodia See Growth cone See Lamellipodium/ Lamellipod/ Lamellipodia",FALSE,,FALSE,FALSE,,,,,
P,pseudopodelongation,FALSE,FALSE,Pseudopod elongation,,,,"A required component of pseudopod motility, apparently stemming from membrane flow within the pseudopod ( Ward et al., 1981 ; Achanzar and Ward, 1997 ). The spermatozoon moves by amoeboid action of the pseudopod, extending membrane ruffles and short cell extensions to guide the cell forward, somewhat like the movement of a neuron growth cone.",FALSE,,FALSE,FALSE,,,,,
P,pseudopodinitiation,FALSE,FALSE,Pseudopod initiation,,,,"An early step in the creation of the pseudopod in a maturing spermatozoon, apparently due to the fusion of membranous organelles with the plasma membrane to contribute membrane and fibrous material to the growing pseudopod ( Ward et al., 1981 ; Achanzar and Ward, 1997 ).",FALSE,,FALSE,FALSE,,,,,
P,pseudovulva,FALSE,FALSE,Pseudovulva,,,,"An aberrant multicellular structure caused by excessive inductive signals acting upon the VPC blast cells to create an extra (nonfunctional) vulval specialization by inducing extra cell divisions to create extra pi blast cells and their progeny. These can generally been seen by light microscopy as one or more small protrusions along the ventral surface of the adult animal, flanking the location of the true vulva. See Multivulva phenotype",FALSE,,FALSE,FALSE,,,,,
P,pumping,FALSE,FALSE,Pumping,,,,See Pharyngeal pumping,FALSE,,TRUE,FALSE,,,,,
P,punctate,FALSE,FALSE,Punctate,,,,"Staining patterns seen by light microscopy in which the stain highlights discrete spots (puncta) as opposed to diffuse staining. This term is often used with respect to staining for synaptic proteins, in which labeling for either pre-synaptic proteins or post-synaptic proteins tends to be punctate , but also can refer to repeating patterns such as those in seen muscle cells . The “punctate” object should be compact but may be irregular in shape.",FALSE,,FALSE,FALSE,,,,,
P,puncta,FALSE,FALSE,Punctum/ Puncta,,Dot,,"Individual structure(s) that have small compact shapes, such as synaptic swellings along an axon . The term implies the cohesive compact shape less than the exact size, since the punctate shape of one signal may overlap that of another punctate signal of different size, referring to separate components of a single larger element ( Hallam et al., 2002 ). In a mutant background, the term is sometimes still used to refer to objects that are more compact in wild type, but have become distorted and diffuse due to mutation. See Synaptic terminal",FALSE,,FALSE,FALSE,,,,,
Q,qlqr,FALSE,FALSE,"QL, QR","Q cell | Q1, Q2 (formerly)",,,"A pair of lateral neuroblasts that migrate separately within the body cavity during larval stages to produce a variety of cell types. See description in Hedgecock et al., 1990 .",FALSE,,FALSE,FALSE,,,,,
Q,quietus,FALSE,FALSE,Quietus,,,,"A temporary cessation of movement. A brief quietus has been noted at the beginning of mating behavior, once the male tail has encountered the hermaphrodite vulva, at which time the hermaphrodite (or female) stops moving ( Barker, 1994 ). A more prolonged quietus, termed the “lethargus”, overcomes the animal at the onset of each molt ( Cassada and Russell, 1975 ). Similarly, dauer animals and well fed adults often display prolonged periods of quietus. See Lethargus",FALSE,,FALSE,FALSE,,,,,
Q,quiescence,FALSE,FALSE,Quiescence,,,,"1) A gradual slowing down of metabolism and movement possibly leading to complete paralysis, if unfavorable environmental conditions such as a drop in temperature, a lowering of oxygen levels, or desiccation, persist. 2) Developmental or environmental signals may induce a paused or arrested phase of the cell cycle ( G0 ). 3) The primordial germ cells ( Z2 and Z3 ) and the somatic gonad precursor cells ( Z1 and Z4 ) remain in a state of mitotic quiescence until after the embryo hatches. See Anoxia See Cryptobiosis See Lethargus See Dauer See Diapause See Molt See Quietus",FALSE,,FALSE,FALSE,,,,,
Q,quorumsensing,FALSE,FALSE,Quorum sensing,,,,"A mode of behavior in which groups of cells (or animals) coordinate their activity based upon intercellular signaling to determine their relative numbers. The process is noted most often in virulent bacteria, who may coordinate their rate of cell division, their tendency to form biofilms or their secretion of products to achieve maximum effect. Pathogenic bacteria use quorum sensing in coordinated attacks on C. elegans ( Tan et al., 1999 ). Studies in Pseudomonas aeruginosa have identified a genetically controlled signaling cascade that regulates this process ( Juhas et al., 2004 ).",FALSE,,FALSE,FALSE,,,,,
R,5r,FALSE,FALSE,5R,,,,"5R and 5L are alternate lineage patterns of the hermaphrodite which are related by twofold rotational symmetry. VU, Z1.ppa (Ventral Uterine precursor; generates uterus, spermatheca and spermatheca-uterine valve cells) AC, Z1.ppp (Anchor Cell) VU, Z4.aaa (Ventral Uterine precursor; generates uterus, spermatheca and spermatheca-uterine valve cells) VU, Z4.aap (Ventral Uterine precursor; generates uterus, spermatheca and spermatheca-uterine valve cells) See 5L See Somatic primordium",FALSE,,FALSE,FALSE,,,,,
R,rselection,FALSE,FALSE,r-selection,,,,"Evolutionary survival strategy which is typically found in unstable environments where the ability to reproduce quickly is critical for successful survival. r is the growth rate term in the logistic equation (Verhulst model) of population dynamics. Traits that correspond to species that follow an r-selected behavioral strategy usually include: small size, rapid development, high rates of fertility, short generation time and relatively brief life span. Free-living C. elegans adopts this strategy to make best use of its uncertain environmental conditions. K-selection strategy, by contrast, favors slow development, long life span, and a prolonged period of fertility, with greater parental investment in a few progeny. See K-selection",FALSE,,FALSE,FALSE,,,,,
R,rachis,FALSE,FALSE,Rachis,,,,"A large syncytial compartment of germline cytoplasm which is produced by the fusion of all mitotic and meiotic germ cells at their basal pole to join a common lengthwise tube running centrally through the distal arm of the gonad. The rachis contains no nuclei, but many mitochondria and ribosomes. Each germ cell retains its own nucleus and plasma membranes, so as to remain separate from surrounding germ cells. A thin version of the rachis may extend into the loop, or possibly into the proximal gonad arm. It has also been called the “core” of the gonad ( Wolf et al., 1978 ). The rachis occurs in both the hermaphrodite and male gonad arms, and links germ cells which can go on to become either sperm or oocytes.",FALSE,,FALSE,FALSE,,,,,
R,radialmuscle,FALSE,FALSE,Radial muscle,,,,"The form of the pharyngeal muscles, whose myofilament lattice is oriented in radial fashion with respect to the central lumen. Contraction of radial muscles is expected to cause the pharyngeal tissue to thin, dilating the lumen and probably enlarging the outer diameter of the pharynx. Thus the lumen probably closes during muscle relaxation. Most pharyngeal muscles form a two cell syncytium, in which each parent cell contains just one radial sarcomere; therefore these can be included in the single sarcomere class. One pharyngeal muscle, m8 , appears to have smooth muscle properties rather than radial properties. See Single sarcomere muscle See Smooth muscle See Striated muscle",FALSE,,FALSE,FALSE,,,,,
R,raft,FALSE,FALSE,Raft,,,,See Lipid raft,FALSE,,TRUE,FALSE,,,,,
R,ray,FALSE,FALSE,Ray,,,,"Specialized bristle-like sensory structure extending into the fan of the male tail , containing two neuronal processes, a structural cell process and a thin hypodermal coat facing the fan cuticle. A second (archaic) definition of the same word can refer to each of the three thin extensions of the pharyngeal lumen ; one ray of the lumen always points to the ventral side of the head, while the others point dorsolaterally. See Fan See Genital papilla",FALSE,,FALSE,FALSE,,,,,
R,raycell,FALSE,FALSE,Ray cell,,,,"The constituents of the sensory rays of the male tail; this attribution generally refers to the two sensory cells, RnA or RnB, but can also refer to the structural cell, Rnst but is rarely to refer to the sister hypodermal cell.",FALSE,,FALSE,FALSE,,,,,
R,raycellgroup,FALSE,FALSE,Ray cell group,,,,"The cluster of daughter cells from the lineage of any of the tail seam cells, consisting of two neurons, a structural cell and a hypodermal cell, that are needed to form a sensory ray in the male tail. Not every ray cell group successfully forms a normal ray, even in wild type animals; occasional cell groups may spontaneously produce a fused ray with a neighboring cell group or just a small papilla that fails to elongate.",FALSE,,FALSE,FALSE,,,,,
R,rayextension,FALSE,FALSE,Ray extension,,,,The morphogenetic process by which each ray cell group of the male tail changes in shape from an early papilla to its final finger-like shape within the fan.,FALSE,,FALSE,FALSE,,,,,
R,rayprecursorcell,FALSE,FALSE,Ray precursor cell,,Rn cell,,"Nine pairs of blast cells derived from the three most posterior pairs of seam cells ( V5, V6, T ) in the male animal that give rise to the ray cell groups by divisions occurring in late L3 and L4 larval stages ( Emmons, 2005 ). These cells then differentiate to produce the nine pairs of sensory rays in the adult male tail, plus a set of hypodermal cells that fuse into the tail's hypodermal syncytium.",FALSE,,FALSE,FALSE,,,,,
R,receptor,FALSE,FALSE,Receptor,,,,"This term has multiple uses and can refer to a molecule, to a specialized cell extension such as a cilium, or to a whole cell involved in the transduction of a signal. The signal may represent communication between two cells within the animal, or an external feature in the environment of the animal such as a chemical, pheromone, temperature gradient, etc. See Neurotransmitter",FALSE,,FALSE,FALSE,,,,,
R,reciprocalsynapse,FALSE,FALSE,Reciprocal synapse,,,,A category of synaptic connection in which the synapse is independently specified in each direction (neuron A connects to neuron B and there is a reverse synapse from B to A). Often reciprocal pairs are adjacent. See Feedback,FALSE,,FALSE,FALSE,,,,,
R,reconstitutionofpronuclei,FALSE,FALSE,Reconstitution of pronuclei,,,,See Pronuclear reformation,FALSE,,TRUE,FALSE,,,,,
R,rectalcommissure,FALSE,FALSE,Rectal commissure,,Dorso-rectal commissure,,"A bilateral pair of minor commissures in the tail between the dorso-rectal ganglion and the preanal ganglion, traveling alongside the left and right sides of the rectum in close apposition to rectal hypodermis and the anal sphincter muscle. These commissures are formed by processes of three neurons; DVA , DVB and DVC . DVA neuron's process travels from the right side whereas those of DVB and DVC travel from the left side.",FALSE,,FALSE,FALSE,,,,,
R,rectalcuticle,FALSE,FALSE,Rectal cuticle,,,,"A specialized cuticle lining the rectal passage which is continuous with the bodywall cuticle in the tail, formed principally by the rectal epithelial cells. The apical specialization of the rectal gland cells also produces cuticle in discrete patches (Hall, unpublished data).",FALSE,,FALSE,FALSE,,,,,
R,rectalepithelium,FALSE,FALSE,Rectal epithelium,,,,"These cells include: B , F , Y , U , K' and K . All rectal epithelial cells contain secretory membrane stacks along this region facing the lumenal cuticle and produce some portion of the cuticular lining of the rectum. These are interfacial cells that connect the alimentary system to the main body syncytium, analogous to the function of the arcade cells of the lips.",FALSE,,FALSE,TRUE,entity_id == cell name,,,,
R,rectalgland,FALSE,FALSE,Rectal gland,,,,"A set of three large cells ( rectD , rectVL and rectVR ) that lie next to the intestine and connect to the intestinal lumen just posterior to the rectal valve. These cells form both microvilli and some cuticle along the posterior border of the intestinal lumen and the near portion of the rectal lumen and are presumed to secrete materials into these lumenal spaces, perhaps to aid digestion and/or molting, or as a source of pheromones to signal neighboring animals. See Caudal glands",FALSE,,FALSE,TRUE,entity_id == cell name,,,,
R,rectalmuscle,FALSE,FALSE,Rectal muscle,,Anal sphincter | Anal dilator | Anal depressor,,"This term can refer to either of the two enteric muscles, the sphincter (also known as the dialator) or the depressor , which reside in the posterior region and function in the defecation cycle . The sphincter muscle is thought to open and close the rectal valve while the depressor muscle acts to open the rectal passageway.",FALSE,,FALSE,FALSE,,,,,
R,rectalopening,FALSE,FALSE,Rectal opening,,Anus,,The caudal opening of the rectum in the tail of the hermaphrodite. In mature males this is called the cloacal opening . The opening is covered by specialized hypodermal cells whose apical surfaces are bound by cuticle and whose basal surfaces are covered by the basal lamina.,FALSE,,FALSE,FALSE,,,,,
R,rectalvalve,FALSE,FALSE,Rectal valve,,Intestinal-rectal valve,,Two small epithelial cells ( virL and virR ) form the valve by blocking the lumen of the posterior intestine. Narrow channels perforate the occlusion to allow digested material to leak into the rectum and then the anus. It is not clear that this functions as a true valve as the cells do not appear to have any contractile elements.,FALSE,,FALSE,TRUE,entity_id == cell name,,,,
R,rectum,FALSE,FALSE,Rectum,,Proctodeum,,"A cuticle-lined sinus opening on the posterior ventral surface of the animal, from which the alimentary system excretes waste products. It lies just behind the rectal valve and may receive secretions from the rectal gland cells . It is formed by a tube of large rectal epithelial cells , some of which can also act as blast cells for late larval cell divisions. The rectum may be opened by contractions of the anal sphincter muscle , which is firmly secured to the roof of the rectal cuticle. In males, the rectum (called the proctodeum ) provides an outflow for the genital tract as well as the alimentary tract. It also houses the copulatory structures. See Proctodeum",FALSE,,FALSE,FALSE,,,,,
R,recycling,FALSE,FALSE,Recycling,,,,Typically this refers to the recycling of receptors to the plasma membrane as a step in the endocytic pathway . This usually occurs via recycling endosomes. See Endocytosis,FALSE,,FALSE,FALSE,,,,,
R,recyclingendosome,FALSE,FALSE,Recycling endosome,,,,An endosome that recycles receptors to the plasma membrane.,FALSE,,FALSE,FALSE,,,,,
R,reflexion,FALSE,FALSE,Reflexed/ Reflexion,,,,"Bending of an organ to become doubled back upon itself; generally used with respect to describe the “reflexed” gonad arm , a very long tubular organ which stretches out lengthwise within the body cavity and reverses (reflexes) once to extend for an additional distance next to itself. The amphidelphic gonad of C. elegans produces two equivalent “proximal” arms projecting away from the vulva, and each arm reflexes once (near the head or tail) before projecting a “distal arm” in the opposite direction and terminating again in the region of the vulva.",FALSE,,FALSE,FALSE,,,,,
R,refreactile,FALSE,FALSE,Refractile/ Refractility,,,,"A property (of a cell or cell part) of being highly visible by light microscopy due to the noticeable refraction of light compared to the surrounding area, whether under normal illumination, or under specialized optics such as DIC or polarized light. In C. elegans structures such as the intestine or apoptotic cells are particularly noticeable due to their refractile properties. See DIC microscopy",FALSE,,FALSE,FALSE,,,,,
R,refractory,FALSE,FALSE,Refractory,,,,Unresponsive to a given signal or stimulus.,FALSE,,FALSE,FALSE,,,,,
R,regulation,FALSE,FALSE,Regulation/ Regulative potential,,,,"The ability of the cells within the organism to detect changes in cell fates of neighboring cells and to reprogram their own cell fates to adopt a fate that best suits the needs of the entire organism. Such regulatory re-programming is common in higher animals, but rather uncommon in nematode cell lineages. In C. elegans , the fates of most adult cells are strictly ruled by internal programming decisions governed by their specific cell lineage, and not by signaling from neighboring cells ( Sulston and Horvitz, 1977 ). Limited examples of regulation have been detected in the later differentiation of somatic gonad structures and other secondary sexual features ( Sulston and White, 1980 ; Sternberg and Horvitz, 1984 ).",FALSE,,FALSE,FALSE,,,,,
R,reiteratedcelllineages,FALSE,FALSE,Reiterated cell lineages,,,,A repeated pattern of cell lineage produced by the patterned expression of specific genes. See Reiterative,FALSE,,FALSE,FALSE,,,,,
R,reiterative,FALSE,FALSE,Reiterative,,Reiterated neurons,,"A lineage pattern in which certain progeny cells repeat a pattern of cell divisions previously displayed by either the parent cell or the grandparent cell ( Sulston and Horvitz, 1981 ; Chalfie et al., 1981 ). Some mutants, such as lin-4 and unc-86 , can cause defects in the control of reiterative lineages, leading to either the loss of certain postembryonic structures, or to gross proliferations and the creation of many extra (small) cells in place of normal blast cells, or to the creation of supernumerary structures. See Proliferative",FALSE,,FALSE,FALSE,,,,,
R,rennettecell,FALSE,FALSE,Rennette cell,,,,"A modified form of excretory cell found in some nematode species that may replace the functions of the excretory canal and gland cells ( Narang, 1972 ).",FALSE,,FALSE,FALSE,,,,,
R,repellant,FALSE,FALSE,Repellant/ Repulsion,,,,"A moiety that causes an animal (cell, tissue or cell part) to move away from that moiety. Repulsion of C. elegans individuals can be elicited by various environmental stimuli, including acid pH (H+), D-tryptophan and high osmolarity ( Dusenbery, 1975 ; Culotti and Russell, 1978 ). Repulsive guidance of a migrating cell process will stimulate the process to grow away from the source of the repellant ( Wadsworth et al., 1996 ). See Attractant",FALSE,,FALSE,FALSE,,,,,
R,reproductivetract,FALSE,FALSE,Reproductive tract,,Genital tract,,"The portion of the body that is devoted to production, storage and fertilization of germ cells and the incubation of fertilized eggs. In the adult hermaphrodite this term would encompass the distal gonad arms, the proximal gonad , spermatheca , uterus and vulva . In the adult male , it would refer to the gonad , vas deferens and cloaca .",FALSE,,FALSE,FALSE,,,,,
R,rer,FALSE,FALSE,RER,Rough endoplasmic reticulum,,,See Endoplasmic reticulum,FALSE,,TRUE,FALSE,,,,,
R,residualbody,FALSE,FALSE,Residual body,,,,"A cytoplast which forms in the germline during the late stage of meiotic cell division of a spermatocyte . Initially it is connected to several secondary spermatocytes and receives some cytoplasmic elements by transfer across the syncytial bridge, but these products are discarded into the cytoplast as the individual spermatocytes mature to become spermatids .",FALSE,,FALSE,FALSE,,,,,
R,resorption,FALSE,FALSE,Resorption,,,,"Analogous to the metamorphic changes in some higher animals, C. elegans can resorb some structures when reshaping its body, particularly in dauer formation and in male tail formation. To become thinner and less voluminous, the predauer larva resorbs some epithelial tissues (esp seam cell) via autophagy ( Melendez et al., 2003 ). During male tail morphogenesis, the larval tail spike is resorbed during a phase called retraction , during which many cells crawl anteriorly. See Retraction",FALSE,,FALSE,FALSE,,,,,
R,respiration,FALSE,FALSE,Respiration,,,,"The physiological rate of oxygen consumption per individual. C. elegans and C. briggsae are not adapted to anaerobic conditions and require oxygen to develop and thrive. However, they can temporarily survive in complete anoxic conditions by entering a quiescent (cryptobiotic) state ( Nicholas, 1975 ; Padilla et al., 2002 ).",FALSE,,FALSE,FALSE,,,,,
R,response,FALSE,FALSE,Response,,,,"Has several meanings, including a special meaning as step in male mating behavior called ""response to contact"" ( Liu and Sternberg, 1995 ; Peden and Barr, 2005 ) . See Male mating behavior",FALSE,,FALSE,FALSE,,,,,
R,reticularmembrane,FALSE,FALSE,Reticular membrane,,,,"A conformation of the rough endoplasmic reticulum in which it dilates somewhat to form a series of inflated balloon-like spaces that can show as alternating light and dark stripes within the cell body, either by light microscopy (in muscle, see Rolls et al., 2002 ) or by TEM (in some ray neuron cells, see Sulston et al., 1980 ).",FALSE,,FALSE,FALSE,,,,,
R,retraction,FALSE,FALSE,Retraction,,,,"This term has several uses in C. elegans : 1) A feature in male tail development where the shape of the male tail is created by the retraction of surrounding tissues which leads to the formation of the fan and the rays . The retraction is a property of the hypodermal cells of the tail ( Emmons, 2006 ). 2) A feature in axon remodeling or growth cone guidance. 3) A feature of sperm movement which occurs by extension of the leading edge of the pseudopod, followed by attachment to the substrate and then retraction of the cell body. See Fan formation See Resorption",FALSE,,FALSE,FALSE,,,,,
R,retractorcell,FALSE,FALSE,Retractor cell,,,SM2R.paa SM1R.ppp SM1L.ppp SM1L.ppa SM2R.apa SM2L.apa,Dorsal right spicule retractor Ventral right spicule retractor Dorsal left spicule retractor Ventral left spicule retractor Right gubernacular retractor Left gubernacular retractor See Retractor muscle,FALSE,,FALSE,FALSE,,,,,
R,retractormuscle,FALSE,FALSE,Retractor muscle,retr (abbrev) | dsrL | dsrR | vsrL | vsrR | grtL | grtR,,SM1L.ppp SM2R.paa SM1L.ppa SM1R.ppp SM2L.apa SM2R.apa,Male specific muscles that come from two groups: the spicule retractors ( dsrL/R and vsrL/R ) and the gubernacular retractors ( grtL/R ). The spicule retractor muscles attach to the base of each spicule and the sublateral body wall where contraction of these muscles pulls the spicules up inside the body of the animal. The gubernacular retractor muscles attach at their ventral edges to the gubernaculum and overlying proctodeal epithelium while their dorsal edges attach to the sublateral dorsal body wall and control the positioning of the gubernaculum during copulation. See Retractor cell See Spicule See Gubernaculum,FALSE,,FALSE,FALSE,,,,,
R,retroveiscularganglion,FALSE,FALSE,Retrovesicular ganglion,RVG,,,"The retrovesicular ganglion lies at the anterior limit of the ventral nerve cord , near the ventral ganglion and nerve ring in the head posterior to the excretory pore. It is open and continuous with the region containing the motoneurons of the ventral cord. In the early L1 this ganglion holds 12 neuron cell bodies plus one neuroblast ( Sulston and Horvitz, 1977 ; White et al., 1986 ). In the adult animal, the ganglion holds 20 neuron cell bodies.",FALSE,,FALSE,FALSE,,,,,
R,reversal,FALSE,FALSE,Reversal,,,,"A characteristic behavior of normal animals after sensory input to the head (touch, heat, aversive stimuli), in which the animal stops forward motion and immediately begins to move backwards for one or more body lengths, after which the animal usually resumes forward motion ( Croll, 1975 ). The are other distinctive types of reversals, including the omega turn, and in the male mating behavior, a deep ventral bend beginning near its tail while moving backwards. See Deep ventral bend See Male mating behavior See Omega turn See Pirouette",FALSE,,FALSE,FALSE,,,,,
R,rhabditid,FALSE,FALSE,Rhabditidae,,,,"A group of nematode species that includes a large number of ecologically and genetically diverse species, including C. elegans . It is a subset of the Phasmidia (Secernentea), categorized on the basis of their mouthparts, which have given rise to many parasitic species, including many plant parasites, as well as many free-living soil nematodes ( Kiontke and Fitch, 2005 ; Sommer, 2005 ).",FALSE,,FALSE,FALSE,,,,,
R,rhabdion,FALSE,FALSE,Rhabdion/ Rhabdia,,,,"Specialized types of cuticle lining individual zones within the buccal passage ; thus the cheilostom is lined by the cheilorhabdion, the prostom lined by the prorhabdion, etc. (Bird and Bird, 1991, after Goodey, 1963; Van de Velde and Coomans, 1991). See Cheilorhabdion See Mesorhabdion See Metarhabdion See Prorhabdion See Telorhabdion",FALSE,,FALSE,FALSE,,,,,
R,rhabditin,FALSE,FALSE,Rhabditin,,,,"Birefringent crystals which collect in the gut 4-6 hours after the first cleavage and are an early marker for gut differentiation and are thought to be products of tryptophan catabolism ( Goldstein, 1993 ). See Gut granule",FALSE,,FALSE,FALSE,,,,,
R,ribosome,FALSE,FALSE,Ribosome,,,,"Large macromolecular complexes that function to translate mRNAs into protein. Free ribosomes lie within the cytoplasm in loose clusters, whereas other ribosomes are firmly attached on rough endoplasmic reticulum. These two classes of ribosomes generally produce protein for different destinations. Free ribosomes generally produce soluble proteins meant to lie within the cytoplasm, whereas RER ribosomes produce proteins that are first sequestered inside the RER, or in the RER membrane, prior to export from the cell or packaging in a cell membrane or an organelle lumen.",FALSE,,FALSE,FALSE,,,,,
R,richmedia,FALSE,FALSE,Rich media,,,,"A culture medium that contains nutrients in excess of the minimum necessary to sustain life, normal development and reproduction. Such additional additives might be included to promote faster growth, longer life, or healthier activity. See Defined medium",FALSE,,FALSE,FALSE,,,,,
R,rightroller,FALSE,FALSE,Right roller,,Right-hand roller,,Rolling movement is caused by disruption of the normal function of collagen genes that form the cuticle such that the animals roll around a right handed helix pattern.,FALSE,,FALSE,FALSE,,,,,
R,ringanddot,FALSE,FALSE,Ring and dot,,,,"A staining pattern observed by light microscopy at the tips of the rays in the developing male tail, apparently caused by the robust adherens junctions which secure the distal structural process to the hyp and/or cuticle (the ring) and the distal end of the RnB cilium to the cuticle opening (the dot). Ray 6 does not show this pattern since it is the only one not open at its tip. The feature was originally noted by DIC optics, but is also congruent with the pattern of MH27 [JAM-1] staining, and with serial thin section data.",FALSE,,FALSE,FALSE,,,,,
R,ringcell,FALSE,FALSE,Ring cell,,,,"Vulval epithelial cells (A, B1, B2, C, D, E, F) undergo morphological changes generating a seven stacked ring formation. Specific cells migrate towards the center forming half toroid. These half toroids fuse together in a stereotyped sequence for form the vulval rings ( Shemer et al., 2000 ). See Vulva",FALSE,,FALSE,FALSE,,,,,
R,rncells,FALSE,FALSE,Rn cells,,,,"Nine bilateral pairs of rays (numbered n, 1-9). Each ray consists of the endings of two sensory neurons (RnA and RnB) surrounded by a ray structural cell (Rnst). See Ray cell group",FALSE,,FALSE,FALSE,,,,,
R,rnai,FALSE,FALSE,RNAi,RNA-mediated interference,,,"This refers both to a common technique with which one can produce “mutant” phenotypes in wild type animals ( Fire et al., 1998 ), and to the normal developmental process by which an animal cell can protect itself against invading viruses ( Schott et al., 2005 ; Wilkins et al., 2005 ) and transposable elements ( Sijen and Plasterk, 2003 ). In worms, individual cells can use this process to detect invading (foreign) dsRNAs and to destroy them. As a laboratory method, the RNAi response is utilized to trick cells into blocking the normal expression and function of the gene of choice. See Immune response",FALSE,,FALSE,FALSE,,,,,
R,roamingbehavior,FALSE,FALSE,Roaming behavior,,,,"A behavioral state in which the nematode tends to move forward actively at relatively high speed, with a reduced rate of turning ( Bargmann, 2006 ). This behavior is equivalent to the “rover” behavior in Drosophila ( Cheung et al., 2005 ). Some wild strains, including the Bristol lab strain, use this strategy when they find food to disperse themselves from their neighbors to forage alone ( de Bono and Bargmann, 1998 ).",FALSE,,FALSE,FALSE,,,,,
R,rodlikelethality,FALSE,FALSE,Rod-like lethality,,,,A common phenotype in certain types of mutants (for instance in the Ras pathway) in which the animals adopt a rigid shrunken appearance at the late L1 stage before dying. This is visibly different from “scrawny” L1s in some other lethal phenotypes in which the dying animal is also quite thin but much more mobile.,FALSE,,FALSE,FALSE,,,,,
R,roller,FALSE,FALSE,Roller,Rol,,,"A genetic mutation affecting the cuticle structure that causes a helical twist in the shape of the body, forcing the animal to move in a characteristic rolling or circular motion, dominated by the shape and handedness of the helical twist (it can be either left- or right-handed in nature). As the animal slowly progresses forward, it tends to rotate around its long axis, and over time the animal may be confined to a small circle on the bacterial lawn. See Left roller See Right roller See Fiber layers See Locomotion See Squat phenotype",FALSE,,FALSE,FALSE,,,,,
R,rootlet,FALSE,FALSE,Rootlet,,,,See Striated rootlet,FALSE,,TRUE,FALSE,,,,,
R,rosette,FALSE,FALSE,Rosette,,,,"A briefly observed structure which appears by DIC optics. About 10 minutes before cell division, just prior to dissolution of the nuclear membrane and the formation of the metaphase plate, the nucleoplasm surrounding the nucleolus becomes coarsely granular and can produce a rosette pattern around the nucleolus ( Sulston and Horvitz, 1977 ).",FALSE,,FALSE,FALSE,,,,,
R,rotation,FALSE,FALSE,Rotation,,,,"1) Can refer to a specific step during prophase of the one cell embryo , when the centrosomes and pronuclei rotate 90° in synchrony to a new orientation at the exact center of the embryo ( Oegema and Hyman, 2006 ). 2) Can also refer to the early two cell stage , after the centrosomes migrate onto a transverse plane, the P1 nucleus rotates 90°to align the centrosomes on the AP axis ( Gönczy and Rose, 2005 ). See Centration",FALSE,,FALSE,FALSE,,,,,
R,roughendoplasmicreticulum,FALSE,FALSE,Rough endoplasmic reticulum,Rough ER | RER,,,"A subset of the endoplasmic reticulum that is studded with ribosomes (giving it the rough appearance) and is generally in continuity with the nuclear envelope. In neurons, most RER lie in the cell body, but some may also extend into cell processes and even this distant domain remains in continuity with that in the cell body ( Rolls et al., 2002 ).",FALSE,,FALSE,FALSE,,,,,
R,rubberbandphenotype,FALSE,FALSE,Rubberband phenotype,,,,"A characteristic body-shortening behavior seen in some mutations affecting neuromuscular signaling where the entire body undergoes coordinate contraction of all bodywall muscles in synchrony to shorten the animal, and then coordinate relaxation to restore the animal to full length ( Levin and Horvitz, 1992 ; de la Cruz et al., 2003 ). See Convulsion",FALSE,,FALSE,FALSE,,,,,
R,run,FALSE,FALSE,Run,,,,"A period of forward motion that is not interrupted by a reversal. Different behavioral states tend to produce either short runs, or mostly long runs ( Pierce-Shimomura et al., 1999 ; Lockery in Hart, 2006 )",FALSE,,FALSE,FALSE,,,,,
S,sblastomeres,FALSE,FALSE,S blastomeres,Somatic blastomeres,,,"The original nomenclature of Boveri (1899) for the early cell divisions of the nematode embryo. S1 is now called AB , S2 is now EMS , S3 is C , and S4 is D .",FALSE,,FALSE,TRUE,entity_id == cell name,,,,
S,sagittalview,FALSE,FALSE,Sagittal view,,,,Sagittal sections run from one side of the body to the other (left to right or vice versa) following the sagittal plane (Y-Z axis) that divides the body into right and left portions and is parallel to the median plane.,FALSE,,FALSE,FALSE,,,,,
S,saltatory,FALSE,FALSE,Saltatory,,,,"A characteristic jerky motion involving abrupt transitions between motion and immobility. Motions of a certain speed continue for short duration, alternating with periods of immobility. Such dynamics are typical of some objects under the control of molecular motors, whose activity may rapidly switch between ON and OFF states as is during axonal transport of dense core vesicles ( Zhan et al., 2004 ). Also can be used to describe the evolutionary theory that reveals discontinuous, large jumps in the evolution of a species ( Sternberg and Horvitz, 1984 ).",FALSE,,FALSE,FALSE,,,,,
S,sarcolemma,FALSE,FALSE,Sarcolemma,,,,"Plasma membrane of a muscle cell, covering the outisde of myofilament network, the muscle belly and the muscle arms.",FALSE,,FALSE,FALSE,,,,,
S,sarcomere,FALSE,FALSE,Sarcomere,Spindle (archaic),,,"A single functional unit in the contractile portion of a muscle cell. Body muscle is obliquely striated with multiple sarcomeres in repeating fashion. Pharyngeal muscle is radial but not striated, with only a few sarcomeres per cell. There are many specialized muscles in male tail and in the vulva which are diagonal but not striated, and often consist of only a single sarcomere. There are several muscle sarcomeres that are organized circumferentially, in particular, the sphincter and one of the uterine muscles. Striations consist of oriented members of the myofilament lattice , which are anchored to dense bodies on the plasma membrane . The orientation of the lattice elements (oblique to the body axis, or diagonal, or radial) determine the angle of the striations and of the whole muscle. Some smooth muscles in the nematode appear to be organized without recognizable sarcomeres, such as the gonadal sheath and the sphincter muscles . See Dense body See Myofilament lattice See Smooth muscle See Z band",FALSE,,FALSE,FALSE,,,,,
S,sarcoplasm,FALSE,FALSE,Sarcoplasm,,Muscle belly,,"Cytoplasm of any muscle cell, especially referring to that portion of the cell body near the nucleus. See Muscle arm",FALSE,,FALSE,FALSE,,,,,
S,sarcoplasmicreticulum,FALSE,FALSE,Sarcoplasmic reticulum,SR,,,A subset of the smooth endoplasmic reticulum which runs as thin membrane-bound tubules along the dense bodies of muscles. These tubules may sequester calcium ions for release during muscle contraction in response to nerve impulses. These structures are quite thin and appear discontinuous in thin section due to their tortuosity in C. elegans . See Endoplasmic reticulum,FALSE,,FALSE,FALSE,,,,,
S,scknob,FALSE,FALSE,SC knob,,,,See Synaptonemal complex,FALSE,,TRUE,FALSE,,,,,
S,scaffold,FALSE,FALSE,Scaffold,,,,"This term can apply to similar structures at a variety of different levels, from tissues, to cells, to cell parts, to molecules. Provided by sheath cell processes for axonal outgrowth ( Antebi et al., 1997 ) and by GLRs for muscle arm outgrowth. Alternately, the same term can refer to subcellular features. Some plasma membranes are reinforced by “scaffolds” either on the outside by 1) basement membrane on the basal surface, or by 2) glycocalyx on the apical surface, or 3) reinforced on the cytoplasmic side by surface coats made from cortical cytoskeleton, spectrin and cytoplasmic linkers, as well as a variety of uncharacterized molecules, many of which add visible electron density to the inner leaflet when viewed by TEM. Cytoskeletal elements such as microtubules or intermediate filaments or PSD-containing subsynaptic proteins may be “decorated” by specific proteins over their length, thus acting as a scaffold onto which are positioned microtubule-associated proteins (MAPs), junctional proteins, synaptic receptors, etc. See Basal lamina See Glycocalyx See Spectrin See Undercoat",FALSE,,FALSE,FALSE,,,,,
S,scaffoldcell,FALSE,FALSE,Scaffold cell,,,,"A cell whose cell body and/or extended processes provide the substrate which acts to shape the differentiation of another tissue. Several different cell types fit this general description: 1) The GLR cell bodies mark the position at which head muscles project their arms inward and the GLRs’ extended processes act as the substrate over which these muscle arms form a thin cylindrical plexus or motor plate onto which the nerve ring motor neurons form neuromuscular junctions. 2) The spike cells of the tail tip, and their epithelial covering by hyp10 , also fit this definition. The spike cell syncytium acts as a scaffold for a posterior extension of hyp10, while the hyp10 extension acts as a scaffold for the secreted spike of cuticle at the extreme tail tip. 3) The XXX cells of the lateral lips and their extended anterior processes seem to provide a scaffold for the early elongation of the ventral bodywall muscles, and for the separate paths of the amphid nerve and the mechanosensory nerves. They may also organize the relative positions of the various socket cells of the lateral lips. 4) The anchor cell (AC) of the vulva acts as a scaffold for the formation of the uterine seam (utse) in order to connect the vulval passageway to the two lobes of the uterus .",FALSE,,FALSE,FALSE,,,,,
S,sclerotic,FALSE,FALSE,Sclerotic/ Sclerotized,,,,"A local hardening of the cuticle, usually accompanied by distinctively darker, more electron dense specialization, sometimes running uniformly across the layers, or sometimes showing parallel striations across the layers. Such specialization is most dramatic at the hook and spicules of the male tail, which are used as physical anchorages during male mating behavior . They are also found in many other portions of cuticle that are subject to high stress, such as along the buccal and pharyngeal passageways and the grinder , or at the excretory pore .",FALSE,,FALSE,FALSE,,,,,
S,sds,FALSE,FALSE,SDS,Sodium dodecyl sulfate,,,A commonly used detergent which can kill all stages except dauers and some eggs. It is often used to clean contaminated cultures or to produce staged cultures.,FALSE,,FALSE,FALSE,,,,,
S,sealingjunction,FALSE,FALSE,Sealing junction,,,,"A subtype of adherens junction between neighboring sheath and socket cells whose apposing plasma membranes are exceptional tight, effectively sealing the internal pocket from contact with the pseudocoelom . See Adherens junction",FALSE,,FALSE,FALSE,,,,,
S,seamcell,FALSE,FALSE,Seam cell,,,,"This term most often refers to the hypodermal seam cells, which lie along the lateral bodywall to form longitudinal stripes of epithelial cells underlying the alae , and are apparently responsible for formation of the alae themselves ( Singh and Sulston, 1978 ). These differentiated cells also act as blast cells that can later give rise to specialized sensory structures such as the male tail rays. In late larval development, the seam cells mature and fuse to form a continuous syncytium along the bodywall, separate from the hyp 7 syncytium . The term can also refer to the uterine seam ( utse ), another epithelium that acts to bind the vulval epithelium to the uterine epithelium, forming a three-way junction linking the single vulval passageway to the anterior and posterior lobes of the reproductive tract. This structure is created by the fusion of several precursor cells, and initially forms over the anchor cell, which acts as a scaffold.",FALSE,,FALSE,FALSE,,,,,
S,searchingbehavior,FALSE,FALSE,Searching behavior,,,,See Foraging See Leaving behavior See Mate-finding,FALSE,,TRUE,FALSE,,,,,
S,secementea,FALSE,FALSE,Secernentea,,,,See Phasmidia,FALSE,,TRUE,FALSE,,,,,
S,secondbulb,FALSE,FALSE,Second bulb,,Postcorpus | Terminal bulb | Posterior bulb | Buccal bulb,,"The most posterior portion of the pharynx which has an enlarged round shape. This is a major subdivision of the pharynx, lying between the isthmus and the pharyngeal valve. The bulb contains several large radial pharyngeal muscles , some neurons , and three large gland cells ( Albertson and Thomson, 1976 ).",FALSE,,FALSE,FALSE,,,,,
S,secondaryectoderm,FALSE,FALSE,Secondary ectoderm,,,,"Cells and tissues that form from the C lineage , principally comprised of posterior hypodermis and some neurons. See Primary ectoderm",FALSE,,FALSE,FALSE,,,,,
S,secondaryinterneuron,FALSE,FALSE,Secondary interneuron,,,,"A type of interneuron that lies downstream from primary interneurons, and which directs its own synaptic output to command interneurons, rather than motor neurons. See Command interneuron See Primary interneuron",FALSE,,FALSE,FALSE,,,,,
S,secondarymesoderm,FALSE,FALSE,Secondary mesoderm,,,,"The cells and tissues that form from the D lineage , consisting solely of some bodywall muscles. See Primary mesoderm",FALSE,,FALSE,FALSE,,,,,
S,secondaryoocyte,FALSE,FALSE,Secondary oocyte,,,,"The second most mature oocyte within the gonad, lying next to the primary oocyte. See Primary oocyte",FALSE,,FALSE,FALSE,,,,,
S,secondaryspermatocyte,FALSE,FALSE,Secondary spermatocyte,,,,"The daughter cells that result from the meiotic division of the primary spermatocyte , which maintain a syncytial relationship via a common residual body . Secondary spermatocytes mature by transferring some materials to the residual body, after which they detach to form spermatids . See Primary spermatocyte",FALSE,,FALSE,FALSE,,,,,
S,secretorycell,FALSE,FALSE,Secretory cell,,,,See Excretory cell See Excretory duct cell See Excretory gland cell See Excretory pore cell See Gland cell See Seminal vesicle See Vas deferens,FALSE,,TRUE,FALSE,,,,,
S,secretoryexcretoryjunction,FALSE,FALSE,Secretory-excretory junction,,,,"Elaborate, highly specialized junctions where the excretory gland , excretory canal and excretory duct come together and join up to allow outflow of gland granules and canal urine into the duct. Perhaps a specialized form of adherens junction . See Secretory membrane",FALSE,,FALSE,FALSE,,,,,
S,secretoryexcretorysystem,FALSE,FALSE,Secretory-excretory system,,Excretory system,,"Four cell types (1 pore cell, 1 duct cell, 1 canal cell and a fused pair of gland cells) make up the excretory system. The secretions of this system empty through the excretory duct and pore on the ventral side of the head. This system allows the animal to secrete saline fluid and maintain a proper salt balance. Other secretions, some postulated to play a role in molting, are also secreted.",FALSE,,FALSE,FALSE,,,,,
S,secretorygranule,FALSE,FALSE,Secretory granule,SG,Secretory body,,"A membrane-bound vesicle found in the cell cytoplasm containing stored material bound for export from the cell. The secreted material could be, among other possibilities, a hormone or signaling molecule, an enzyme or kinase, an energy store ( yolk ), or a glycoprotein destined for the glycocalyx or cuticle. Secretory granules are generally larger in dimensions than the secretory vesicles found in neurons. Granule contents may be delivered into the pseudocoelom, into the lumen of an epithelium, into a secretory duct or channel, into the external environment or the underside of the cuticle. Granule secretion is more often apical than basal. See Granule",FALSE,,FALSE,FALSE,,,,,
S,secretorymembrane,FALSE,FALSE,Secretory membrane,,Excretory junction,,"A specialized portion of the plasma membrane of the excretory gland cell to the excretory duct through which the gland releases the contents of its secretory vesicles, through a region in which the apposed membranes are also heavily reinforced by adhesive specializations on their cytoplasmic surfaces. See Secretory-excretory junction",FALSE,,FALSE,FALSE,,,,,
S,secretorystack,FALSE,FALSE,Secretory stack,,Lamellar membrane,,"A specialized organelle on plasma membrane of apical hypodermis, possibly involved in cuticle deposition. It is almost always closely associated with a mitochondrion.",FALSE,,FALSE,FALSE,,,,,
S,secretoryvesicle,FALSE,FALSE,Secretory vesicle,,,,See Secretory granule,FALSE,,TRUE,FALSE,,,,,
S,segmentation,FALSE,FALSE,Segmentation,,,,"C. elegans does not show clear regional segmentation across tissues; however, there is a repeating pattern to the organization of many body systems that is reminiscent of segmental organization. The clearest regional demarcations are in the head and tail, where many tissues show local specializations that are unlike the body region. Some authors have further recognized “developmental regions” along the length of the body that are somewhat like segmental organization ( von Ehrenstein and Schierenberg, 1980 ).",FALSE,,FALSE,FALSE,,,,,
S,selfjunction,FALSE,FALSE,Self-junction,,,,"A category of adherens junction in which a cell forms a junction onto itself, usually in order to form a complete ring around another structure. This is a common feature in socket cells where they form a complete seal at the opening of a sensillum . See Adherens junction",FALSE,,FALSE,FALSE,,,,,
S,selfprogeny,FALSE,FALSE,Self progeny,,,,"Progeny that derive from self-fertilization of a spermatozoon and an oocyte from within the hermaphrodite gonad, not involving a mating event with a male animal.",FALSE,,FALSE,FALSE,,,,,
S,selfpropagation,FALSE,FALSE,Self propagation,,Selfing,,"The act of internal fertilization of sperm and oocyte deriving from a single parent animal to produce self-progeny. Thus a single C. elegans hermaphrodite, living apart from any fertile partners, can produce over 200 self-progeny who derive all genetic material from the one parent.",FALSE,,FALSE,FALSE,,,,,
S,selfsperm,FALSE,FALSE,Self sperm,,,,Spermatozoa derived from the hermaphrodite germline and not from the male. These are typically smaller and less motile than sperm from a male. See Sperm competition,FALSE,,FALSE,FALSE,,,,,
S,selfing,FALSE,FALSE,Selfing,,Self-fertilization,,"Most C. elegans are hermaphrodites and have this capability to produce “self-progeny” by internal fertilization, combining male and female gametes produced by the germline of the parent animal. This process is different from parthenogenesis, in which a new animal is produced from the fission of a single gamete by asexual means. See Cross-progeny See Inbred / Inbreeding See Outcross",FALSE,,FALSE,FALSE,,,,,
S,seminalfluid,FALSE,FALSE,Seminal fluid,,,,"Fluid ejaculated by the male’s seminal vesicle along with the spermatozoa. It may contain soluble factors which activate sperm motility or sperm’s competence to fuse with the oocyte ( L’Hernault, 1997 ; but see LaMunyon and Ward, 1995 ).",FALSE,,FALSE,FALSE,,,,,
S,seminalvesicle,FALSE,FALSE,Seminal vesicle,,Proximal testis,,"Structure (in the male gonad only) which houses the maturing sperm cells prior to mating. It is a tube-like structure formed from 20 secretory cells that are surrounded by a sheet of cytoplasmic processes formed from 3 large cells. These somatic cells derived principally from Z1.pp or Z4.ap ( Kimble and Hirsh, 1979 ).",FALSE,,FALSE,TRUE,entity_id == cell name,,,,
S,semiochemical,FALSE,FALSE,Semiochemical,,,,Chemicals that mediate interactions between organisms. They are subdivided into allelochemicals (signaling to members of other species) and pheromones (signaling within the same species). See Allelochemical See Pheromone,FALSE,,FALSE,FALSE,,,,,
S,semivulva,FALSE,FALSE,Semivulva,,,,An aberrant condition in which one “half vulva” (anterior or posterior) develops independently from the other due to loss of precursor cells for the other half (due to laser ablation or mutation). See Pseudovulva See Vulva,FALSE,,FALSE,FALSE,,,,,
S,sensillum,FALSE,FALSE,Sensillum/ Sensilla,,,,"A sensory organ, generally made up of one or more sensory neurons whose dendritic endings are protected by one or two accessory cells, and a thin wrapping of hypodermis. See Amphid See Cephalic sensilla See Deirid See Labial See Phasmid See Hook sensillum See Postcloacal sensillum See Ray See Spicule",FALSE,,FALSE,FALSE,,,,,
S,sensitization,FALSE,FALSE,Sensitization,,,,A non-associative learning response where there is an increase in the magnitude of response following repeated administrations of a stimulus. See Learning and memory,FALSE,,FALSE,FALSE,,,,,
S,sensorimotorneuron,FALSE,FALSE,Sensorimotor neuron,,Polymodal neuron,,"Neuron having a mixed modality of cell functions, including both sensory transduction (by its dendrite) and motor output (via its neuromuscular junctions). See Mixed modality",FALSE,,FALSE,FALSE,,,,,
S,sensoryadaptation,FALSE,FALSE,Sensory adaptation,,,,"The animal’s responsiveness to the prolonged or repeated exposure to a sensory stimulus (chemical taste, olfaction, osmotic barrier, temperature, touch) which usually shows a decrease. In most cases, upon removal of the stimulus, the sensory response will later recover ( Jorgensen and Rankin, 1997 ). Olfactory adaptation is more complex, and some odorant responses do not adapt ( Bargmann and Mori, 1997 ). These short term adaptations could be governed by changes in receptor responsiveness in the dendrite, or by changes in synaptic efficacy between sense cells and interneurons or motorneurons. See Adaptation See Habituation",FALSE,,FALSE,FALSE,,,,,
S,sensorycilia,FALSE,FALSE,Sensory cilia,,,,"The only ciliated cell type in C. elegans is the sensory neuron. Of the 302 neurons in the adult hermaphrodite, 60 of them are ciliated. Males have an additional 52 ciliated neurons, most of which are found in the tail (for detail see Inglis et al., 2007 ). See Sensillum See Sensory neuron",FALSE,,FALSE,FALSE,,,,,
S,sensoryneuron,FALSE,FALSE,Sensory neuron,,,,"Neuron that is involved in responding to external stimuli such as chemosensation ( Bargmann, 2006 ), thermosensation, osmosensation or mechanosensation ( Goodman, 2005 ). Most sensory neurons are ciliated in structure ( Inglis et al., 2007 ), except the touch neurons ( ALM etc), the PVD neurons and perhaps a few others. See Sensillum See Sensory cilia",FALSE,,FALSE,FALSE,,,,,
S,sensoryray,FALSE,FALSE,Sensory ray,,Ray,,"A long thin bristle-like specialization embedded in the fan cuticle of the male tail, consisting of extended processes of three cells (RnA, RnB, Rnst) - two ray neurons and a support (structural) cell, all wrapped within a thin layer of hypodermis . At the distal end the structural cell expands to form a pocket enclosing the ciliated endings of the two sensory neurons. At the tip there is a narrow pore which opens this pocket to the exterior to expose the cilia to the outside environment. See Ray",FALSE,,FALSE,FALSE,,,,,
S,sensoryreceptor,FALSE,FALSE,Sensory receptor,,,,"Each sense receptor organ, or sensillum, contains one or more ciliated nerve endings and two non-neuronal cells, a sheath and socket cell. Most receptors are located in the head, which is where most sensory functions take place. Some sensory “receptors” exist as diffusely localized membrane channels in one or more neuronal processes that do not involve a cilium (such as PVD’s highly branched arbor along the bodywall, or the diffuse sensory channels in an ALM dendrite). See Sensillum",FALSE,,FALSE,FALSE,,,,,
S,sensoryreceptorending,FALSE,FALSE,Sensory receptor ending,,,,"Most ciliated nerve endings are either exposed to the environment via openings in the cuticle or they terminate or embed within the cuticle. Two unusual sensory neurons, AQR and PQR are exposed to the pseudocoelomic cavity of the worm. For detailed list see Table in Inglis et al., 2007 . See Sensillum See Sensory receptor",FALSE,,FALSE,FALSE,,,,,
S,septatejunction,FALSE,FALSE,Septate junction,,Pleated septate junction | Pleated junction | Continuous junction,,"Usually refers to an intercellular junction found in the spermatheca and perhaps in the vulval epithelium. Here the two plasma membranes are separated by a distance to each other (the septum), and electron dense specializations mark the cytoplasmic borders in a “pleated” (ladder-like) pattern. The term can refer to both the pleated septate junction and to the continuous (smooth) septate junction, which displays a wide intermembrane spacing (is septated) but shows no visible pleating. See Continuous junction",FALSE,,FALSE,FALSE,,,,,
S,septation,FALSE,FALSE,Septation,,,,"The division of a cavity into parts by a septum. Used to refer to a mutant phenotype of excretory canal cells where neighboring cystic portions of the lumen become partially septated ( Buechner et al., 1999 ). Inside the uterus, the egg chamber may also have temporary septations separating one embryo from the next.",FALSE,,FALSE,FALSE,,,,,
S,ser,FALSE,FALSE,SER,,,,See Smooth endoplasmic reticulum,FALSE,,TRUE,FALSE,,,,,
S,set,FALSE,FALSE,SET,set,Seam cell syncytium,V5L.pppppp V5R.pppppp V6L.papapp V6R.papapp V6L.papppp V6R.papppp V6L.pppapp V6R.pppapp V6L.pppppp V6R.pppppp,"SET refers to the five most posterior seam cells in the male , which fuse to form a syncytial compartment in the male tail, after the generation of the ray cell groups . Unlike the most anterior seam cells in the male which make alae, the SET cells do not make this cuticular structure. See Tail seam See Ala / Alae",FALSE,,FALSE,FALSE,,,,,
S,seta,FALSE,FALSE,Seta/ Setae,,Bristle,,"Stiff bristle-like sensory features that occur in some nematode species, as opposed to shorter nipple-like sensory structures, known as papillae. In C. elegans, very few sensilla form true bristles (except for the spicules and perhaps the rays ), but some shorter papillae are common (including the inner labials , cephalics , post-cloacal sensilla , and the hook sensillum). See Papilla/ Papillae",FALSE,,FALSE,FALSE,,,,,
S,sexdetermination,FALSE,FALSE,Sex determination,,,,"C. elegans has two sexes . Hermaphrodites are diploid with five pairs of autosomes and two X chromosomes. Males have the same number of autosomes, but only have one X chromosome. Gametes produced by hermaphrodites are all haplo X so they give rise to nearly all XX hermaphrodite self progeny except for the rare male formed from X-chromosome loss. Males produce haplo-X and nullo-X sperm so cross progeny with a hermaphrodite will produce half male progeny. Most differences between the sexes develop postembryonically by different cell-specific patterns of gene expression. In somatic cells , the sex-specific fate of different cells is controlled by the master regulator tra-1 which acts as a transcriptional repressor in hermaphrodites . In the germ line , regulatory interactions of additional genes are required to specify sexual fate. For more information see chapters in Wormbook ( Herman, 2005 ; Ellis and Schedl, 2007 ; Zarkower, 2006 ).",FALSE,,FALSE,FALSE,,,,,
S,sexmuscle,FALSE,FALSE,Sex muscle,,,,"The muscles of the adult reproductive system. In hermaphrodites, these include the vulval and uterine muscles , located near the vulva in the midbody, which all derive from the M myoblast . In adult males, the M myoblast gives rise to a much larger set of specialized muscles for male mating which differentiate within the tail region (See Male Muscles - Overview and Male-specific muscles ).",FALSE,,FALSE,FALSE,,,,,
S,sexmyoblast,FALSE,FALSE,Sex myoblast,SM,Sex mesoblast (S) M cell,,"In the hermaphrodite , the postembryonic blast cell, M , begins dividing during the L1 larval stage to produce bodywall muscles plus two daughter myoblasts. These two daughter myoblasts migrate within the body and divide during the L3 and L4 larval stages to produce the sex muscles of the vulva and uterus . In the male , the same sex myoblast again gives rise to many bodywall muscles plus six myoblasts in the L1 stage. These six myoblasts migrate posteriorly and divide during L3 and L4 stages to produce the specialized mating muscles of the adult male tail.",FALSE,,FALSE,FALSE,,,,,
S,sexpheromone,FALSE,FALSE,Sex pheromone,,,,See Pheromone,FALSE,,TRUE,FALSE,,,,,
S,sexualdimorphism,FALSE,FALSE,Sexual dimorphism,,,,"Property by which different sexual forms of a species assume different body size and/or shape. C. elegans is moderately dimorphic in size , since males are slimmer than the hermaphrodites . They also have distinct anatomical differences . Externally, the adult hermaphrodite has visible vulva , while the adult male tail becomes reorganized in order to form a distinctive mating structure. The internal reproductive organs also differ between male and hermaphrodite and there are substantial changes in musculature and nervous system . Some other nematode species are much more dimorphic in size and shape. The term can also be used to refer to alterations in the cell fate for a specific cell between the two sexes (such as the M myoblast ). A specific cell may live and differentiate in one sex, but undergo cell death, serve as a blast cell or merely change shape in the other sex. These differences in cell fate (large or small) are also considered individual sexual dimorphisms.",FALSE,,FALSE,FALSE,,,,,
S,sheath,FALSE,FALSE,Sheath,,Lining,,"This term has several distinct meanings. An enclosed channel formed by the sheath and socket cells to house the distal components of sensory dendrites of a sensillum, or of an external structure such as the spicule. A layer of epithelial cells that enclose another tissue, such as the gonadal (ovarian) sheath which encloses the germ line. More commonly known as the embryonic sheath , a lipid layer covers the embryo before elongation and is thought to serve as a template for cuticle annulations. The first cuticle is made at L1 and replaces the sheath ( Priess and Hirsh, 1986 ). Additionally, the term has been used in nematode literature to refer to a shed cuticle [post-molting] that has been retained over a portion of the body, especially in the case of dauer formation ( Yarwood and Hansen, 1969 ). See Embryonic sheath See Sheath cell See Sheathed",FALSE,,FALSE,FALSE,,,,,
S,sheathcell,FALSE,FALSE,Sheath cell,Papillary gland (archaic),Pocket cell,,"An interfacial epithelial cell which forms a specialized environment surrounding the ciliated sensory ending(s) of one or more neurons and is often accompanied by a more distal socket cell. Some sheath cells also extend thin wrapping processes around bundles of axons in the nerve ring. In early development of the sensory nerves and of the nerve ring, some sheath cells (cephalics and labials) may also provide a substrate for axon guidance. Another category of sheath cells ( SPsh ) encloses the spicule channel in the male tail and apparently secretes cuticle which lines the channel. See Glia table See Gonad sheath See Ovarian sheath See Socket cell See Spicule See Structural cell",FALSE,,FALSE,FALSE,,,,,
S,sheathchannel,FALSE,FALSE,Sheath channel,,Sensillar Pouch,,"The external space or cavity created by the sensory accessory cells (sheath and socket cells, or structural cell) that enclose the sensory cilia of most specialized sensory receptors. In chemosensory sensilla (such as in amphids ), this space is open to the exterior environment via a pore created by the socket or structural cell, but in other cases the space is usually sealed closed beneath the cuticle (as in outer labial and cephalic sensilla ). See Amphid channel",FALSE,,FALSE,FALSE,,,,,
S,sheathlamellae,FALSE,FALSE,Sheath lamellae,,,,"A prominent feature in the amphid sheath cells, lying in the sheath process near the amphid pocket. This large flattened multilamellar structure is likely to be an enlarged Golgi apparatus , and appears to shuttle material to the pocket in small vesicles ( Perkins et al., 1986 ). Smaller sheath lamellae are found in the sheath cells of other sensilla, including the cephalics and the phasmids .",FALSE,,FALSE,FALSE,,,,,
S,sheathreceptors,FALSE,FALSE,Sheath receptors,,,,"A term used to refer to those amphid cilia that end within the sheath or in cryptic locales (those of AFD , AWA , AWB and AWC ), as opposed to those cilia that are directly exposed to the environment through the amphid pore ( the amphid chemoreceptors ).",FALSE,,FALSE,FALSE,,,,,
S,sheathed,FALSE,FALSE,Sheathed,,,,"The property of being confined within an extra cuticle layer. In some nematodes, early larval cuticle layers may be retained as outer sheaths, providing an added layer of protection from the external environment. Sheathed animals often cannot feed due to interference of the excess cuticle. “Exsheathment” defines the process by which the animal finally loses this layer or layers. Although wild type C. elegans is rarely, if ever, sheathed, some molting mutants can cause full or partial cuticle retention. See Exsheathment",FALSE,,FALSE,FALSE,,,,,
S,shortening,FALSE,FALSE,Shortening,,,,"A typical nematode behavior in which the body becomes locally foreshortened without any bending motion. This is typically seen as a head withdrawal from an aversive stimulus to the nose, or as a shortening of the posterior body as part of the defecation motor program, but is seen in exaggerated form in the mutant shrinker phenotype. See Shrinker phenotype",FALSE,,FALSE,FALSE,,,,,
S,shrinkerphenotype,FALSE,FALSE,Shrinker phenotype,,,,"A rather rare mutant behavior in which the whole body undergoes longitudinal shortening in response to head touch or tail touch. These animals are generally unable to generate normal body waves, and apparently lack reciprocal inhibition of the dorsal and ventral body muscles.",FALSE,,FALSE,FALSE,,,,,
S,sieve,FALSE,FALSE,Sieve,,,,Cuticle projections (finger-like) into the pharyngeal lumen that form a meshwork which may act to filter or retain contents of the lumen. They lie within the metacorpus (1st bulb). See Buccal filter,FALSE,,FALSE,FALSE,,,,,
S,singlesarcomeremuscle,FALSE,FALSE,Single sarcomere muscle,,,,"A category of specialized muscle cells in which all muscle filaments are organized into a single well ordered motor unit, with all thin filaments lying in close register to a single band of dense bodies on each end of the cell. In C. elegans , this category includes many of the muscles of the male tail and the radial muscles of the pharynx . See Radial muscle See Smooth muscle See Striated muscle",FALSE,,FALSE,FALSE,,,,,
S,sinus,FALSE,FALSE,Sinus,,Excretory sinus,,"An extracellular cavity or tube formed by an epithelium or within a single cell. While the term is usually used with regard to tissues involved in excretory or secretory functions, it can also refer to the lumena of the pharynx or digestive tract.",FALSE,,FALSE,FALSE,,,,,
S,sinusoidalwave,FALSE,FALSE,Sinusoidal wave,,,,The pattern of body motion produced as the whole animal crawls forward. The muscles on one side contract while the muscles directly opposite relax in synchrony such that a smooth wave of contraction passes along one side of the body to cause a smooth deep bend in the body. See Locomotion,FALSE,,FALSE,FALSE,,,,,
S,sire,FALSE,FALSE,Sire,,,,See Paternity,FALSE,,TRUE,FALSE,,,,,
S,skin,FALSE,FALSE,Skin,,Hypodermal system,,"This term is rarely used in C. elegans literature (See Podbilewicz, 2006 ).",FALSE,,FALSE,FALSE,,,,,
S,sloppyturn,FALSE,FALSE,Sloppy turn,,,,See Turning,FALSE,,TRUE,FALSE,,,,,
S,slowkilling,FALSE,FALSE,Slow killing,,,,"A mode of toxic interaction in which a bacterium invading the host nematode does not quickly poison or kill the host, but chooses to colonize the animal and reproduce itself for an extended period prior to toxin production ( Darby, 2006 ).",FALSE,,FALSE,FALSE,,,,,
S,smallphenotype,FALSE,FALSE,Small phenotype,sma | micro | dwarf | pygmy,,,"Produces a “miniature” adult worm, as opposed to a “dumpy” phenotype , in which a more normal sized adult worm seems to be squished into a very tight, constricting cuticle that is foreshortened and rather bulging ( Zimmerman and Padgett, 2000 ). Earlier workers had found similar spontaneous mutants in C. briggsae (the “micro” mutant of Nigon and Dougherty, 1950 ) and in C. elegans (the “dwarf” race of Dion and Brun, 1971 ), and after mutagenesis in C. elegans (the “pygmy” race of Nigon and Dougherty, 1954 which may have been lost).",FALSE,,FALSE,FALSE,,,,,
S,smoothendoplasmictreticulum,FALSE,FALSE,Smooth endoplasmic reticulum,SER | Smooth ER,,,"A subdivision of the endoplasmic reticulum (ER) that is prominent in certain cell types in C. elegans , including muscle, neurons, and intestine, but is reduced or absent in others ( Rolls et al., 2002 ). See Rough endoplasmic reticulum",FALSE,,FALSE,FALSE,,,,,
S,smoothmuscle,FALSE,FALSE,Smooth muscle,,Nonstriated muscle,,"A muscle cell in which the endpoints of thin and thick filaments are not highly ordered, and do not show periodic striations as in striated muscles. In smooth muscles, some thin filaments are perhaps not well anchored to dense bodies or hemidesmosomes on the plasma membrane, but float freely among the thick filaments to produce thinner wispy muscle elements rather than well defined sarcomeres. Smooth muscles are common in certain locales within the nematode where they act to squeeze diffusely over valves or strictures in the digestive system and reproductive system. See Striated muscle",FALSE,,FALSE,FALSE,,,,,
S,smoothseptatejunction,FALSE,FALSE,Smooth septate junction,,,,See Continuous junction,FALSE,,TRUE,FALSE,,,,,
S,snout,FALSE,FALSE,Snout,,Nose,,"The anterior end of the head, including the lips and buccal opening and the related anterior sensilla.",FALSE,,FALSE,FALSE,,,,,
S,socialfeeding,FALSE,FALSE,Social feeding,,Aggregation behavior,,"A distinctive behavior in which individual nematodes choose to move together into large groups to feed together, rather than separately. In C. elegans , the behavior seems to be under the influence of an external pheromone that is received by several amphid neurons ( De Bono et al., 2002 ) and of a second internal chemical signal, acting via the pseudocoelom and received by a separate set of sensory neurons ( Coates and De Bono, 2002 ). When animals choose to feed separately from their neighbors, this is called “solitary feeding”. Some wild strains of C. elegans show social feeding, including the Hawaiian strain CB4856 . See Bordering See Pheromone",FALSE,,FALSE,FALSE,,,,,
S,socketcell,FALSE,FALSE,Socket cell,Escort cell (archaic),Cap cell | Supporting cell,,"An interfacial epithelial cell which forms a distal cap on a sheath cell to bind the sheath of a sensillum to the neighboring hypodermis, via adherens junctions. There is often a narrow opening through the socket from the exterior into the sheath channel, allowing ciliated dendrites to be exposed to the external environment. The socket cell functions similarly to a glial cell. In some cases the socket cell function is provided by a hypodermal blast cell, but the function segregates to a socket cell during later larval and adult stages after birth of the socket cell proper. In some sensilla (such as the phasmid ) which have multiple socket cells, one socket forms the sensillar opening, while the extra socket cell(s) form wrapping processes along the side of the sheath cell ending. For some sensilla the sheath cell can also serve socket cell functions (for instance the structural cell of the sensory rays of the male tail ). See Glial cell See Glia table See Sheath cell See Structural cell",FALSE,,FALSE,FALSE,,,,,
S,solitaryfeeding,FALSE,FALSE,Solitary feeding,,,,See Social feeding,FALSE,,TRUE,FALSE,,,,,
S,soma,FALSE,FALSE,Soma,,Cell body | Perikaryon,,"Greek derived word meaning ""body"" it refers to the bulbous portion of a neuron that contains the cell nucleus as well as other cellular organelles.",FALSE,,FALSE,FALSE,,,,,
S,somaticblastomere,FALSE,FALSE,Somatic blastomere,S1,,,See AB blastomere,FALSE,,TRUE,FALSE,,,,,
S,somaticgonad,FALSE,FALSE,Somatic gonad,,,,"The components of the gonad that are separate from the germline proper. These include five tissues which are all derived from the somatic primordium : the distal tip cells , the gonadal sheath , the spermatheca , the spermatheca-uterine valve (sp-ut) and the uterus . See Somatic primordium See Distal tip cell See Gonad sheath See Spermatheca See Spermatheca-uterine valve See Uterus",FALSE,,FALSE,FALSE,,,,,
S,somaticlineage,FALSE,FALSE,Somatic lineage,,,,"The pattern of cell divisions stemming from the one cell fertilized embryo is highly stereotyped in C. elegans . The cell divisions which produce the cells other than the gametes (germ cells) are called the “somatic lineage” are highly reproducible. The latter cells derive from the “germline lineage”, which does not follow a reproducible pattern.",FALSE,,FALSE,FALSE,,,,,
S,somaticprimordium,FALSE,FALSE,Somatic primordium,,,,"The set of precursor cells that later give rise to the somatic tissues of the gonadal tract. This lineage is comprised of ten cells descended from Z1 and Z4 that reorganize spatially in the L2 larva during a lull in mitotic divisions of the somatic gonad ( Kimble and Hirsch, 1979 ). Final lineage patterns, among four of these ten cells, depend upon a signaling event within the primordium in which one of two cells adopts an anchor cell fate , while the other becomes a stem cell ( Pepper et al, 2003 ). The two alternate lineage patterns are termed “5L” and “5R”, where Z4.aaa or Z1.ppp , respectively, adopt the anchor cell fate, yielding a total of five somatic cells on one side and four cells on the opposite side.",FALSE,,FALSE,FALSE,,,,,
S,somaticsheath,FALSE,FALSE,Somatic sheath,,Gonad sheath | Ovarian sheath,,"A thin cellular layer which overlies a portion of developing germline tissue. Intercellular interactions between the germline and these overlying somatic cells promote germline development ( Greenstein, 2005 ).",FALSE,,FALSE,FALSE,,,,,
S,somatictissue,FALSE,FALSE,Somatic tissue,,,,Any tissue forming the body of an organism. This excludes the germline.,FALSE,,FALSE,FALSE,,,,,
S,sortingendosome,FALSE,FALSE,Sorting endosome,,,,The initial recipient of material that is internalized by clathrin-dependent and independent endocytosis. See Endosome See Recycling endosome,FALSE,,FALSE,FALSE,,,,,
S,specialvesicle,FALSE,FALSE,Special vesicle,,,,"A specialized extension of the Golgi complex on the cis face, seen in the germline ( Wolf et al., 1978 ), where an extension of ER membrane passes through a tight cytoplasmic “ collar ” to form smaller vesicles on the cis face. The special vesicle may act to shuttle material to the fibrous body, where a very similar fibrous collar organizes the connection of the vesicle to the outer leaflet of the plasma membrane surrounding the fibrous body and form “ finger-like projections ” (Wolf et al., 1978). Still later, the special vesicle is possibly involved in the dissolution of the fibrous body and the creation of the membranous organelle in the late spermatid. See Collar See Finger-like projections See Membranous organelle",FALSE,,FALSE,FALSE,,,,,
S,spectrin,FALSE,FALSE,Spectrin,,,,"An important cytoskeletal protein which forms a meshwork on the cytoplasmic surface of the plasma membrane, likely functioning to provide structure and reduce flexibility of the lipid bilayer. Spectrin networks give strength to the plasma membrane in all cells, and are essential for the integrity of neuronal processes during body motion ( Hammarlund et al., 2007 ). Spectrin is a tetramer and is composed of two α and two β chains; each β chain has an actin binding domain at its amino terminus. The spectrin meshwork is linked to actin filaments within the cell cortex and they jointly act to control the formation of filopodia , lamellipodia , and the extension of cell processes. These are especially significant in migrating cells and neuronal growth cones . Spectrin is encoded by the sma-1 gene in C. elegans .",FALSE,,FALSE,FALSE,,,,,
S,sperm,FALSE,FALSE,Sperm,,Spermatozoon/ Spermatozoa,,"The mature male gamete, which merges with an oocyte to create a fertilized embryo inside the uterus . Sperm are produced from primordial germ cells during embryonic development of the hermaphrodite gonad and stored in the spermatheca . They are also produced in the mature gonad of the male animal and there are stored in the vas deferens and seminal vesicle prior to ejaculation during mating. See Spermatozoon",FALSE,,FALSE,FALSE,,,,,
S,spermaster,FALSE,FALSE,Sperm aster,,,,"A specialized form of nuclear aster that participates in forming the meiotic spindle in the early one-cell embryo ( Srayko et al., 2000 ). The sperm aster also interacts with the actin cortex of the one-cell embryo to establish the orientation of the A/P axis ( Lyczak et al., 2002 ).",FALSE,,FALSE,FALSE,,,,,
S,spermcompetition,FALSE,FALSE,Sperm competition,,,,"The action of the sperm from multiple sexual partners competing to fertilize the oocyte. Since in C. elegans the hermaphrodite also produces her own sperm internallyl, sperm competition also refers to the relative success of internally derived sperm compared to sperm derived from male matings. Male-derived sperm are larger and more motile than hermaphrodite-derived sperm and thus are more successful, predominating over sperm derived from the hermaphrodite such that nearly all the oocytes are fertilized by the male-derived sperm ( Ward and Carrel, 1979 ; LaMunyon and Ward, 1995 , 1998 , 1999 ; Singson et al., 1999 ). See Sperm precedence",FALSE,,FALSE,FALSE,,,,,
S,spermdefective,FALSE,FALSE,Sperm defective,,,,"A category of mutations in which the animal (hermaphrodite or male) produces defective sperm and/or no sperm, and therefore becomes infertile or displays reduced fertility. The fertility of a “sperm defective” hermaphrodite can often be rescued by mating with a normal male.",FALSE,,FALSE,FALSE,,,,,
S,spermexpulsion,FALSE,FALSE,Sperm expulsion,,,,"A feature observed in post-copulatory hermaphrodites in which contractions of the uterine sheath cause sperm to leak out from the vulva. This behavior is thought to be associated with mating resistance by the hermaphrodite ( Kleeman, 2005 ).",FALSE,,FALSE,FALSE,,,,,
S,spermmotility,FALSE,FALSE,Sperm motility,,,,"The ability of spermatozoa to move actively when released from the vas deferens (of the male) or from the spermatheca (of the hermaphrodite). Unlike most sperm which move via the action of a flagellum, nematode sperm crawl with a pseudopod where membrane cycles from the tip to the base resulting in a ""treadmilling"" of the plasma membrane . Motility has been shown to vary with the absolute size of the spermatozoon with larger sperm having an increased fitness in mating competitions within the hermaphrodite gonadal tract (LaMunyon and Ward, 1994 , 1995 , 1998 , 1999 ). See Pseudopod See Sperm competition",FALSE,,FALSE,FALSE,,,,,
S,spermprecedence,FALSE,FALSE,Sperm precedence,,,,"The tendency of sperm from one particular parent to predominate in their success in fertilizing the oocytes of a hermaphrodite (or female). Male sperm tend to show strong precedence over sperm derived from the hermaphrodite, thought to be due in part to the larger size of male sperm ( LaMunyon and Ward, 1999 ). When a hermaphrodite is mated with several males, sperm precedence can refer to the success rate of sperm from one male to predominate over sperm from others. First-male precedence indicates that the sperm from the first male to mate with the hermaphrodite lead to the most progeny while second-male precedence refers to cases where sperm from the second male lead to more progeny ( LaMunyon and Ward, 1998 ). See Sperm competition See Copulatory plug",FALSE,,FALSE,FALSE,,,,,
S,seprmtransfer,FALSE,FALSE,Sperm transfer,,,,"A step in the process of male mating, during which the male ejaculates mature sperm from his vas deferens into the vulva and then into the uterus of the hermaphrodite reproductive tract. This process has several steps including the initiation of sperm transfer , the release and continued transfer of sperm and the cessation of sperm transfer ( Schindelman et al., 2006 ). After transfer to the hermaphrodite, the sperm migrate through the uterus to the spermatheca .",FALSE,,FALSE,FALSE,,,,,
S,spermatheca,FALSE,FALSE,Spermatheca/ Spermathecae,,,,A somatic gonad structure (found only in the hermaphrodite) that connects the distal gonad arm to the uterus. It is composed of 24 cells that form a tube-like structure and acts as a reservoir for maturing spermatids and adult sperm which wait for an opportunity to fertilize a passing oocyte. See Spermathecal lumen,FALSE,,FALSE,FALSE,,,,,
S,spermathecallumen,FALSE,FALSE,Spermathecal lumen,,,,"The central passage bounded by the 24 epithelial cells of the spermatheca, through which germ cells pass between the gonad arm and the uterus. The width of the lumen is usually very narrow, but as the basal surface has many longitudinal folds, it can undergo radial expansion to accommodate passage of a primary oocyte. Circumferential dilation of the distal spermatheca during ovulation is triggered by activation of the TRK pathway by the maturing primary oocyte ( Clandinin et al., 1998 ; McCarter et al., 1999 ; Bui and Sternberg, 2002 ). See Spermatheca",FALSE,,FALSE,FALSE,,,,,
S,spermathecauterinevalve,FALSE,FALSE,Spermatheca uterine valve,,Spermathecal uterine junction | sp-ut valve | sujn,,"A set of four cells (sujn) which act to restrict mature gametes from passing from the spermatheca to the uterus or vice versa. Prior to adulthood, the valve is completely blocked by the presence of two core cells (sujc) in the valve lumen. These are expelled at the beginning of egg-laying to permit the passage of oocytes through the spermatheca and into the uterus. Opening of the valve also permits the passage of sperm acquired from mating with males into the spermatheca, where they will compete with hermaphrodite-derived sperm to fertilize these oocytes. See sujc cell See sujn cell",FALSE,,FALSE,FALSE,,,,,
S,spermatid,FALSE,FALSE,Spermatid,,,,"The secondary spermatocytes undergo a second meiotic division to form four haploid spermatids. Initially they are connected via a central structure called the residual body , but once they have rid themselves of unneeded biosynthetic materials, they detach and are then stored within the spermatheca (in the hermaphrodite) or in the seminal vesicle (in the male). Eventually a spermatid matures, via spermiogenesis , into a spermatozoon , either within the gonadal tract or after ejaculation. See Residual body See Spermatocyte See Spermatozoon",FALSE,,FALSE,FALSE,,,,,
S,spermatocyte,FALSE,FALSE,Spermatocyte,,,,"There are two different forms of this cell, the primary spermatocyte (diploid) and the secondary spermatocyte (haploid). The primary spermatocyte forms in the male gonad when a spermatogonial stem cell buds off from the rachis to form a single cell that quickly enters metaphase I and divides to form secondary spermatocytes attached to a residual body. Secondary spermatocytes undergo a second meiotic division to complete meiosis , at which time the daughter cells detach from the residual body to become spermatids . The L4 hermaphrodite gonad contains essentially similar primary and secondary spermatocytes prior to switching to produce oocytes during adult life. See Primary spermatocyte See Secondary spermatocyte See Spermatid See Spermatogenesis",FALSE,,FALSE,FALSE,,,,,
S,spermatogenesis,FALSE,FALSE,Spermatogenesis,,,,"The process by which immature germ cells develop within the gonad from spermatogonial stem cells into spermatocytes, spermatids, and then mature spermatozoa (for more detail see L'Hernault, 2006 ). See Spermiogenesis",FALSE,,FALSE,FALSE,,,,,
S,spermatogenesisdefective,FALSE,FALSE,Spermatogenesis defective,,,,"A class of genetic mutants in which the affected adults produce defective sperm , and are therefore infertile (for more detail see L'Hernault, 2006 ).",FALSE,,FALSE,FALSE,,,,,
S,spermatogonialstemcells,FALSE,FALSE,Spermatogonial stem cells,,,,"Mitotically active diploid germ cells which are connected together via a central canal known as the rachis . They proliferate in the neighborhood of the distal tip cell of the proximal gonad, beginning in the early L4 stage and continuing to divide until late L4 stage (in the hermaphrodite) or throughout the fertile lifespan (in the male gonad). When these cells detach from the rachis they each become a primary spermatocyte . See Rachis",FALSE,,FALSE,FALSE,,,,,
S,spermatogonialtestis,FALSE,FALSE,Spermatogonial testis,,,,"The distal region of the male gonad where the mitotic germline cells lie beneath a basal lamina, some in direct contact with two distal tip cells. This can be considered the distal testis, while the proximal testis is called the seminal vesicle .",FALSE,,FALSE,FALSE,,,,,
S,spermatozoon,FALSE,FALSE,Spermatozoon/ Spermatozoa/ Sperm,,,,"The fully mature male germ cell. It is haploid and fertilizes a haploid oocyte in order to produce a diploid embryo. In the nematode, the spermatozoon has no flagellum, but moves by amoeboid motion led by a pseudopod. It contains a condensed nucleus, tightly packed mitochondria and several distinctive membranous organelles . See Pseudopod",FALSE,,FALSE,FALSE,,,,,
S,spermiogenesis,FALSE,FALSE,Spermiogenesis,,Sperm cell differentiation,,"The final steps of sperm maturation where it forms its pseudopod, acquires the ability to crawl and becomes competent to fertilize an oocyte. In hermaphrodites, this stage begins when the spermatids arrive in the spermatheca. In males, mating triggers spermiogenesis. This is a quick process (about 5 minutes) and does not require any new gene expression or protein synthesis. See Spermatid See Spermatozoon",FALSE,,FALSE,FALSE,,,,,
S,spheroids,FALSE,FALSE,Spheroids,,,,Archaic term for dense-staining inclusions in the intestine that are non-birefringent. See Gut granule See Rhabditin,FALSE,,FALSE,FALSE,,,,,
S,sphinctercell,FALSE,FALSE,Sphincter cell,,,,See Sphincter muscle,FALSE,,TRUE,FALSE,,,,,
S,sphinctermuscle,FALSE,FALSE,Sphincter muscle,,,,"Several smooth muscle cells may act as sphincters for different organs, including the anal sphincter cell ( mu sph ), the spermathecal uterine valve (sujn), and possibly the control of the vas deferens and the m8 muscle of the pharynx. See Anal sphincter muscle See m8 muscle cell See sujn",FALSE,,FALSE,FALSE,,,,,
S,sphinctervalve,FALSE,FALSE,Sphincter valve,,Rectal valve,,See Rectal valve,FALSE,,TRUE,FALSE,,,,,
S,spicularpouch,FALSE,FALSE,Spicular pouch,,,,Archaic term See Gubernaculum,FALSE,,FALSE,FALSE,,,,,
S,spicule,FALSE,FALSE,Spicule,,,,"Two elongated sclerotized structures in the male tail which are actively everted during copulation to fasten the male copulatory fan to the hermaphrodite vulva. They consist of a long narrow tissue extension covered by a hardened layer of cuticle and are housed within bilateral spicule channels . The spicules are controlled by specialized muscles and contain specialized sensilla . Internal spicule tissue includes process extensions from neurons, socket and sheath cells and a thin hypodermal covering, similar to the rays. In some species of nematode (not C. elegans ), the spicules open at the tip via a pore to allow the internal sensory cilia to be exposed to the exterior (Clark and Shepherd, 1977).",FALSE,,FALSE,FALSE,,,,,
S,spiculechannel,FALSE,FALSE,Spicule channel,Spicule pouch (archaic),,,"A long narrow cuticle lined canal which indents into the gubernaculum in the male tail . The canal is formed by the spicule sheath cells and opens to the exterior. The two spicules are housed within these two parallel canals when at rest, but can be extended out of the canals by action of the spicule protractor and gubernaculum evertor muscles. See Amphid channel See Gubernaculum",FALSE,,FALSE,FALSE,,,,,
S,spiculeinsertion,FALSE,FALSE,Spicule insertion,,,,A step in mating behavior in which the male inserts his spicules into the vulva of the hermaphrodite in order to secure a firm grip on her prior to sperm ejaculation. Spicules are pushed outward from the spicule channels by the action of the spicule protractor muscles of the male tail.,FALSE,,FALSE,FALSE,,,,,
S,spiculemuscle,FALSE,FALSE,Spicule muscles,,,,The spicules are associated with three sets of muscles. See Anal depressor muscle See Protractor muscle See Retractor muscle,FALSE,,FALSE,FALSE,,,,,
S,spiculewithdrawal,FALSE,FALSE,Spicule withdrawal,,,,"A late step in male mating in which the male retracts his spicules, releasing his grasp on the vulva of the hermaphrodite. Spicules are pulled back into the spicule channels by action of the spicule retractor muscles . See Male mating behavior See Spicule See Spicule channel",FALSE,,FALSE,FALSE,,,,,
S,spikecell,FALSE,FALSE,Spike cell,,Tail spike,ABplppppppa ABprppppppa,"Two short-lived hypodermal cells in the early embryo which fuse to form a syncytium by the tadpole stage.Thse cells undergo programmed cell death during late embryogenesis at which time they leave behind a narrow spike of cuticle, often called the tail spike ( Sulston et al., 1983 ). See Tail spike",FALSE,,FALSE,FALSE,,,,,
S,spindle,FALSE,FALSE,Spindle,,Mitotic spindle,,"Most often refers to the mitotic or meiotic spindle formed by microtubules for properly alignment and separation of the chromosomes during nuclear division. Alternately, the same term has been used in older nematode literature to refer to the contractile filament lattice of the muscle sarcomere (Bird and Bird, 1971, 1991).",FALSE,,FALSE,FALSE,,,,,
S,spindleforce,FALSE,FALSE,Spindle force,,,,"The balance of forces, derived from opposing forces produced by many microtubule-based motors operating along the astral microtubules, which collectively pull upon and give shape to the mitotic spindle.",FALSE,,FALSE,FALSE,,,,,
S,spindleorientation,FALSE,FALSE,Spindle orientation,,,,"Proper orientation of the spindle is critical during the early divisions of the embryo ( one cell , two to six cell ) as rotation of the spindle aids results in asymmetric cell division and establishes the principal axes of the nematode body plan ( Gönczy and Rose, 2006 ).",FALSE,,FALSE,FALSE,,,,,
S,spine,FALSE,FALSE,Spine,,,,"A term sometimes used to refer to a local synaptic branch of a neuron. Such structures can be very prominent in larger nematodes such as Ascaris ( Rosenbluth, 1965 ). In C. elegans the term is rarely used, as most synapses occur en passant, and synaptic branches tend to be small and rather inconspicuous.",FALSE,,FALSE,FALSE,,,,,
S,spinneret,FALSE,FALSE,Spinneret,,,,"A type of caudal gland common in aquatic and marine nematodes whose function is to secrete material from the extreme tail tip that acts to cement the worm to the substrate. A valve-like structure may control secretory output (Lippens, 1974). No structure of this type is found in C. elegans .",FALSE,,FALSE,FALSE,,,,,
S,spliceosome,FALSE,FALSE,Spliceosome,,,,"A large, multi-component ribonucleoprotein complex which performs the two transesterification reaction steps of pre-mRNA splicing (see Zahler, 2005 for more details).",FALSE,,FALSE,FALSE,,,,,
S,spontaneousmale,FALSE,FALSE,Spontaneous male,,,,"Male progeny are generated by two mechanisms in the nematode: 1) During sexual reproduction according to the distribution of X chromosomes among progeny. When an XX hermaphrodite mates with an XO male, half of the progeny will receive a nullo-X sperm producing an XO karyotype and become males. 2) The self-progeny of hermaphrodites can also become male by the “spontaneous” loss of one X chromosome during meiosis in the germline. These males are identical to males produced from sexual reproduction in development and behavior and can only reproduce by sexual interaction with another hermaphrodite. Spontaneous males occur at a rate of 1/700 to 1/2000 in wild type C. elegans (Bergerac vs Bristol strains) but are more frequent in him mutant strains in which segregation of the X chromosome is disturbed (Nigon, 1949; Hodgkin et al., 1979 ; Hodgkin, 1980 ). See Male stock See Nullo-X sperm",FALSE,,FALSE,FALSE,,,,,
S,sprinting,FALSE,FALSE,Sprinting,,,,"A behavior seen in adult hermaphrodites, in which they rapidly move forward when touched by the tail of a male animal, evading copulation ( Barker, 1994 , Kleemann and Emmons, 2005 ).",FALSE,,FALSE,FALSE,,,,,
S,spur,FALSE,FALSE,Spur,,,,"A form of muscle arm, reaching into nerve ring from the muscle plate.",FALSE,,FALSE,FALSE,,,,,
S,squatphenotype,FALSE,FALSE,Squat phenotype,,,,A body morphology defect resulting from defects in the cuticle collagen genes. These animals often have a rolling phenotype and can be dumpy as well.,FALSE,,FALSE,FALSE,,,,,
S,SR,TRUE,FALSE,SR,,,,See Sarcoplasmic reticulum,FALSE,,TRUE,FALSE,,,,,
S,sscells,FALSE,FALSE,SS cells,,,,"Primordial stem cells of the somatic gonad that are fated to produce sheath and spermathecal lineages; these include Z1.ap , Z1.paa , Z4.app and Z4.pa .",FALSE,,FALSE,FALSE,,,,,
S,stack,FALSE,FALSE,Stack/ Stacking,,,,"A set of seven organized syncytial epithelial toroids ( A-F ), or rings, which line the vulval entryway sequentially form a narrow tube that has been called the stack, since each ring of cells sits atop neighboring rings above and below ( Podbilewicz, 2000 ). The process by which the epithelial cell group migrate to surround the vulval channel has been called “stacking”. See Ring cell See Toroidal cells See Vulva",FALSE,,FALSE,FALSE,,,,,
S,stackedmembrane,FALSE,FALSE,Stacked membrane,,,,"Different types of membranes form parallel stacks in different orientations. 1) In the plasma membrane, specialized secretion units consist of parallel infoldings that form uniformly spaced stacks that enclose specialized extracellular spaces that may be essential for secretion of elongated molecules, such as collagen, for the cuticle. 2) The cytoplasmic membranes of the Golgi apparatus can form stacks of closely apposed balloons of membrane which enclose specialized environments involved in segregation and maturation of secreted proteins prior to their shipment to the plasma membrane. 3) The membranes of the endoplasmic reticulum can become closely stacked in parallel within the cytoplasm. 4) Inside the mitochondrion , short membrane elements can be closely apposed to form “cristae”. See Cristae See Endoplasmic reticulum See Golgi See Secretory stack",FALSE,,FALSE,FALSE,,,,,
S,staging,FALSE,FALSE,Staging,,,,"Methodology for evaluating a particular developmental time point, or “stage”. A wide variety of physical attributes have been used to characterize these time points, from time of egg-laying, time of hatching, time of molting, time of the onset of egg-laying, or discrete moments in development (particular cell divisions, appearance of a distinctive tissue structure). Some methods involve selecting single animals when that appearance is noted, other methods involve synchronizing masses of animals according to re-feeding a starved population, selecting “hatchees” or new eggs in a time window. See Egg plate See Hatch-off See Lay-off",FALSE,,FALSE,FALSE,,,,,
S,stegostom,FALSE,FALSE,Stegostom,,,,"The anterior portion of pharynx, including the posterior buccal capsule (surrounded by the pharyngeal epithelium ), the flaps , and the portions surrounded by pm1 and pm2 muscles ( Dolinski et al., 1998 ; Dolinski and Baldwin, 2003 ).",FALSE,,FALSE,FALSE,,,,,
S,stemcell,FALSE,FALSE,Stem cell,,Blast cell,,"In higher animals this term usually refers to a cell that remains undifferentiated into juvenile or adult life and which is still capable of further (unlimited) cell divisions to later produce a variety of different cell types (perhaps being totipotent). In the C. elegans gonad, the undifferentiated cells in the distal gonad ( mitotic zone ) fit this definition best. Although their immediate daughters only go on to become spermatocytes or oocytes or to undergo programmed cell death, their distant progeny (after mating) are totipotent. They can undergo many divisions and are nearly immortal. Among C. elegans somatic cells, the term is most often used to refer to (differentiated) cells that are capable of undergoing repeated cell divisions to produce new daughter cells of various types, while at each division, one daughter retains the initial cell fate. Examples include the seam cells , which can repeatedly divide while one daughter retains the seam cell fate after each division. These cells are not truly totipotent, but produce a limited, predictable set of daughters, and unlike in higher animals, these cells have a differentiated phenotype themselves. The P ventral neuroblasts are another example since they also display a stem cell-like division pattern and they remain undifferentiated into larval life at which point they undergo a fixed number of divisions to produce a limited range of progeny. See Blast cell See Seam cell",FALSE,,FALSE,FALSE,,,,,
S,stemcellpattern,FALSE,FALSE,Stem cell pattern,,Asymmetric lineage pattern | Asymmetric cell division,,"A pattern of cell divisions where the precursor cell produces two daughter cells of unequal shape and/or size, which usually go on to adopt different cell fates. Such divisions often occur across the anterior/posterior plane, or the dorsal/ventral plane. These are very common in most C. elegans lineages . See Symmetrical cell division",FALSE,,FALSE,FALSE,,,,,
S,sterile,FALSE,FALSE,Sterile,,Infertile,,Incapable of producing new progeny or new fertile gametes. See Infertile See Gravid See Post-reproductive,FALSE,,FALSE,FALSE,,,,,
S,stoma,FALSE,FALSE,Stoma,,Buccal cavity,,"The most anterior region of the digestive tract, anterior to the pharynx. It is comprised of three subregions, the cheilostom, prostom, and telostom",FALSE,,FALSE,FALSE,,,,,
S,stomatodeum,FALSE,FALSE,Stomatodeum,,,,See Stomodeum,FALSE,,TRUE,FALSE,,,,,
S,stomatointestinalmuscle,FALSE,FALSE,Stomatointestinal muscle,,,,"Formed from two cells, this is the only muscle associated with the intestine and is located at its posterior end . Its myofilaments run principally longitudinally , and their attachments are diffuse: medially to the intestine (smooth muscle-like) and peripherally to several points along the bodywall, dorsal, ventral and lateral (single sarcomere-like). Contraction of these muscles pressurizes the intestinal contents near the posterior end of the intestine, thus promoting defecation. They contract simultaneously with the anal depressor and anal sphincter muscles during the EMC step of the defecation motor program .",FALSE,,FALSE,FALSE,,,,,
S,stomatostyle,FALSE,FALSE,Stomatostyle,,,,"A form of hollow stylet found in some parasitic nematodes, used for sucking fluids from the host plant or animal prey. It is often protusible from out of the mouth, controlled by stylet muscles, and may be formed by keratinized buccal cuticle. See Odontostyle See Stylet",FALSE,,FALSE,FALSE,,,,,
S,stomatous,FALSE,FALSE,Stomatous,,,,Having a mouth or mouth-like opening. See Stomodeum,FALSE,,FALSE,FALSE,,,,,
S,stomaodeum,FALSE,FALSE,Stomodeum,,Stomodaeum | Stomatodeum,,"Refers collectively to the pharynx and buccal cavity, the most anterior portions of the alimentary system. The lips and buccal opening (mouth) may also be considered as part of the stomodeum.",FALSE,,FALSE,FALSE,,,,,
S,stressfiber,FALSE,FALSE,Stress fiber,,,,"A very broad aggregation of parallel sets of intermediate filaments, anchored to the plasma membrane of a cell to provide strength to the cell shape. They are common in epithelia that are normally under severe mechanical stress. See Intermediate filament",FALSE,,FALSE,FALSE,,,,,
S,stressreceptor,FALSE,FALSE,Stretch receptor,,Stretch activated channel | Stretch sensitive channel,,"Postulated function of long undifferentiated neurites along the longitudinal nerves, especially those extended processes of motoneurons that have no regional involvement in synapses. They have been postulated to coordinate local motor neuron activity in order to create a smooth sinusoidal body motion ( Neibur and Erdos, 1991 ). A stretch receptor neuron that regulates sensory-motor integration during locomotion was identified after characterization of the C. elegans homologue to the mechanosensitive TRPN channel, trp-4 , revealed that it acts in a single neuron, DVA , to mediate its function. ( Li et al., 2006 ). See Sinusoidal wave See Locomotion",FALSE,,FALSE,FALSE,,,,,
S,striatedmuscle,FALSE,FALSE,Striated muscle,,Somatic muscle | Obliquely striated muscle,,"A multiple sarcomere muscle cell in which the thin and thick filaments adopt highly ordered patterns , with the thin filaments anchored at dense bodies . In C. elegans , there are 95 body wall muscles that have this obliquely striated pattern, with several sarcomeres (motor units) lying next to one another in an orderly array , running at a slight angle to the body axis. This organization produces periodic striations and filament banding patterns, such as the M-line, Z-band, and A-band. More specialized muscles in C. elegans typically consist of single well-ordered sarcomeres, in which the thin filaments are again highly ordered and anchored to well defined dense body structures, but these “single sarcomere” muscle cells are included in the non-striated class. Obliquely striated muscles are common across many nematode species ( Rosenbluth, 1965 ). See Muscle See Obliquely striated See Thick filament See Thin filament",FALSE,,FALSE,FALSE,,,,,
S,striatedrootlet,FALSE,FALSE,Striated rootlet,,Ciliary rootlet,,"A filamentous specialization within some types of sensory dendrite (eg. cephalic sensillum , inner labial sensillum , male ray ), usually extending proximally from the basal body, perhaps consisting of microtubules or intermediate filaments, which shows parallel striations when viewed in lengthwise section along the dendrite. They can vary in length from less than 1 micron to 4-8 microns or more.",FALSE,,FALSE,FALSE,,,,,
S,structuralcell,FALSE,FALSE,Structural cell,RnstL/R,Support cell | Structural element,,"In male sensory rays , a structural cell provides the combined duties of both a sheath cell and socket cell. The distal process of the structural cell is enlarged to form a protective surrounding for the ciliated endings of the two ray neurons, forms a narrow opening to the exterior environment, and is tightly sealed to the overlying hypodermis within the tail fan cuticle by adherens junctions . By analogy one could use this term to refer collectively to the sheath cells or socket cells of other sensilla.",FALSE,,FALSE,FALSE,,,,,
S,strut,FALSE,FALSE,Strut,,,,"A thick, electron dense connecting element between outer layers in the adult cuticle.",FALSE,,FALSE,FALSE,,,,,
S,stutterturn,FALSE,FALSE,Stutter turn,,,,See Turning,FALSE,,TRUE,FALSE,,,,,
S,stylet,FALSE,FALSE,Stylet,,Stomatostylet (S) Odontostylet,,"A specialized form of feeding structure (a specialization of the buccal cavity and cuticle) in some parasitic species of nematodes, but not found in C. elegans , adapted particularly for the food of choice, such as to attach to a plant stem. In some species, the stylet may be extensible or retractable, and these structures can vary widely in form . See Odontostyle See Stomatostyle",FALSE,,FALSE,FALSE,,,,,
S,subcuticle,FALSE,FALSE,Subcuticle,,,,"This term has had multiple conflicting usages: 1) Used (conventionally) as a synonym for hypodermis (Bonner et al., 1970; Lewbart, 2006). 2) Used (uniquely) to define a region between, or spanning, the basal cuticle and the hypodermal membrane , thus being neither cuticle nor hypodermis per se (Perkins et al., 1987). 3) Used (oddly) to define a layer of the cuticle , perhaps equivalent to an outer basal lamina just under the basal cuticle (DeGrisse and Roman, 1974; DeCraemer et al., 2003 ). See Basal zone",FALSE,,FALSE,FALSE,,,,,
S,sublateralnervecord,FALSE,FALSE,Sublateral nerve cord,,Sublateral cord | Submedian nerve cord,,"A set of four minor longitudinal nerve cords that run most of the length of the body beneath each muscle quadrant (subdorsal or subventral positions), or more posteriorly, just lateral to the muscle quadrant in sublateral positions. These nerves form cryptic synapses onto the bodywall muscles of unknown function (Hall, Rand and Duerr, unpublished).",FALSE,,FALSE,FALSE,,,,,
S,sublineage,FALSE,FALSE,Sublineage,,,,"A characteristic pattern of cell divisions that occurs in many different lineages, usually in order to produce homologous cell groups. Such a pattern is found in the lineage of the male rays .",FALSE,,FALSE,FALSE,,,,,
S,suicide,FALSE,FALSE,Suicide,,,,"A proposed mode of cell death in which a decision is made within the cell nucleus to initiate a series of cellular changes in both the nucleoplasm and cytoplasm resulting in eventual death of the cell by apoptosis ( Hedgecock et al., 1983 ; Conradt and Xue, 2005 ). The same term might be applied to a whole animal that wanders off of a culture plate in search of different environmental conditions, although it is assumed that such animals are seeking better conditions, and not the termination of their life. See Apoptosis See Murder See Necrosis",FALSE,,FALSE,FALSE,,,,,
S,sujccell,FALSE,FALSE,sujc cell,,Spermathecal uterine core cell | Core cell,Z1.papaapd Z4.apaaapd,This binucleate cell forms an early plug which blocks passage through the sujn valve during morphogenesis. Each core cell is presumably displaced and/or undergoes apoptosis prior to the passage of the first germ cells through the spermatheca. The core cells derive as granddaughters of r cells in the uterine lineages. See Spermatheca uterine valve See sujn cell,FALSE,,FALSE,FALSE,,,,,
S,sujncell,FALSE,FALSE,sujn cell,,Spermathecal uterine junction cell | Spermathecal valve,Z1.papapaaa Z1.ppaaaaa Z1.ppaaapa Z4.apaapaaa,"The valve cells likely act as a sphincter muscle, consisting of four fused cells separating the uterus from the spermatheca; they are granddaughters of r cells in the uterine lineages See Spermatheca uterine valve See sujc cell",FALSE,,FALSE,FALSE,,,,,
S,supernumerarycell,FALSE,FALSE,Supernumerary cell,,Extra cell,,"A cell that is exists in excess of the normal number for a given structure or tissue, perhaps in response to a mutation or developmental anomaly; that is to say an “extra cell” of that category or for that position.",FALSE,,FALSE,FALSE,,,,,
S,supernumerarymicrotubules,FALSE,FALSE,Supernumerary microtubules,,,,A class of singlet microtubules extending in the distal cilia of some sensory neurons which do not extend directly from the cylinder of microtubules forming the transition zone. They are in addition to those which comprise the axoneme itself.,FALSE,,FALSE,FALSE,,,,,
S,supportcell,FALSE,FALSE,Support cell,,Sheath cell | Socket cell | Structural cell | Accessory cell,,See Neuronal support cells,FALSE,,TRUE,FALSE,,,,,
S,surfacecoat,FALSE,FALSE,Surface coat,,Glycocalyx (S) Envelope,,"This term has multiple meanings: 1) It can refer to non-collagenous material lying external to the epicuticle . This material often consists of glycoproteins secreted from the sensory orifices, the pharyngeal glands, and/or the excretory system, to cover the outer vitelline membrane in a patchy fashion (for detail, see Page and Johnstone, 2007 ). 2) This term can refer to the glycocalyx , a set of glycoproteins covering the external surface of lumenal membranes of the various organ systems, including intestine, excretory canal, uterus and spermatheca. 3) This term could refer to the non-membranous outer covering of the young unfertilized embryo, and to the outer vitelline layer of the eggshell after fertilization. See Glycocalyx",FALSE,,FALSE,FALSE,,,,,
S,swimming,FALSE,FALSE,Swimming,,Thrashing,,"Nematode body motion when placed into a liquid environment. Some species swim or move effectively in liquid, especially marine species, whereas others are poor swimmers ( Nicholas, 1975 ). C. elegans’ motion in liquid has often been described as thrashing, since the animals generally fail to make rapid forward progress. C. elegans may swim better in liquids of thicker viscosity or in very shallow liquids, where surface tensions may contribute additional traction. The body shape during swimming seems to flex all muscles on one side almost simultaneously, unlike its sinuous body shape during crawling . When this motion starts near the head, it is termed a “forward swim” and when motion initiates near the tail it is termed a “reverse swim” ( Faumont et al., 2005 ). See Crawling See Locomotion See Thrashing",FALSE,,FALSE,FALSE,,,,,
S,switchedresponse,FALSE,FALSE,Switched response,,,,"A mechanism for response to a stimulus that involves both klinokinesis and klinotaxis, and adaptation to the stimulus. It has been proposed that C. elegans may use this mechanism in generating its normal sinusoidal motion on a substrate ( Dusenbery, 1980 ). See Kinesis See Taxis",FALSE,,FALSE,FALSE,,,,,
S,symbiont,FALSE,FALSE,Symbiont,,,,"A creature (animal, plant, or bacteria) that lives in a permanent or prolonged relationship with another. An endosymbiont lives within the tissues of the host, while an exosymbiont lives on the body surface of the host. See Symbiosis",FALSE,,FALSE,FALSE,,,,,
S,symbiosis,FALSE,FALSE,Symbiosis,,,,"A living arrangement in which two animals, usually of different species, which live in close proximity with beneficial consequences for at least one member. Some nematodes are internally parasitized by Wolbachia bacteria in a relationship that seems to actually help the nematode’s fertility and growth rate ( Foster et al., 2005 ; Taylor and Hoerauf, 2001 ).",FALSE,,FALSE,FALSE,,,,,
S,symmetricalcelldivision,FALSE,FALSE,Symmetrical cell division,,Symmetric lineage pattern,,"A division in which both daughter cells go on to adopt similar morphology, and parallel or identical cell fates; such divisions usually occur across transverse planes. This type of cell division is fundamentally different from the unequal cell divisions and unequal cell fates seen in “stem cell” lineages. Few lineages within C. elegans adopt symmetric cell divisions, except in the germline and a few mesodermal and endodermal lineages. See Asymmetrical cell division See Stem cell pattern",FALSE,,FALSE,FALSE,,,,,
S,synapse,FALSE,FALSE,Synapse,,Chemical synapse | Electrical synapse | Neuromuscular junction | Synaptic contact,,"This term can refer to several different structural features: 1) A chemical synapse is a communicating intercellular structure in which a chemical neurotransmitter is released from presynaptic vesicles in a neuron process into the synaptic cleft, after which one or more postsynaptic neurons are influenced via membrane-bound receptors in their plasma membranes adjacent to the cleft. A neuromuscular junction is a specialized form of chemical synapse involving a presynaptic motor axon and one or more postsynaptic muscle elements. In C. elegans synapses, there is little or no visible specialization of the postsynaptic membrane, but the presynaptic terminal always features a presynaptic density and a cluster of vesicles. In C. elegans most are en passant structures, not involving a terminal branch for either the presynaptic or postsynaptic members. 2) An electrical synapse is a communicating intercellular structure, often referred to as a gap junction, in which the plasma membranes of two adjoining cells are held in close proximity by a cluster of intramembrane proteins in each membrane that fuse on their extracellular faces to create a series of narrow patent intercellular channels. Such gap junctions occur commonly between neurons, but in C. elegans they are also common between many types of epithelia, and between muscle arms. 3) Archaically, this term sometimes was used to refer to a place of joining of two elements, what is now more properly called a “ synapsis ”. See Dyadic synapse See Monadic synapse See Triadic synapse See Reciprocal synapse",FALSE,,FALSE,FALSE,,,,,
S,synapsis,FALSE,FALSE,Synapsis,,Pairing,,"An event during meiotic prophase during which homologous chromosomes form linear pairs or “bivalents”, closely bound (synapsed) along their length, so that corresponding segments of each chromosome are paired to that portion of their neighbor. See Synaptonemal Complex",FALSE,,FALSE,FALSE,,,,,
S,synapticcleft,FALSE,FALSE,Synaptic cleft,,Cleft,,"The extracellular space lying immediately under the active zone at a chemical synapse. While; the space immediately between the pre-synaptic and post-synaptic membranes at a chemical synapse is often widened in higher animals, in C. elegans the space remains quite narrow and not so distinctively organized.",FALSE,,FALSE,FALSE,,,,,
S,synapticdensity,FALSE,FALSE,Synaptic density,,Presynaptic density,,"A small electron dense bar lying in the cytoplasm against the plasma membrane of a presynaptic neuron, around which are clustered the synaptic vesicles at a chemical synapse.",FALSE,,FALSE,FALSE,,,,,
S,synpaticplasticity,FALSE,FALSE,Synaptic plasticity,,,,"A change in relative strength of a synaptic connection in time, either due to progressive neural development, or in relation to ongoing activity patterns of the synapse. Such changes can include simple forms, such as habituation or sensitization, or complex ones associated with learning and memory.",FALSE,,FALSE,FALSE,,,,,
S,synapticterminal,FALSE,FALSE,Synaptic terminal,,,,Pre-synaptic and postsynaptic,FALSE,,FALSE,FALSE,,,,,
S,synaptictransmission,FALSE,FALSE,Synaptic transmission,,Neurotransmitter release,,"Refers to the process of information transfer between two neurons; usually in reference to chemical synapses, but can also be used to refer to electrical synapses ( Richmond, 2005 ).",FALSE,,FALSE,FALSE,,,,,
S,synapticvesicle,FALSE,FALSE,Synaptic vesicle,,,,"A small membrane-bound organelle, filled with neurotransmitter(s) and/or neuropeptides, which occur in clusters at presynaptic sites in neuronal processes. They vary in size from 30-50 nm in diameter, and their constituents may originate from somewhat larger transport vesicles produced in the neuron soma ( Hall and Hedgecock, 1991 ). Synaptic vesicles release their contents into the synaptic cleft by vesicle fusion (exocytosis) with the presynaptic membrane, at sites immediately adjacent to the presynaptic density, as the key aspect of neurotransmission ( Richmond, 2005 ). Afterwards their vesicle membrane may immediately re-form an empty vesicle (“kiss and run” synaptic transmission) or the membrane may fuse fully into the plasma membrane and later be reformed at the periactive zone to form an empty vesicle by endocytosis.",FALSE,,FALSE,FALSE,,,,,
S,synapticvesiclecycle,FALSE,FALSE,Synaptic vesicle cycle,,,,"An endocytic cycle that recycles synaptic vesicles. Vesicles loaded with transmitter are mobilized to the plasma membrane where they dock, prime and become fusion competent. Upon a rise in calcium levels, neurotransmitter is released and the vesicle is translocated and recycled via clathrin-mediated endocytosis ( Richmond, 2005 ). See Endocytosis",FALSE,,FALSE,FALSE,,,,,
S,synaptonemalcomplex,FALSE,FALSE,Synaptonemal complex,,,,"A distinctive layered structure, with a zipper-like appearance, which binds two condensed chromosomes together during the pachytene stage of the cell cycle. An array of protein modules hold the homologous chromosomes in co-alignment; these protein modules comprise the “zipper” and are the basis of the synaptonemal complex. The complex remains intact until later in meiotic prophase before disassembly, and its appearance is considered a hallmark of this stage in meiosis ( Colaiacovo et al., 2003 ).",FALSE,,FALSE,FALSE,,,,,
S,synchronousculture,FALSE,FALSE,Synchronous culture,,Synchronized worms | Synchronized plates | Synchronous population,,"A culture of animals manipulated to so that all surviving members of the population are in the same narrow range of developmental stages.This can be accomplished by various techniques, including selective killing of all other stages (by detergent or bleach treatment , for instance), or by the collection of simultaneous newly hatched animals from an “egg plate”, or by beginning with starved young larvae and placing them on new food all together. See Egg plate See Hatch-off See Lay-off",FALSE,,FALSE,FALSE,,,,,
S,syncytium,FALSE,FALSE,Syncytium/ Syncytial,,,,"Several cell types in C. elegans commonly fuse their plasma membranes to form syncytial compartments of 2-50 or more cells. This is especially common in hypodermal tissues , among the pharyngeal muscle cells , some gland cells and in the vulval toroids as well as some other reproductive structures such as the spermathecal-uterine valve (sujn) . In addition, the germline forms a syncytium via linkages to a central rachis . Some cell processes (of neurons or glands) fuse distally to form a single larger process “axon ring” or a process which forms a complete ring around another object, as in the nerve ring or pharynx. The early scientific literature on nematodes (prior to electron microscopy) identified many additional “syncytia” which have not been found in subsequent ultrastructural studies. Thus Goldschmidt (1908, 1909) incorrectly reported many fused neurons in Ascaris. The plexus of muscle arms at the motor endplates were often described as a syncytium, but are not actually fused, although they are electrically coupled (Weisblat and Russell, 1976; Johnson and Stretton, 1980 ). See Axon ring See Rachis See SET See Toroidal cells",FALSE,,FALSE,FALSE,,,,,
S,syngamy,FALSE,FALSE,Syngamy,,Amphimixis,,"Fusion, as it relates to fertilization via two germ cells, egg and sperm.",FALSE,,FALSE,FALSE,,,,,
S,sysphenotype,FALSE,FALSE,sys phenotype,Symmetric sisters phenotype,,,"A genetic mutation which causes a failure of the asymmetric cell division of the Z1 and Z4 blast cells in the somatic germline such that both daughter cells ( Z1.a and Z1.p , etc.) are equivalent in size and adopt the same fates, producing an AC/VU precursor but never a DTC fate. The resulting gonad fails to extend out “arms” from the developing germline, and instead produces a single central mass of germ cells near the vulva ( Miskowski et al., 2001 ).",FALSE,,FALSE,FALSE,,,,,
T,t,FALSE,FALSE,T cell,,Tail precursor cell,TL TR,"Tail lateral ectoblasts that give rise to neurons, hypodermis and glial lineages. While initially identical, after the L2 lethargus the T cell lineages become markedly different between males and hermaphrodites helping to provide the sexually dimorphic tail structures found in males.",FALSE,,FALSE,TRUE,entity_id == cell name,,,,
T,ttubule,FALSE,FALSE,T tubule,,Transverse tubule,,"A tubular compartment found in vertebrate muscle cells, extending inward from the plasma membrane in the region near the sarcomeres, probably separate from the SER compartment. These tubules are thought to form a network of membranes that penetrate and span the cross section of each muscle promoting the propagation of contractile (electrical) signals from the surface membrane directly to the region of the muscle filaments. Identical structures have not been identified in C. elegans , but there is a component of sarcoplasmic reticulum in bodywall muscle which may serve parallel functions, running as thin tubules near the sarcomeres and the dense bodies . See Sarcoplasmic reticulum",FALSE,,FALSE,FALSE,,,,,
T,tadpolestage,FALSE,FALSE,Tadpole stage,,1.5 fold stage,,"A ""tadpole"" looking embryonic stage in which the late gastrula consists of an enlarged anterior end (stomodeum) with a narrower, and more opaque, bit of tail lying just behind it within the eggshell. The elongation phase (and continued cellular morphogenesis) gradually converts the tadpole-like gastrula into a larval shape and the buccal cavity becomes apparent.",FALSE,,FALSE,FALSE,,,,,
T,tail,FALSE,FALSE,Tail,,,,"The most posterior region of the body. The anterior bound of the tail is ill defined though it might be marked as far forward as the position of the post-deirids, or as far posterior as the opening of the anus.",FALSE,,FALSE,FALSE,,,,,
T,tailbleb,FALSE,FALSE,Tail bleb,,,,"Any irregular swelling of the extreme tail tip, usually caused by a local defect in the normal smooth tapering of the hypodermis and/or cuticle.",FALSE,,FALSE,FALSE,,,,,
T,tailcurling,FALSE,FALSE,Tail curling,,,,See Curl,FALSE,,TRUE,FALSE,,,,,
T,tailknob,FALSE,FALSE,Tail knob,,,,"A common mutant phenotype in which the thin tapering of the tail whip is interrupted by a bulbous growth, often near the extreme tip ( Rio-Albrectsen et al., 2006 ).",FALSE,,FALSE,FALSE,,,,,
T,tailseam,FALSE,FALSE,Tail seam,,,,"The more posterior members of the seam cells along the lateral bodywall which do not fuse with the hypodermal syncytium. In the adult male seam , the 3 most posterior members on each side ( V5, V6 and T ) follow a different cell fate from the other seam cells, acting as stem cells to create the sensory rays. In late L4 the posterior daughters of the ray precursor cells ( R1.p-R5.p ) fuse together, appear seam-like and are called the tail seam SET ( Sulston et al., 1980 ). The tail seam does not produce alae. See SET",FALSE,,FALSE,FALSE,,,,,
T,tailspike,FALSE,FALSE,Tail spike,,,ABplppppppa ABprppppppa,"A pair of short-lived hyp cells in the tail tip which fuse to form a syncytium and then form a slender bundle of filaments over which the tail tip cuticle forms. These cells undergo cell death after 6 hours, leaving behind a narrow spike of cuticle ( Sulston et al., 1983 ). This thin cuticle specialization is often called the tail spike, while the cells may be called the tail spike cells. The posterior process of the tail spike has the appearance of a cilium filled with microtubules and wrapped by hyp10 . See Tail tip See Scaffold cell",FALSE,,FALSE,FALSE,,,,,
T,tailtip,FALSE,FALSE,Tail tip,,Tail spike,,"The most posterior portion of the tail, usually referring to that portion lying posterior to the phasmid openings. In all hermaphrodites and in younger males the tail tip adopts a very long tapered shape ending in a thin spike that may represent some 10-15% of the total body length (proportionately longer in hermaphrodites than in young males). The tail whip is the finest, thinnest part of the tail tip, more flexible than that portion near the phasmids. The tail tip is initially shaped by the tail spike cells which undergo programmed cell death late in embryogenesis and leave a narrow spike of cuticle. During the maturation of the male, the tail tip undergoes retraction in late L4 stage and then hypodermal remodeling to form the fan, rays, bursa, and copulatory apparatus of the adult male tail . Sensory endings of the immature male tail (such as those of PHC and PLM ) also become retracted and no longer extend into the posterior fan in the adult. See Retraction See Tail whip",FALSE,,FALSE,FALSE,,,,,
T,tailwaving,FALSE,FALSE,Tail waving,,,,See Nictation,FALSE,,TRUE,FALSE,,,,,
T,tailwhip,FALSE,FALSE,Tail whip,,,,"The thinnest part of the tail tip of the hermaphrodite, at the extreme posterior end, which is so narrow that it easily bends and flexes upon itself as the animal moves. The tail whip contains a few putative sensory endings ( PHC , nonciliated) surrounded only by a thin coating of hypodermis and the cuticle. These neuronal endings probably bend by 180° when the animal reverses direction, and may be activated by this bending. See Tail tip",FALSE,,FALSE,FALSE,,,,,
T,tapresponse,FALSE,FALSE,Tap response,,Tap reflex,,"A form of touch response that is elicited by repetitively hitting the culture plate to stimulate a behavioral response involving the touch dendrites. One can see this response by tapping the plate by hand, or hitting it against the microscope stage, but mechanical devices have been built to generate very reproducible repetitive taps ( Rankin et al., 1990 ). It is an excellent means to study behavioral habituation and dishabituation ( Rankin, 2005 ).",FALSE,,FALSE,FALSE,,,,,
T,taste,FALSE,FALSE,Taste,,,,"A form of chemosensation by which C. elegans can detect food and other environmental cues ( Hilliard et al., 2004 ). Taste and olfaction have been used to learning and habituation assays ( Jansen, 2005 ; Law and van der Kooy, 2005 ) .",FALSE,,FALSE,FALSE,,,,,
T,taxis,FALSE,FALSE,Taxis,,,,"An action that results in the animal orienting in response to a stimulus. This can be to move towards it (positive taxis) or away from it (negative taxis). Positive chemotaxis usually results in the animal traveling towards a higher concentration of a chemical signal. C. elegans has been shown to exhibit chemotaxis, phototaxis and thermotaxis. The regular motions of C. elegans on a culture plate may be a rather complex mixture of taxes and kineses ( Dusenbery, 1980 ). See Approach behavior See Avoidance behavior See Chemotaxis See Galvanotaxis See Kinesis See Phototaxis See Switched response See Thermotaxis See Tropotaxis",FALSE,,FALSE,FALSE,,,,,
T,teeth,FALSE,FALSE,Teeth,,,,See Tooth,FALSE,,TRUE,FALSE,,,,,
T,telamon,FALSE,FALSE,Telamon,,,,"Archaic term for a lateral portion of the cloacal cuticle enclosing the spicule channels. It is sclerotized to reinforce the channel, and together with the gubernaculum, it helps to direct the spicule extension outward. Not clear how the telamon is separated from the gubernaculum, except that the gubernaculum proper lies more dorsal and medial.",FALSE,,FALSE,FALSE,,,,,
T,telomere,FALSE,FALSE,Telomere,,,,"The distal end of a linear chromosome arm. The two endpoints of each chromosome are characterized by distinctive repetitive DNA sequences (TTAGGC) of 4-9 kb which may act to cap each chromosome and protect them from fusion and degradation ( Wicky et al., 1996 ). trt-1 has been identified as the C. elegans telomerase reverse transcriptase and is required to maintain telomere ends through successive generations ( Meier et al., 2006 ). While it appears that organismal adult life span is independent of telomere length ( Raices et al., 2005 ), maintenance of telomere length is required to preserve germ line immortality through successive generations ( Ahmed and Hodgkin, 2000 ).",FALSE,,FALSE,FALSE,,,,,
T,telophase,FALSE,FALSE,Telophase,,,,"A subdivision of M phase , during mitosis, during which separated daughter chromosomes concentrate at the two mitotic spindle poles and become surrounded by the reformed nuclear envelope.",FALSE,,FALSE,FALSE,,,,,
T,telorhabdion,FALSE,FALSE,Telorhabdion,,,,"A specialized cuticle formed by the telostom , covering the lumen of the pharynx at its junction with the buccal cavity, probably formed by the pm2 muscles of the pharynx. This zone forms a prominent constriction where the pharyngeal lumen is much narrower than the buccal cavity .",FALSE,,FALSE,FALSE,,,,,
T,telostom,FALSE,FALSE,Telostom,,End cavity,,"Previously known as the glottoid apparatus (archaic), it is the caudal portion of the buccal cavity, in register with the pharyngeal muscle cells pm2 . See Cheilostom See Prostom",FALSE,,FALSE,FALSE,,,,,
T,temperatureshiftanalysis,FALSE,FALSE,Temperature shift analysis,,,,"An experiment in which the developing nematode or mature animal is transferred from one environmental temperature to another in order to induce or prevent a temperature sensitive event, usually due to changes in gene expression or protein folding caused by the altered temperature. Such temperature shifts are often used sequentially on parallel populations to determine a “critical period” during which the event can be induced or repressed by the temperature shift.",FALSE,,FALSE,FALSE,,,,,
T,tendon,FALSE,FALSE,Tendon,,,,"An extended flexible extracellular matrix component that interconnects the basal laminae of two different nematode tissues. Such tendons (sometimes called “flexible tracks”) have been observed connecting the pharyngeal lamina to the lamina of the outer bodywall muscles ( Bumbarger et al., 2006 ; Axäng et al, 2007 ), and contain hemicentin and fibulin molecules ( Vogel and Hedgecock, 2001 ; Muriel et al., 2005 ; 2006 ).",FALSE,,FALSE,FALSE,,,,,
T,terminalbar,FALSE,FALSE,Terminal bar,,,,"Archaic term for a prominent form of adherens junction, more commonly called a belt desmosome or zonula adherens. See Adherens junction",FALSE,,FALSE,FALSE,,,,,
T,terminalbulb,FALSE,FALSE,Terminal bulb,,Postcorpus | Posterior bulb | Second bulb,,"A major subdivision of the pharynx, lying between the isthmus and the pharyngeal valve. The bulb contains several large radial pharyngeal muscles , some neurons , and three large gland cells ( Albertson and Thomson, 1976 ).",FALSE,,FALSE,FALSE,,,,,
T,terminaldifferentiation,FALSE,FALSE,Terminal differentiation,,,,"A cell’s exit from the cell cycle and final steps in differentiation into a mature member of a given tissue. Dividing blast cells generally show little or no cell specializations and remain capable of further cell divisions. In contrast, cells following a “terminal differentiation"" path seem to lose the capability to divide further, while adopting a final, specialized fate such as a neuron, muscle or intestinal cell.",FALSE,,FALSE,FALSE,,,,,
T,terminalduct,FALSE,FALSE,Terminal duct,,Excretory duct,,The secretions from the excretory system empty through this cuticle lined duct and pore located on the ventral side of the head .,FALSE,,FALSE,FALSE,,,,,
T,terminalphenotype,FALSE,FALSE,Terminal phenotype,,Arrest stage,,"Physical characteristics of an animal or tissue at its ultimate stage of development (for normal, wild type animals) or at the latest stage of aberrant development (for a mutant animal). In developmental mutants, the terminal phenotype is often characteristic of a particular subset of mutations and analysis may reveal an underlying developmental step that has been interrupted by those mutations. See Embryonic arrest See Monster",FALSE,,FALSE,FALSE,,,,,
T,terminalweb,FALSE,FALSE,Terminal web,,,,"A dense matrix of cytoskeletal proteins lying in the apical cytoplasm of intestinal cells , bounding the base of the microvilli. The terminal web forms a strong continuous sheet covering the entire apical zone, connected via adherens junctions to the terminal web in adjacent intestinal cells. Also found surrounding the lumen of the excretory canals . See Brush border",FALSE,,FALSE,FALSE,,,,,
T,testis,FALSE,FALSE,Testis,,,,"That portion of the reproductive tract in the male animal in which the germline is mitotic or meiotic, also known as the germinal zone. This usually also encompasses the portion which is distal to the vas deferens: the zone touching the DTC , the bare zone and the zone covered by the seminal vesicle . Some authors do not include the mitotic region as part of the testis, but define the spermatogonial region separately as the earliest structure, then the meiotic testis ( seminal vesicle ), followed by the vas deferens and cloaca (after Achanzar and Ward, 1997 ). See Spermatogonial testis",FALSE,,FALSE,FALSE,,,,,
T,tether,FALSE,FALSE,Tether,,,,"A physical linkage of an organelle to the surroundings by a string-like molecule (cytoskeletal element), much as a balloon is said to be tethered to a fixed point by a piece of string. A “tethered” organelle may thus be fixed in place by this cytoskeletal linkage, or it may be dragged through the cytoplasm to a new locale via a tether to a cytoskeletal motor protein, such as a kinesin. Where multiple tethers are present, an organelle’s overall shape may also be controlled or deformed.",FALSE,,FALSE,FALSE,,,,,
T,texture,FALSE,FALSE,Texture,,,,"A distinct category of touch sensation. While it has been noted that C. elegans exhibits a basal slowing response to the presence of bacteria, they were also found to slow their rate of locomotion in response to the presence of a matrix of sterile beads indicating a mechanosensory rather than chemosensory response to their presence ( Sawin et al., 2000 ) . Additionally, this response requires serotonin and functioning dopaminergic neurons ( Sawin et al., 2000 ) .",FALSE,,FALSE,FALSE,,,,,
T,thelytoky,FALSE,FALSE,Thelytoky,,Parthenogenesis,,"Describing the asexual production of a population consisting only of females. Parthenogenesis is a common condition in some nematode species, but not in C. elegans except as a mutant phenotype. See Parthenogenesis",FALSE,,FALSE,FALSE,,,,,
T,thermalavoidance,FALSE,FALSE,Thermal avoidance,,Heat avoidance,,"A form of negative thermotaxis in which the animal backs up when encountering a point source of high temperature (such as a hot scalpel or laser to heat the substrate) ( Wittenburg and Baumeister, 1999 ).",FALSE,,FALSE,FALSE,,,,,
T,thermokinesis,FALSE,FALSE,Thermokinesis,,,,A temperature-induced change in the rate of body motion that does not involve a reorientation of the body to the temperature gradient. See Kinesis See Thermotaxis,FALSE,,FALSE,FALSE,,,,,
T,thermoreceptor,FALSE,FALSE,Thermoreceptor,,Thermosensory ending,,"The highly branched microvilli of the left and right AFD dendrites are believed to be used in temperature sensation ( Cassata et al., 2000 ; Inada et al., 2006 ).",FALSE,,FALSE,FALSE,,,,,
T,thermosensation,FALSE,FALSE,Thermosensation,,,,"The ability to detect changes in temperature. C. elegans migrate along thermal climes and this behavior appears to be regulated by a single pair of sensory neurons ( AFD ). Nematodes tend to prefer temperatures where they find food. This behavior is so strong, that it can be used as a learning paradigm since, if deprived of food at a given temperature, C. elegans will then avoid this temperature when placed upon a thermal gradient ( Mohri et al., 2005 ). For more information see review by McKemy, 2007 . See Thermotaxis",FALSE,,FALSE,FALSE,,,,,
T,thermotaxis,FALSE,FALSE,Thermotaxis,,,,"A behavior in which the animal orients to a temperature gradient and chooses to either move towards warmer conditions (positive thermotaxis, or “up"" the temperature gradient), towards colder conditions (negative thermotaxis, or “down"" the gradient), or chooses to move along a course that avoids warmer or colder conditions (isothermal tracking) ( Hedgecock and Russell, 1975; Mohri et al., 2005 ; Mori, 2005 ) . See Avoidance behavior See Taxis",FALSE,,FALSE,FALSE,,,,,
T,thermotaxiscircuit,FALSE,FALSE,Thermotaxis circuit,,,,"The set of synaptic connections that modulate the animal’s response to temperature gradients, involving the thermosensory cell AFD . Temperature activation of AFD stimulates the interneuron AIY which activates the interneuron RIA . AIZ interneuron is also involved, but acts to inhibit RIA ( Mori and Oshima, 1995 ).",FALSE,,FALSE,FALSE,,,,,
T,thermotolerance,FALSE,FALSE,Thermotolerance,,,,"A reduced susceptibility to heat shock. As an individual's thermotolerance typically declines with age, an increase in thermotolerance is often correlated with increased longevity ( Lithgow et al., 1995 ) and has even been used as a way to screen for long-lived mutants ( Sampayo et al., 2000 ). A greater level of thermotolerance can also be induced as a pretreatment with a mild heat shock provides a level of heat shock resistance in the animals upon later exposure ( Yashin et al., 2001 ).",FALSE,,FALSE,FALSE,,,,,
T,thickfilament,FALSE,FALSE,Thick filament,,,,"A robust elongated cytoplasmic filament composed principally of myosin protein. In C. elegans , thick filaments also contain paramyosin ( unc-15 ) and twitchin ( unc-22 ) . These filaments assemble with actin to form the actomyosin filament lattice within muscle cells which is anchored to dense body structures (at actin filament endpoints) to form the basis of the “sarcomere” which provides force generation due to the sliding of thick filaments vs thin filaments within the lattice. When cytoskeletal proteins are compared in cross section , thin filaments < intermediate filaments < thick filaments < microtubules. See Actin See Myosin See Paramyosin See Twitchin",FALSE,,FALSE,FALSE,,,,,
T,thigmokinesis,FALSE,FALSE,Thigmokinesis,,,,"Movement, inhibition of movement, or change in movement (velocity or direction) in response to contact.",FALSE,,FALSE,FALSE,,,,,
T,thinfilament,FALSE,FALSE,Thin filament,,Actin (S) Microfilament,,"An extremely thin elongated cytoplasmic filament, usually composed principally of actin protein, which can assemble into any of several distinct forms, including a gel-like meshwork (g-actin), a tight bundle of parallel fibers (larger bundles are often called stress fibers, smaller bundles are often called f-actin), or can be interspersed with other filamentous proteins (e.g. myosin ) to form a myofilament lattice , as in muscle cells . These forms of filament are each an important member of the “cytoskeletal proteins” which physically hold the cell’s organelles to one another internally, and which connect via plasma membrane attachment plaques (intercellular junctions) to hold cells together into a coherent tissue. The actomyosin (actin + myosin) lattice is especially important in force generation in all muscles. When cytoskeletal proteins are compared in cross section, thin filaments < intermediate filaments < thick filaments < microtubules. See Actin",FALSE,,FALSE,FALSE,,,,,
T,thrashing,FALSE,FALSE,Thrashing,,Swimming,,"A typical form of locomotion seen in nematodes when placed into an aqueous environment. The whole body makes large repetitive body bends, ventral, then dorsal, causing whole body flexions that leave the animal almost in place rather than swimming quickly forward or backward. Thrashing motions may be under similar motor control as crawling behavior on a solid substrate, but the pattern of muscle contractions underlying the behavior is different, since the rate of thrashing motion is about 5 times faster and the waveform has a different shape (Crofton, 1971; Faumont et al., 2005 ). See Crawling See Locomotion See Swimming",FALSE,,FALSE,FALSE,,,,,
T,threefoldstage,FALSE,FALSE,Three-fold stage,,Loop stage,,"A late stage in embryogenesis during which the elongating embryo has begun to adopt a worm-like shape within the eggshell, and many events in tissue morphogenesis are proceeding. This stage immediately precedes the early pretzel stage.",FALSE,,FALSE,FALSE,,,,,
T,tightjunction,FALSE,FALSE,Tight junction,,,,"Although no intercellular junctions have yet been shown morphologically to correspond well to a mammalian tight junction (TJ) at high resolution, some forms of adherens junction (AJ) make very close contacts, and molecular data suggest that C. elegans AJs share some components with TJs, perhaps serving purposes in C. elegans that would be divided between two distinct cell appositions in higher animals. Some early workers have identified AJs to be tight junctions (for instance, Nelson et al., 1983 ), and this terminology remains in use by some workers ( Shaye and Greenwald, 2002 ). In older literature, this term was occasionally used erroneously to refer to gap junctions. High magnification TEM is required to properly distinguish them. See Adherens junction See Sealing junction See Secretory-excretory junction",FALSE,,FALSE,FALSE,,,,,
T,titin,FALSE,FALSE,Titin,Connectin (former name in vertebrates),,,"A giant polypeptide found in bodywall muscles in C. elegans that extends along the full length of a sarcomere . It is subject to high degrees of stretch without breakage, and is proposed to regulate the maximum length of the sarcomere during relaxation ( Benian et al., 1996 ). A member of the family of “cytoskeletal elements”",FALSE,,FALSE,FALSE,,,,,
T,tonofilament,FALSE,FALSE,Tonofilament,,Tonofibril,,"An aggregation of intermediate filament proteins in parallel that forms a broader, stronger filament, common in various cell types including muscles. Tonofilaments have been identified in some marginal cells in C. elegans pharynx ( Albertson and Thomson, 1976 ; Bartnik et al., 1986 ). See Stress fiber",FALSE,,FALSE,FALSE,,,,,
T,tooth,FALSE,FALSE,Tooth/ Teeth,,,,"This term can have several meanings: 1) A set of cuticular projections which meet within the second bulb of the pharynx (the grinder) and which must be used to break apart food particles. 2) A trio of cuticular flaps (buccal teeth or onchia) that project into the lumen at the posterior end of the buccal cavity to govern intake and outtake from the pharynx, but do not seem suited for tearing food in this species. They can be substantially larger and more functional in some other nematodes. 3) In some nematode species, there are “teeth” projecting from the vulva, appearing during at a late stage of gonad development, which help the female to grab onto a sexual partner. See Odontostyle",FALSE,,FALSE,FALSE,,,,,
T,toroidalcells,FALSE,FALSE,Toroidal cells,,,,"Several cell types form elaborate concentric or consecutive toroidal cell groups, usually as cell fusions to form elongated tubular structures . The uterus is an elongated thin tube formed by consecutive toroidal ut cells groups which create four consecutive epithelial rings, ut1-ut4 ; similarly the vulval epithelium consists of seven toroidal cell groups, vulA-vulF , which begin as concentric rings on a flat epithelium and later telescope inward (evert) to produce a tube of seven consecutive toroidal rings lining the vulval passageway. See Arcade cell",FALSE,,FALSE,FALSE,,,,,
T,torpid,FALSE,FALSE,Torpid,,,,Sluggish in motion or functioning. See Lethargus,FALSE,,FALSE,FALSE,,,,,
T,touch,FALSE,FALSE,Touch,,,,"The animal can sense several distinct classes of mechanical stimulus (touching) that are likely defined by the several classes of mechanoreceptor neurons spread over the body. Chalfie has defined several categories of touch: gentle touch to body , harsh touch to midbody, harsh touch to head or tail, nose touch and texture (see Hart, 2006 and Goodman, 2006 ) . Gentle touch seems to be transduced by the “touch dendrites” ALM , PLM , AVM , and PVM . Reversal of body motion is achieved by stimulating receptors in the head or tail. Harsh touch (such as by poking with a wire) is sensed by other receptors ( PVD and perhaps FLP ) in the head, along the midbody and in the tail ( Chalfie and Wolinsky, 1990 ; Hart, 2006 ). Nose touch is sensed by ASH , FLP and OLQ neurons ( Kaplan and Horvitz, 1993 ). Texture is sensed by CEP , ADE and PDE dopaminergic neurons and the serotonergic NSM neurons ( Sawin et al., 2000 ). The male tail also has sensory receptors that respond to touch. There are nine pairs of sensory rays , and several more post-cloacal receptors that help the male to sense the physical presence of the vulva during mating. See Habituation See Harsh touch See Light touch See Nose touch See Tap response See Texture",FALSE,,FALSE,FALSE,,,,,
T,touchcell,FALSE,FALSE,Touch cell,,Mechanosensory neuron | Touch neuron,,"Refers to six neurons ( ALML/R , PLML/R , AVM , and PVM ) that transduce light touch to the body by their distinctive microtubule-filled processes , or touch dendrites. See Touch dendrite",FALSE,,FALSE,FALSE,,,,,
T,touchcircuit,FALSE,FALSE,Touch circuit,,,,"The synaptic interconnections that link the mechanoreceptor neurons to local interneurons and motorneurons which drive forward and backward body motions of the whole animal ( White et al., 1986 ; Chalfie et al., 1985 ; Goodman, 2006 ).",FALSE,,FALSE,FALSE,,,,,
T,touchdendrite,FALSE,FALSE,Touch dendrite,,Mechanosensory process | Touch process | Touch receptor,,"The extended neurites of six neurons ( ALML/R , PLML/R , AVM , and PVM ) that transduce light touch to the body by their distinctive microtubule-filled processes that lie very close to the external cuticle, and that are linked periodically by dense deposits of mantle protein to the cuticle. Shearing forces upon these linkages are likely transduced by the nerve cell membrane as light touch ( O'Hagan et al., 2005 ). See Touch cell",FALSE,,FALSE,FALSE,,,,,
T,touchreceptor,FALSE,FALSE,Touch receptor,,Touch receptor neuron,,See Touch dendrite,FALSE,,TRUE,FALSE,,,,,
T,touchresponse,FALSE,FALSE,Touch response,,Body touch response,,"The behavioral change in body motion that occurs when one or more of the touch dendrites receive stimulation, for instance by stroking the animal with an eyelash (e.g. “light touch”) ( Chalfie and Thomson, 1982 ). Light touch to the anterior body results in active reversal of body motion or backing behavior, while light touch to the posterior body results in an increased rate of forward motion. See Harsh touch",FALSE,,FALSE,FALSE,,,,,
T,tract,FALSE,FALSE,Tract,,,,"A linear (or convoluted) route of outgrowth, restricted flow, or guided sequential processing. For instance, a nerve or fascicle may be called a process tract, the alimentary system is often called the digestive tract (pharynx, intestine, rectum), and the reproductive system is called the reproductive tract (germarium, sheath, spermatheca, uterus, vulva).",FALSE,,FALSE,FALSE,,,,,
T,trajectory,FALSE,FALSE,Trajectory,,,,"The detailed path followed by a moving object. Changes in direction along this path are often termed decision points ( Hedgecock et al., 1987 ).",FALSE,,FALSE,FALSE,,,,,
T,transcriptome,FALSE,FALSE,Transcriptome,,,,"The set of all messenger RNAs (transcripts) produced in a cell or population of cells. Often this term is used to refer to the total set of transcripts from an entire organism. DNA microarray technology has helped develop transcriptome profiles of C. elegans at different developmental times, under different environmental conditions and in different tissues ( Shin et al., 2008 ). See Genome See ORFeome See Proteome",FALSE,,FALSE,FALSE,,,,,
T,transcytosis,FALSE,FALSE,Transcytosis,,,,A mechanism for the transport of materials across an epithelial layer by: 1) endocytosis at one cell border (engulfment) 2) directed migration of the materials through the cytoplasm 3) exocytosis of the materials at the opposite border,FALSE,,FALSE,FALSE,,,,,
T,transgolginetwork,FALSE,FALSE,Trans-Golgi network,TGN,,,The final portion of the Golgi stacks through which vesicles progress and where they are packaged and sent to their proper destination.,FALSE,,FALSE,FALSE,,,,,
T,transitionzone,FALSE,FALSE,Transition zone,,,,"A portion of a dendrite cilium in which the cell process generally becomes surrounded by an accessory cell’s wrapping process, and where the internal cytoskeleton undergoes significant changes in organization. 1) The term may refer to the proximal base of the axoneme where it is anchored to the plasma membrane by Y links. This portion of the cilium has sometimes been loosely referred to as a basal body ( Wright, 1980 ). 2) Alternately, a segment of the distal arm of the germline where germ cells progress from continued mitosis (in the more distal portion) and enter into the pachytene phase (in the more proximal portion under sheath cell 1 ) ( Crittenden et al., 1994 ; Hubbard and Greenstein, 2000 ). It remains unclear whether the filapodial extensions of sheath cell pair 1 ( Hall et al., 1999 ) touch the transition zone, or only the pachytene zone. See Basal body",FALSE,,FALSE,FALSE,,,,,
T,transporterprotein,FALSE,FALSE,Transporter protein,,,,"A membrane-associated macromolecule that serves to move certain categories of solutes across the membrane, from inside to the outside, or vice versa. Some transporters may constitute a patent channel in the membrane while others may enfold the solute molecules and carry them across the membrane.",FALSE,,FALSE,FALSE,,,,,
T,transportvesicle,FALSE,FALSE,Transport vesicle,,,,"A category of membrane-bound small vesicle that is specialized for moving components to the cell periphery (especially down the axon) in a cell, but which may require further maturation to become functional (for instance, before being competent as a synaptic vesicle ). See Vesicle",FALSE,,FALSE,FALSE,,,,,
T,transverse,FALSE,FALSE,Transverse,,Transverse aspect,,"A plane of section (or angle of view) perpendicular to the longitudinal body axis. It is also called ""cross section"".",FALSE,,FALSE,FALSE,,,,,
T,treadmilling,FALSE,FALSE,Treadmilling,,,,"An inferred mechanism for amoeboid motion, in which the components at the leading edge of the pseudopod become attached to the substrate and then are translocated backwards along the bottom edge of the pseudopod, pulling the cell (or growth cone) forward, and then being released from the substrate to be internalized and recycled back to the leading edge ( Roberts and Ward, 1982 ). See Pseudopod elongation See Sperm motility",FALSE,,FALSE,FALSE,,,,,
T,triadicsynapse,FALSE,FALSE,Triadic synapse,,,,A chemical synapse in which the presynaptic profile appears to have access to three postsynaptic profiles simultaneously; thus A --> B+C+D. See Dyadic synapse See Monadic synapse,FALSE,,FALSE,FALSE,,,,,
T,tropomyosin,FALSE,FALSE,Tropomyosin,,,,"A large rod-shaped protein closely associated with the actin thin filament in muscle cells (Miller et al., 1983). See Thin filament",FALSE,,FALSE,FALSE,,,,,
T,troponin,FALSE,FALSE,Troponin,,,,"A protein complex associated with tropomyosin within the actin thin filament. It consists of three gene products, troponin T, troponin I and troponin C (TnT, TnI, TnC). Troponins are expressed with bodywall muscles and pharyngeal muscles in C. elegans , and may play a key role in actin/myosin interactions within the muscle sarcomere. See Thin filament",FALSE,,FALSE,FALSE,,,,,
T,tropotaxis,FALSE,FALSE,Tropotaxis,,,,"Any locomotory behavior in which the animal orients its direction by comparing the signal strength at two paired sense organs simultaneously. Since nematode sensilla pairs tend to be left/right pairs, and the animal lies on its side (bringing both sensilla into virtually the same point in any gradient within the plane of body motion), tropotaxis seems an unlikely means to recognize any signal gradient, unless the animal compares signals between head and tail receptors (amphid vs phasmid). See Klinotaxis See Taxis",FALSE,,FALSE,FALSE,,,,,
T,tubularbody,FALSE,FALSE,Tubular body,,,,Dendritic specialization within the CEP mechanosensillum.,FALSE,,FALSE,FALSE,,,,,
T,tubularradii,FALSE,FALSE,Tubular radii,,Pharyngeal channels,,See Pharyngeal channels,FALSE,,TRUE,FALSE,,,,,
T,tubule,FALSE,FALSE,Tubule,,,,"Dark thin structures, “tubules”, form tight networks in several categories of pharyngeal muscle cells at regions of apparent neuromuscular synaptic contact. One pharyngeal neuron soma (M2) contains similar material. It is not clear whether these objects are solid or membranous ( Albertson and Thomson, 1976 ). Dark vesicular structures are also found near these networks. These tubules were also called “striations” or “reticulations” by the same authors.",FALSE,,FALSE,FALSE,,,,,
T,tubuleassociatedmaterial,FALSE,FALSE,Tubule-associated material,TAM,,,"Electron dense material which lies in the cytoplasm of sensory cilia in close apposition to a microtubule bundle in several sensory neurons, including CEP , OLL and OLQ .",FALSE,,FALSE,FALSE,,,,,
T,tubulin,FALSE,FALSE,Tubulin,,,,,FALSE,,FALSE,FALSE,,,,,
T,tumorousgermline,FALSE,FALSE,Tumorous germline,,,,"A mutant phenotype in which germline proliferation continues unabated (through endless mitotic divisions) to produce an excess of immature germ cells, enlarging the gonad into a swollen tumorous organ which can distort the whole body of the nematode, or spill across the basal lamina to invade neighboring tissues ( Wilson Berry et al., 1997 ; Kadyk and Kimble, 1998 ; Huang et al., 2003 ).",FALSE,,FALSE,FALSE,,,,,
T,turgorpressure,FALSE,FALSE,Turgor pressure,,Hydrostatic pressure,,"The internal pressure of body fluids that is transmitted outward to the body cuticle in all directions to fully inflate the animal. In the nematode, the action of body muscle contractions utilizes turgor pressure to help spread their forces over the whole body length to produce a general undulatory motion. The excretory system may act to regulate salt balances in a manner that modifies turgor pressure which, when defective, can lead to animals with flaccid paralysis or rigid rod-like paralysis. High turgor pressure may generally lead to narrowing of all tubular organs, so that egg-laying and defecation require the action of dilator muscles to open the related passageways, and the use of spicules in male mating to open the hermaphrodite vulva ( Nicholas, 1975 ).",FALSE,,FALSE,FALSE,,,,,
T,turning,FALSE,FALSE,Turning,,,,"C. elegans forward locomotion involves episodes of turning that are termed ""pirouettes"". These are ""sharp"" turns with the intervals of forward movement between them termed ""runs"" ( Ringstad and Horvitz in Hart, 2006 ). Turning is also a distinctive event during male mating behavior when the male reaches the edge of the hermaphrodite’s body and must continue backing along the other side of the hermaphrodite, in the opposite net direction in search of the vulva ( Loer and Kenyon, 1993 ). Each turn can be scored as “good”, “sloppy” or “missed” according to how well the male remains in contact with the body of the hermaphrodite during the turning event ( Loer in Hart , 2006 ). Some missed turns can be further subdivided into “swim off”, “wide turns”, or “stutter turns” ( Emmons in Hart, 2006 ).",FALSE,,FALSE,FALSE,,,,,
T,twitcherphenotype,FALSE,FALSE,Twitcher phenotype,,,,"A defect in some unc mutants (ie. unc-22 ) in which individual muscles or local portions of one muscle quadrant show rapid, independent contractions, superimposed on the well coordinated smooth motor contractions pass along the length of the body, that characterize normal body motion.",FALSE,,FALSE,FALSE,,,,,
T,twitchin,FALSE,FALSE,Twitchin,,,,See Titin,FALSE,,TRUE,FALSE,,,,,
T,twofoldstage,FALSE,FALSE,Two-fold stage,,Plum stage,,"A late stage in embryogenesis, by which time the embryo has lengthened to two almost equal lengths within the eggshell. At this stage the lengthening embryo is moving continuously within the eggshell.",FALSE,,FALSE,FALSE,,,,,
T,typeamotoneuron,FALSE,FALSE,Type A motoneuron,,Class A motoneuron,,"DA , VA , & DAS ( AS )",FALSE,,FALSE,FALSE,,,,,
T,typebmotoneuron,FALSE,FALSE,Type B motoneuron,,Class B motoneuron,,DB and VB,FALSE,,FALSE,FALSE,,,,,
T,typecmotoneuron,FALSE,FALSE,Type C motoneuron,,Class C motoneuron,,VC,FALSE,,FALSE,FALSE,,,,,
T,typedmotoneuron,FALSE,FALSE,Type D motoneuron,,Class D motoneuron,,DD and VD,FALSE,,FALSE,FALSE,,,,,
U,ucell,FALSE,FALSE,U cell,,E cell,ABplppppapa,"Formerly called the E cell, this ectoblast forms a portion of the anterior wall of the rectum in the hermaphrodite . In the male, however, the cell acts as a blast cell and divides to produce a lineage whose progeny help establish a connection between the cloaca and the gonad ( Sulston and Horvitz, 1977 ).",TRUE,WBbt:0004942,FALSE,TRUE,wormbase_id,,,,
U,ultrastructure,FALSE,FALSE,Ultrastructure,,Fine structure,,"The smallest details of cell structure as seen after fixation and staining for high resolution electron microscopy. Usually these features are not observable by light microscopy, even at high magnification.",FALSE,,FALSE,FALSE,,,,,
U,unc,FALSE,FALSE,Unc,,Uncoordinated phenotype | Locomotion abnormal,,"Mutations causing an abnormal locomotion phenotype in the animal, which may include subtle twitching or halting behavior, odd jerky motions, curling or kinky motions, constant twitching, shrinking and expanding lengthwise without progress of the body, partial paralysis, or limp or rigid paralysis. Uncoordination is a very common phenotype among genetic mutations in C. elegans , only some of which are numbered among the listed unc mutants . The affected genes may be expressed either in neurons, muscles or even in other tissues affecting the structures required for coordinated movement, including the cuticle (as in Rol mutants ). Some of these phenotypes are recognizable as morphological traits or spontaneous defects in movement, while some others are only revealed when the animal is stimulated to move, perhaps by prodding with a fine wire. See Coiler See Kinker phenotype See Paralysis See Roller See Shrinker phenotype See Twitcher phenotype",FALSE,,FALSE,FALSE,,,,,
U,undeadcells,FALSE,FALSE,Undead cells,,,,"Surviving cells who were fated by lineage to undergo apoptosis, but which for some reason (mutation, random chance) did not die on schedule ( White et al., 1991 ; Avery and Horvitz, 1987 ). Such surviving cells often exhibit some characteristics of differentiated cells, but rarely seem to contribute any new functionality to the whole animal by their presence. Occasionally they can replace or supplement the function of another existing cell. See Apoptosis",FALSE,,FALSE,FALSE,,,,,
U,undercoat,FALSE,FALSE,Undercoat,,,,See Scaffold,FALSE,,TRUE,FALSE,,,,,
U,undulate,FALSE,FALSE,Undulate/ Undulatory,,,,"Bending back and forth in a smooth, sinusoidal, wave-like motion. This term well describes the locomotion of C. elegans and other nematodes which is similar to the movement of a snake or eel.",FALSE,,FALSE,FALSE,,,,,
U,unipolar,FALSE,FALSE,Unipolar,,,,A neuron with only a single extension from the cell body. For example see the MI neuron .,FALSE,,FALSE,FALSE,,,,,
U,utcell,FALSE,FALSE,ut cell,ut1 - ut 4,,,"Uterine toroidal epithelial cells ( ut1 , ut2 , ut3 , ut4 ; each toroid is a multinucleate syncytium) which make up the bulk of the uterus . These four uterine toroid epithelial syncytia join to one another to make up both the anterior and posterior lobes of the uterus.",TRUE,WBbt:0006785 | WBbt:0006786 | WBbt:0006787 | WBbt:0006788,FALSE,FALSE,,,,,
U,uterineepithelia,FALSE,FALSE,Uterine epithelia,,,,"A complex structure consisting of some 60 cells of multiple cell types which form a variety of (mostly) syncytial cell groups. All derive from the Z1 and Z4 blast cells , via the anchor cell, the DU and VU precursors , and then via the π and ρ precursors.",FALSE,,FALSE,FALSE,,,,,
U,uterinelayer,FALSE,FALSE,Uterine layer,,Oolemma,,"That portion of the eggshell that is secreted by the uterine sheath after the oocyte has been fertilized. This layer varies widely in structure and thickness among nematode species (Bird and Bird, 1991) though it is thought to include the vitelline layer, and in some nematode species, such as Ascaris, an outer fibrous glycoprotein layer ( Foor, 1967 ; Lee and Lestan, 1971). The structure has not been well characterized as yet in C. elegans. See Zona pellucida",FALSE,,FALSE,FALSE,,,,,
U,uterinelumen,FALSE,FALSE,Uterine lumen,,,,"The inner space of the uterus through which the fertilized egg passes on its way out of the nematode via the vulva. Prior to the first fertilization event, the space is narrow and blocked by a series of extensions, or fingers, projecting from the uterine wall . The adult uterus inflates to form a much wider ""egg chamber”, which houses developing embryos and acts as a passageway for male-produced sperm to travel from the vulva to the spermatheca.",FALSE,,FALSE,FALSE,,,,,
U,uterinemuscle,FALSE,FALSE,Uterine muscle,um1 | um2,,M.vlpaaaap M.vrpaaaap M.vlpaaaaa M.vrpaaaaa,"Sex-specific muscles of the hermaphrodite whose contractions squeeze on the uterus to help move eggs towards the vulval opening. These are derived postembryonically from the M lineage and have non-striated muscle characteristics. Each lobe of the uterus has 4 bands of muscles with each band composed of a left/right pair of um1 or um2 muscles . Uterine muscles are covered in a thin basal lamina which is anchored to the muscle via hemi-adherens junctions. Contraction of the muscles squeezes the uterus and moves the egg through the lumen. Muscles are not directly innervated , but are coupled via gap junctions to vulval muscles that are innervated by the egg-laying neurons.",TRUE,WBbt:0004856 | WBbt:0004877,FALSE,FALSE,,,,,
U,uterineseamcell,FALSE,FALSE,Uterine seam cell,utse cell,,,"A large thin H-shaped epithelial cell formed by the fusion of eight π cell progeny with the anchor cell which extends along the lateral edge of the uterus, sealing dorsal and ventral halves to create a unified thin epithelium surrounding the egg chamber. The two sides of the ""H"" hold the uterus in place by attaching to the lateral seam cells while the central part of the ""H"" initially forms a ""hymen"" membrane between the uterine and vulval lumens, but which is broken by passage of the first egg thus creating continuity between the two lumens. Afterwards utse probably acts as a transitional epithelial cell between the uterus and vulva.",TRUE,WBbt:0006789,FALSE,FALSE,,,,,
U,uterinesheath,FALSE,FALSE,Uterine sheath,,,,"The portion of the uterine epithelium which surrounds the egg chamber, composed primarily of the ut1-ut4 toroids. See ut cell",FALSE,,FALSE,FALSE,,,,,
U,uterinespermathecaljunction,FALSE,FALSE,Uterine spermathecal valve,,sujn cells,,See Spermatheca uterine valve,FALSE,,TRUE,FALSE,,,,,
U,uterinevulvalcell,FALSE,FALSE,Uterine vulval cell,,,,"These 3 epithelial cells ( uv1 , uv2 , uv3 ; all mononucleate) form the interface between the uterus and the vulva via a multilayered set of flaps.",TRUE,WBbt:0006791 | WBbt:0006792 | WBbt:0006793,FALSE,FALSE,,,,,
U,uterinewalltoroidalcells,FALSE,FALSE,Uterine wall toroidal cells,,,,See Toroidal cells,FALSE,,TRUE,FALSE,,,,,
U,uterus,FALSE,FALSE,Uterus,,,,The portion of the somatic gonad which encloses the fertilized eggs after their passage through the spermatheca. It consists of anterior and posterior lobes which are connected via a central chamber. Eggs are incubated within the uterus until their passage through the vulval lumen and then out of the body via the vulval slit .,FALSE,,FALSE,FALSE,,,,,
U,utse,FALSE,FALSE,utse cell,,,,See Uterine seam cell,TRUE,WBbt:0006789,TRUE,FALSE,,,,,
U,uvcell,FALSE,FALSE,uv cell,uv1 | uv2 | uv3,,,See Uterine vulval cell,TRUE,WBbt:0006791 | WBbt:0006792 | WBbt:0006793,TRUE,FALSE,,,,,
V,v1v6,FALSE,FALSE,V1-V6,V1L | V1R | V2L | V2R | V3L | V3R | V4L | V4R | V5L | V5R | V6L | V6R,,,"Ventrolateral ectoblasts of the body that give rise to neurons, hypodermis and seam cells.",TRUE,WBbt:0004874 | WBbt:0004875 | WBbt:0004876 | WBbt:0004890 | WBbt:0004892 | WBbt:0004894 | WBbt:0004896 | WBbt:0004898 | WBbt:0004900 | WBbt:0004902 | WBbt:0004904 | WBbt:0004905,FALSE,FALSE,,,,,
V,vacells,FALSE,FALSE,VA cells,VA1 | VA2 | VA3 | VA4 | VA5 | VA6 | VA7 | VA8 | VA9 | VA10 | VA11 | VA12,,,"A set of 12 motoneurons , distributed along the ventral cord, that innervate ventral body muscles.",TRUE,WBbt:0004645 | WBbt:0004647 | WBbt:0004649 | WBbt:0004651 | WBbt:0004653 | WBbt:0004860 | WBbt:0004862 | WBbt:0004864 | WBbt:0004866 | WBbt:0004868 | WBbt:0004870 | WBbt:0004872,FALSE,TRUE,wormbase_id,,,,
V,vbcells,FALSE,FALSE,VB cells,VB1 | VB2 | VB3 | VB4 | VB5 | VB6 | VB7 | VB8 | VB9 | VB10 | VB11,,,"A set of 11 motoneurons , distributed along the ventral cord, that innervate ventral body muscles.",TRUE,WBbt:0004623 | WBbt:0004625 | WBbt:0004627 | WBbt:0004629 | WBbt:0004631 | WBbt:0004633 | WBbt:0004637 | WBbt:0004638 | WBbt:0004639 | WBbt:0004641 | WBbt:0004643,FALSE,TRUE,wormbase_id,,,,
V,vccells,FALSE,FALSE,VC cells,VC1 | VC2 | VC3 | VC4 | VC5 | VC6,,,"A set of 6 motoneurons in the ventral cord , that innervate ventral body muscles and the vm2 muscles of the vulva.",TRUE,WBbt:0004611 | WBbt:0004613 | WBbt:0004617 | WBbt:0004618 | WBbt:0004619 | WBbt:0004621,FALSE,TRUE,wormbase_id,,,,
V,vdcells,FALSE,FALSE,VD cells,VD1 | VD2 | VD3 | VD4 | VD5 | VD6 | VD7 | VD8 | VD9 | VD10 | VD11 | VD12 | VD13,,,"A set of 13 motoneurons , with cell bodies in the ventral cord, that innervate ventral muscles .",TRUE,WBbt:0004585 | WBbt:0004587 | WBbt:0004589 | WBbt:0004591 | WBbt:0004593 | WBbt:0004597 | WBbt:0004598 | WBbt:0004599 | WBbt:0004601 | WBbt:0004603 | WBbt:0004605 | WBbt:0004607 | WBbt:0004609,FALSE,TRUE,wormbase_id,,,,
V,vacuole,FALSE,FALSE,Vacuole,,,,"A large membrane-bound organelle within the cell cytoplasm. This term may sometimes be used in reference to distinctive large endosomes in the intestine, the primary oocyte, or in some sheath cells. More properly, it can be used to refer to an extremely large internal compartment that develops in the embryonic excretory canal cell (and perhaps the excretory duct cell) as a precursor to the excretory sinus and apical excretory canal ( Buechner, 2002 ; Berry et al., 2003 ) that shows enhanced membrane density compared to any other internal organelles. Vacuoles are often found in cell that are involved in the storage of material such as secretory cells and coelomocytes . Vacuoles and vacuole-like structures have been noted as features of apoptotic and necrotic cell death.",FALSE,,FALSE,FALSE,,,,,
V,vagina,FALSE,FALSE,Vagina,,Vulva,,"Alternate (archaic) term used by some authors for the vulva ( Klass et al., 1976 ; Riddle, 1978 ).",FALSE,,FALSE,FALSE,,,,,
V,valve,FALSE,FALSE,Valve,,,,"A device that regulates the flow of liquids. In C. elegans valve and valve-like structures have been identified, usually connecting two tissues through which material is being shunted. The pharyngeal-intestinal valve links the lumen from the posterior bulb of the pharynx to the lumen of the anterior intestine. The intestinal-rectal (rectal) valve occludes the lumen of the posterior intestine with narrow channels that allow digested material to leak to the rectum and then to the anus. It is not clear that this is a true valve since it is unknown whether the size and state of the opening can be altered. The spermatheca-uterine (sp-ut) valve connects the spermatheca to the uterus for the passage of the oocyte and seals the lumen when empty. The anterior end of the vas deferens may act as a kind of valve to regulate sperm release from the seminal vesicle during ejaculation. Even the pharyngeal grinder is considered a valve by some authors ( Nicholas, 1975 ). See Pharyngeal-intestinal valve See Rectal valve See Spermatheca uterine valve See Vas deferens",FALSE,,FALSE,FALSE,,,,,
V,varicosity,FALSE,FALSE,Varicosity,,,,"A local swelling of a tissue or cell process, especially at the presynaptic site which can be full of synaptic vesicles.",FALSE,,FALSE,FALSE,,,,,
V,vasdeferens,FALSE,FALSE,Vas deferens,,Sperm duct,,"That portion of the male reproductive tract, through which mature sperm are delivered to the proctodeum and then the cloaca in the tail. It is composed of 30 cells which form three distinct sections within the tissue . The anterior region appears to act as a valve to regulate sperm release during ejaculation. The middle portion is composed of cuboidal cells, while in the most posterior region the cells are elongated.",FALSE,,FALSE,FALSE,,,,,
V,velum,FALSE,FALSE,Velum,,,,A thin membranous tissue part or covering; sometimes used in reference to the male tail fan .,FALSE,,FALSE,FALSE,,,,,
V,ventralaspect,FALSE,FALSE,Ventral aspect,,Ventral view,,Looking toward the underside or belly of the animal.,FALSE,,FALSE,FALSE,,,,,
V,ventralbend,FALSE,FALSE,Ventral bend,,,,See Deep ventral bend,FALSE,,TRUE,FALSE,,,,,
V,ventralcleft,FALSE,FALSE,Ventral cleft,,Ventral groove,,"A region along the ventral side of the gastrulating embryo through which blast cells migrate inward from the surface layer of embryonic cells to a central collection of developing mesoderm and pharynx. The cleft opens as a pore at 100 minutes after fertilization (60 cell stage), widens to form a cleft from posterior to anterior along the ventral side, and closes at 290 minutes (~320 cells). See Gastrulation",FALSE,,FALSE,FALSE,,,,,
V,ventralcord,FALSE,FALSE,Ventral cord,,Ventral chord,,"This term can refer to either the ventral nerve cord, to the hypodermal cord, or to the combined ventral ridge of hypodermis and nerve . The ventral hypodermis forms a rather small longitudinal cord and contains few hypodermal nuclei. It is a syncytium and connects to much larger lateral cords via thin extensions running beneath the bodywall muscles. The ventral nerve cord is the principal longitudinal nerve of the midbody region, connecting the nerve ring and tail ganglia. It contains about 95 associated neuron cell bodies of the principal motorneurons that control the bodywall muscles, and many synapses sending signals from command interneurons to these motorneurons and then to muscle arms . See Nerve cord See Hypodermal ridge",FALSE,,FALSE,FALSE,,,,,
V,ventralenclosure,FALSE,FALSE,Ventral enclosure,,Ventral cleft closure,,See Ventral cleft,FALSE,,TRUE,FALSE,,,,,
V,ventralganglion,FALSE,FALSE,Ventral ganglion,,,,"The ventral ganglion lies beside the nerve ring in the head , just anterior of the retrovesicular ganglion. It contains about 20 interneuron and motorneuron cell bodies that all send their neuronal processes into the ring. The cell bodies are divided into two groups by the intrusion of the excretory duct and canal . The cells are bounded by a basal lamina which physically separates them from the lateral ganglion even though they are adjacent to one another.",FALSE,,FALSE,FALSE,,,,,
V,ventralgroove,FALSE,FALSE,Ventral groove,,Ventral cleft,,,FALSE,,FALSE,FALSE,,,,,
V,ventralmidline,FALSE,FALSE,Ventral midline,,,,"In transverse section, the ventral midline runs through the middle of the ventral hypodermal ridge, along the dorsal/ventral axis, separating the left and right halves of the ventral bodywall. It is a key feature in the organization of longitudinal ventral nerve cord, which divides into two separate fascicles that run preferentially to the right side (major fascicle) and left side (minor fascicle) of the hypodermal ridge. See Decussation See Hypodermal ridge",FALSE,,FALSE,FALSE,,,,,
V,ventralnervecord,FALSE,FALSE,Ventral nerve cord,,Ventral cord,,,FALSE,,FALSE,FALSE,,,,,
V,ventralray,FALSE,FALSE,Ventral ray,,,,"Any ray in the male tail whose opening lies on the ventral surface of the fan . The pattern of these opening is highly stereotyped, such that certain rays always open dorsally (1, 5 and 7), others ventrally (2, 4 and 8), and a few at the lateral margin of the fan.",FALSE,,FALSE,FALSE,,,,,
V,ventraltwelve,FALSE,FALSE,Ventral twelve,,,,See VT1-VT12,FALSE,,TRUE,FALSE,,,,,
V,ventraluterus,FALSE,FALSE,Ventral uterus,,,,"Thirty cells (15 per gonad arm) derive from variable lineages among sister cells to the anchor cell in the gonad primordium, all of which contribute to the more ventral aspects of the uterine epithelium. See Doral uterus See VU cell",FALSE,,FALSE,FALSE,,,,,
V,ventraluterineprecursor,FALSE,FALSE,Ventral uterine precursor,,VU cell,,"Each VU blast cell undergoes two rounds of cell divisions to produce pi cells and/or ro cells, depending upon induction by a signal from the anchor cell. These intermediate blast cells then go on to divide further to produce the uv and utse cells of the ventral uterus. See Anchor cell See Dorsal uterus",FALSE,,FALSE,FALSE,,,,,
V,ventralview,FALSE,FALSE,Ventral view,,Ventral aspect,,,FALSE,,FALSE,FALSE,,,,,
V,ventricularzone,FALSE,FALSE,Ventricular zone,,,,Anterior portion of intestine. See Intestine,FALSE,,FALSE,FALSE,,,,,
V,vermiform,FALSE,FALSE,Vermiform,,,,"Worm-like. This term can be used to refer to whole animals, or to body parts that have features like a worm. In human anatomy, this term is used to describe the appendix.",FALSE,,FALSE,FALSE,,,,,
V,vesicle,FALSE,FALSE,Vesicle,,,,"A number of different cell types contain characteristic membrane-bound vesicles. Transitory vesicles appear in the excretory canal upon breakdown of the canaliculi , which appear to convert from a beaded form to a row of disconnected vesicles. Endocytotic vesicles (>100 nm diameter) are found in coelomocytes , the distal tip cell, the GLR cells and the intestine . Secretory vesicles are found in several gland cells and all neurons . Transport vesicles may shuttle between RER , smooth ER , Golgi apparatus , endosomal structures and the plasma membrane ; these are perhaps more common in secretory cells and in neurons. See Synaptic vesicle See Coated vesicle See Dense core vesicle",FALSE,,FALSE,FALSE,,,,,
V,vesicledocking,FALSE,FALSE,Vesicle docking,,,,"This step in the synaptic vesicle cycle is not well documented, but refers to the process by which a vesicle identifies, approaches and becomes associated with the plasma membrane near the active zone of the synapse prior to priming ( Richmond, 2005 ). It is thought that this may be a reversible stage in the vesicle cycle.",FALSE,,FALSE,FALSE,,,,,
V,vesiclefusion,FALSE,FALSE,Vesicle fusion,,,,"This is a specific step in the synaptic vesicle cycle where the synaptic vesicle fuses with the plasma membrane and releases neurotransmitter into the synaptic cleft ( Richmond, 2005 ; Speese et al., 2007 ). More generally, this can refer to the fusion of any type of vesicle with another membrane bound system to release its contents. During this process, an omega figure is often formed as an intermediate stage. For more detail on mechanism see Podbilewicz, 2006 . See Fusion",FALSE,,FALSE,FALSE,,,,,
V,vesiclepriming,FALSE,FALSE,Vesicle priming,,,,"This step in the synaptic vesicle cycle follows vesicle docking and makes the vesicle competent for fusion by brining the vesicle into close apposition with the plasma membrane ( Richmond, 2005 ). The vesicle then waits for a rise in intracellular calcium to fuse with the membrane and release its contents.",FALSE,,FALSE,FALSE,,,,,
V,vestigial,FALSE,FALSE,Vestigial,,,,Anatomical structures which have lost much (or all) of their original function through evolution. Sometimes these structures may develop new functions different from their original ones.,FALSE,,FALSE,FALSE,,,,,
V,viability,FALSE,FALSE,Viability,,,,Ability to survive and develop.,FALSE,,FALSE,FALSE,,,,,
V,villus,FALSE,FALSE,Villus/ Villi,,,,"A large fold or projection in the apical membrane of any tissue with a mucous membrane. It is not clear that this term applies to any structure in C. elegans . While the intestinal lumen displays a brush border with many “microvilli” , it is not clear that it has any ""villi"". The border of the excretory canal where it faces the lumen can display cystic septations, but rarely if ever has true villi. The finger-like projections of the AFD dendrite might be considered villi or microvilli. See Brush border See Finger-like projections See Finger cell See Microvilli",FALSE,,FALSE,FALSE,,,,,
V,virulence,FALSE,FALSE,Virulence/ Virulent/ Virulence factor,,,,The degree of pathogenicity of a microbe.,FALSE,,FALSE,FALSE,,,,,
V,virulencefactor,FALSE,FALSE,Virulence factor,,,,A substance or genetic trait that affects the rate of host/pathogen interaction to increase the rate of infection or killing. See Killing assay,FALSE,,FALSE,FALSE,,,,,
V,vision,FALSE,FALSE,Vision,,,,"C. elegans lacks an eyespot and has no ability to see, it has been reported to exhibit a response to light ( Burr, 1985 ; Ken Miller, pers. comm.). See Eyespot",FALSE,,FALSE,FALSE,,,,,
V,vitellinelayer,FALSE,FALSE,Vitelline layer,,,,"The outermost layer of the eggshell [according to most nematology literature], lying very closely attached to the outside of the chitinous layer. It may be hardened or not and it may have a unit membrane structure or not (see Bird and Bird, 1991). This layer is not well documented for C. elegans , and the nomenclature is confused, since the internal “lipid layer” has been incorrectly named the inner vitelline membrane in many papers. Some or all of the outer vitelline layer may derive from secretions from the uterine epithelium.",FALSE,,FALSE,FALSE,,,,,
V,vitellinemembrane,FALSE,FALSE,Vitelline membrane,,Inner vitelline membrane | Lipid layer | Vitelline envelope,,"Formerly called the “lipid layer” (Bird, 1971), it is a very thin lipid layer surrounding the developing embryo, just beneath the outer chitinous layer of the eggshell. This membrane must be kept intact to establish a microenvironment within which the embryo can develop properly ( Schierenberg and Junkersdorf, 1992 ). Although not clearly established as yet, it is possible that this layer is contributed to the oocyte by the uterine sheath. See Oolemma See Zona pellucida",FALSE,,FALSE,FALSE,,,,,
V,vitellogenin,FALSE,FALSE,Vitellogenin,,Yolk protein,,See Yolk,FALSE,,TRUE,FALSE,,,,,
V,vlneuron,FALSE,FALSE,VL neuron,Ventro-labial neuron,,,OLL neuron,FALSE,,FALSE,FALSE,,,,,
V,vmneuron,FALSE,FALSE,VM neuron,,,,RMEL neuron,FALSE,,FALSE,FALSE,,,,,
V,vpc,FALSE,FALSE,VPC,Vulval precursor cell,,,"An epidermal cell which can be induced to produce vulval tissue. The VPCs are equivalent blast cells P3.p , P4.p , P5.p , P6.p , P7.p and P8.p which can alternately be induced by an anchor cell signal to divide to produce vulA to vulF epidermal cells or (lacking the inductive signal) divide to produce members of the hyp7 syncytium .",TRUE,WBbt:0006891 | WBbt:0006892 | WBbt:0006893 | WBbt:0006894 | WBbt:0006895 | WBbt:0006896,FALSE,TRUE,wormbase_id,,,,
V,vt1vt12,FALSE,FALSE,VT1-VT12,,Ventral twelve,,Great-grand progeny of the VU cells (daughters of the π and ρ cells) in the uterine lineages.,FALSE,,FALSE,FALSE,,,,,
V,vucell,FALSE,FALSE,VU cell,,Ventral uterine precursor,,"Blast cells in the somatic gonad whose granddaughter cells can give rise to both vulval and uterine cells, depending upon intracellular signals.",FALSE,,FALSE,FALSE,,,,,
V,vul,FALSE,FALSE,vul,,,,See Vulvaless phenotype,FALSE,,TRUE,FALSE,,,,,
V,vulva,FALSE,FALSE,Vulva,,Vagina (S) Terminal female gonoduct (S) Gonopore,,"The passageway that connects the hermaphrodite’s reproductive tract to the exterior, opening at the midway point along the body on its ventral surface. The vulva is formed from a stack of 7 toroids which upon morphogenesis undergo cell fusion to create an open lumen . During male mating , sperm are inserted into the hermaphrodite through the vulval passageway, whereas during egg-laying, fertilized oocytes are emitted onto the substrate from the vulva through the slit .",FALSE,,FALSE,FALSE,,,,,
V,vulvalequivalencegroup,FALSE,FALSE,Vulval equivalence group,,,,"A set of 22 cells , normally formed by the daughters of the P5.p , P6.p and P7.p blast cells, which are fated to organize among themselves to create the mature vulval epithelium and are induced to adopt this set of cell fates by a signal produced by the anchor cell ( Sulston and White, 1980 ; Sommer, 2005 , Gupta et al., 2012 ). The pattern of cell divisions among the blast cells is controlled separately from the cooperation that occurs later among the daughter cells during the L4 stage to produce the vulva ( Horvitz and Sulston, 1980 ). If some of these cells are removed by ablation 10-12 hrs before hatching, additional cells can be recruited from the daughters of neighboring blast cells, P3.p , P4.p or P8.p in order to complete the set of 22 cells and thus produce a normal vulva. See Equivalence group See Toroidal cells",TRUE,WBbt:0006891 | WBbt:0006892 | WBbt:0006893 | WBbt:0006894 | WBbt:0006895 | WBbt:0006896,FALSE,TRUE,wormbase_id,,,,
V,vulvainduction,FALSE,FALSE,Vulval induction,,,,"An intercellular signaling event by which members of the vulval equivalence group are provoked to begin the processes of differentiation and cell division that lead to the creation of the vulva . This process can differ widely between nematode species , such that one or several inductive signals may be released by one or more cell types lying close to the position of the presumptive vulva, and can occur as a one time event or as a prolonged series of signals ( Sommer, 2005 ). In C. elegans, the anchor cell provides the inductive signal that triggers this patterning event . See Sternberg, 2005 and Gupta et al., 2012 . See Anchor cell",FALSE,,FALSE,FALSE,,,,,
V,vulvalessphenotype,FALSE,FALSE,Vulvaless phenotype,vul,,,"A developmental defect found in certain classes of mutants (including lin-2 , lin-3 , lin-4 , lin-7 ) in which the cell divisions leading to vulva development are abnormal, and the vulval cells are not produced ( Horvitz and Sulston, 1980 ; Sulston and Horvitz, 1981 ). Without a passageway for the fertilized embryos, the embryos hatch inside the hermaphrodite, resulting in a bag of worms. See Bag of worms See Multivulva phenotype",FALSE,,FALSE,FALSE,,,,,
V,vulvallocation,FALSE,FALSE,Vulval location,,Vulval searching,,A type of behavior by the male in which he uses his tail to guide his movements along the outer surface of the hermaphrodite to search for the vulva as an early step in male mating behavior .,FALSE,,FALSE,FALSE,,,,,
V,vulvalmuscle,FALSE,FALSE,Vulval muscle,,vm muscles | vm1 and vm2,,Sex-specific muscles in the hermaphrodite that are specialized for egg-laying. Their contractions open the lips of the vulva to help in expelling an egg from the uterus.,FALSE,,FALSE,FALSE,,,,,
V,vulvalprecursorcell,FALSE,FALSE,Vulval precursor cell,,,,See VPC,FALSE,,TRUE,FALSE,,,,,
W,wblastcell,FALSE,FALSE,W blast cell,,P0,,"An alternate name for the most anterior of the P ectoblasts, which divides in the early larva to produce ventral cord motor neurons and hypodermal cells. See P0-P12 lineages",FALSE,,FALSE,FALSE,,,,,
W,wandering,FALSE,FALSE,Wandering,,,,"A common behavior in nematodes, in which individual animals leave crowded regions on the culture plate to explore elsewhere, possibly to avoid an aversive stimulus exuded by starving animal or to find alternate food sources. Wandering animals will often burrow into the agar or leave the surface of a culture plate and either die upon drying out on the plastic dish or become trapped in a liquid droplet on the dish cover. Dauer larvae are especially prone to wandering. This term is also used to refer specifically to a male behavior in which a male will stay on a food source in the presence of hermaphrodites, but will wander away from the food in search of a mate in their absence ( Lipton et al., 2004 ; Emmons et al., 2005 ). See Leaving behavior",FALSE,,FALSE,FALSE,,,,,
W,waterchannel,FALSE,FALSE,Water channel,,,,A transmembrane protein complex that acts as a transporter channel permeable to the transfer of water molecules across a lipid bilayer. See Transporter protein,FALSE,,FALSE,FALSE,,,,,
W,waveamplitude,FALSE,FALSE,Wave amplitude,,,,Size (depth) of the body bend during locomotion. See Sinusoidal wave,FALSE,,FALSE,FALSE,,,,,
W,waving,FALSE,FALSE,Waving,,,,"Behavior exhibited by dauers where they ""stand"" on their tail on whatever substrate is available and ""wave"" their body. It is thought that this behavior aids in being picked up by another organism to be carried to a new location. See Nictation",FALSE,,FALSE,FALSE,,,,,
W,whip,FALSE,FALSE,Whip,,Tail whip,,"The long flexible tip of the hermaphrodite tail, beyond the phasmid openings. See Tail tip See Tail whip",FALSE,,FALSE,FALSE,,,,,
W,whorls,FALSE,FALSE,Whorl,,,,"A structure, often membranous, that starts at one point and wraps around that point in an expanding circular pattern. In C. elegans , membraneous whorls have been found in cells undergoing degenerative cell death ( Hall et al., 1997 ).",FALSE,,FALSE,FALSE,,,,,
W,wideturn,FALSE,FALSE,Wide turn,,,,See Turning,FALSE,,TRUE,FALSE,,,,,
W,wildtype,FALSE,FALSE,Wild type,Wildtype,,,"The normal (non-mutant) form of a species, as found in nature.",FALSE,,FALSE,FALSE,,,,,
W,wingcell,FALSE,FALSE,Wing cell,,Amphid wing cell,,"A category of sensory neuron having a broad flattened (sensory) ending associated with the amphid sheath ( AWA , AWB , AWC ). These cilia form large wing-like structures and share the lumen of the sheath cell ( Perkins et al., 1986 - see arrows ). The adult male PHso1L and PHso1R cells have a branched morphology and have also been referred to as ""wing cells"", possibly due to the manner in which they insert a distal process into the phasmid sheath which is similar to the insertion of AWA into the amphid sheath. The PHso2L and PHso2R cell pair have also been called “wing cells” in the hermaphrodite tail (Hall, 1977), where their distal process forms a thin wrapping structure around the phasmid socket cell.",TRUE,WBbt:0004106 | WBbt:0004108 | WBbt:0004110 | WBbt:0004112,FALSE,TRUE,wormbase_id,,,,
W,wiringdiagram,FALSE,FALSE,Wiring diagram,,Synaptic circuit (S) Connectivity,,A mapping of synaptic connections between a set of neurons and muscles. See Neuronal wiring in WormAtlas. See Connectivity diagram,FALSE,,FALSE,FALSE,,,,,
W,wishbonecells,FALSE,FALSE,Wishbone cells,,,,"A special group of cells in the gastrulating embryo, who ingress in concert, just prior to another cell group called the “central cells” ( Nance and Priess, 2002 ).",FALSE,,FALSE,FALSE,,,,,
X,xaratio,FALSE,FALSE,X/A ratio,,X:A signal,,"A measure of the relative number of sex chromosomes (X) to autosomes (A) within the nucleus, which is critical in sex determination within that cell. Cells possessing a low ratio of X/A markers in their nucleus will adopt a male fate, while those with higher ratios (above a certain critical limit) will adopt female fates ( Doniach and Hodgkin, 1984 ; Zarkower, 2006 ). See Sex determination",FALSE,,FALSE,FALSE,,,,,
X,xchromosom,FALSE,FALSE,X chromosome,,,,"The number of copies of this chromosome determines the sex of the animal in C. elegans such that animals with two X chromosomes (XX) become hermaphrodites while animals with a single X chromosome (XO) become males (for details see Herman, 2006 ; Emmons, 2005 ; Ellis and Schedl, 2007 ; Zarkower, 2006 ). As hermaphrodites have two copies and males only have one, hermaphrodites reduce the expression from this chromosome in a process called dosage compensation (for details see Meyer, 2005 ). See Sex determination",FALSE,,FALSE,FALSE,,,,,
X,xneuron,FALSE,FALSE,x neuron,URX,,,,FALSE,,FALSE,FALSE,,,,,
X,xenicmedium,FALSE,FALSE,Xenic medium,Xenic medium,,,"A culture medium that includes one or more live microorganisms as part of the food for the cultured species (of nematode). Nematodes may be successfully raised upon bacteria, fungi, amoebae, dinoflagellates, or algae, although each nematode species may have a restricted set of foods which it tolerates ( Nicholas, 1975 ). A culture medium containing only one strain of bacterium is termed monoxenic, or dixenic if it contains a mixture of two bacteria, or a bacterium plus an alga. See Axenic medium See Defined medium",FALSE,,FALSE,FALSE,,,,,
X,xgal,FALSE,FALSE,X-gal,5-bromo-4-chloro- | 3-indolyl-β-D-galactoside,,,A chemical substrate commonly used to detect lacZ enzyme activity which produces a blue stain visible by light microscopy. See lacZ,FALSE,,FALSE,FALSE,,,,,
X,xxxcell,FALSE,FALSE,XXX cell,,,,"Two embryonic hypodermal cells ( XXXL , XXXR ) that may provide a scaffold for the early organization of ventral bodywall muscles and the various socket cells in the lateral and ventral lips . In the developing embryo , their cell bodies soon crawl posteriorly, and their processes separate the amphid nerve from the mechanosensory nerves in the late embryo. The XXX processes later retract, and the XXX cell bodies remain in the ventrolateral bodywall near the cell bodies of the posterior arcade and some socket cells where they perform a neurohumoral function, as they retain short processes bordering the pseudocoelom and contain some secretory vesicles. In early larval stages, XXX cells regulate dauer entry by secretion of several steroid signals ( Gerisch et al., 2001 ; Jia et al., 2002 ) and in adults they may also have a role in cholesterol trafficking ( Sym et al., 2000 ).",TRUE,WBbt:0004579 | WBbt:0004581,FALSE,FALSE,,,,,
Y,ycell,FALSE,FALSE,Y cell,PDA | F cell (archaic),Y blast cell,Y (herm) ABprpppaaaa Y.a (male),"A motor neuron that becomes terminally differentiated as PDA after early larval stages in the hermaphrodite when it forms a portion of the anterior wall of the rectum. In the male , the Y cell acts as a blast cell and divides again and the anterior daughter becomes PDA ( Sulston and Horvitz, 1977 ).",TRUE,WBbt:0004578 | WBbt:0008247 | WBbt:0008248,FALSE,TRUE,wormbase_id,,,,
Y,ylink,FALSE,FALSE,Y link,,,,A proteinaceous extension (usually Y shaped) that connects an axoneme to the cell membrane of a cilium.,FALSE,,FALSE,FALSE,,,,,
Y,yneuron,FALSE,FALSE,y neuron,URY,,,,FALSE,,FALSE,FALSE,,,,,
Y,yfp,FALSE,FALSE,YFP,Yellow fluorescent protein,,,"A useful tag for fluorescence microscopy, it is genetic mutant of green fluorescent protein. Its excitation peak is 514nm and its emission peak is 527nm . There are a number of more stable variants of YFP including Venus ( Nagai et al., 2002 ) and Citrine ( Griesbeck et al., 2001 ). For more details on fluorescent proteins see link . See CFP See GFP",FALSE,,FALSE,FALSE,,,,,
Y,yolk,FALSE,FALSE,Yolk,,Vitellogenin,,"A nutrient protein produced by intestinal cells and secreted by them into the pseudocoelom, from which it can be shared with other tissues in the body. Yolk is sequestered inside a membrane while lying within the cytoplasm (forming a yolk granule), but in the pseudocoelom it exists as a large free “particle” without a membrane coating. It can then be endocytosed back into another cytoplasmic granule in receiving cells, including oocytes prior to fertilization . Yolk granules are found in dauer intestinal cells as well as in aging, post-reproductive animals where it accumulates within the body cavity ( Herndon et al., 2002 ).",FALSE,,FALSE,FALSE,,,,,
Y,yolkgranule,FALSE,FALSE,Yolk granule,,Hyaline sphere,,A membrane bounded sac containing yolk. See Yolk,FALSE,,FALSE,FALSE,,,,,
Z,z1z4,FALSE,FALSE,"Z1, Z4",,Somatic gonad precursor cells,,Blast cells which act as stem cells for the somatic gonad . See Somatic primordium,FALSE,,FALSE,TRUE,entity_id == cell name,,,,
Z,z2z3,FALSE,FALSE,"Z2, Z3",,Germinal cells (S) Germline precursors | Primordial germ cells,,Blast cells which act as stem cells for the germline sperm and oocytes. See Primordial germ cell,FALSE,,FALSE,FALSE,,,,,
Z,zband,FALSE,FALSE,Z band,,Z line | D band | D zone,,"A linear array of Z discs in a well ordered, striated muscle (as in many vertebrate muscles), or a staggered array of dense bodies in an obliquely striated muscle (as in C. elegans ). In a vertebrate muscle , this zone runs perpendicular to the muscle sarcomeres, whereas in the nematode, due to the large stagger of the dense bodies, the band runs virtually parallel to the muscle (only diverging by 7-12 degrees). See A band See I band See Myofilament lattice",FALSE,,FALSE,FALSE,,,,,
Z,zdisc,FALSE,FALSE,Z disc,,Z disk | Z body | Dense body,,"A discrete dark-staining attachment site (equivalent to the dense body in nematode muscle) at which actin filaments are anchored at either end of a single sarcomere . Where the Z discs are perfectly flat, the orderly array at the vertebrate Z line can look very linear, but in many cases the Z-discs are concave, or slightly out of alignment, so that the Z line takes on a zigzag or step-like appearance. The corresponding dense bodies in the nematode muscle are spaced far apart with an extreme stagger .",FALSE,,FALSE,FALSE,,,,,
Z,zline,FALSE,FALSE,Z line,,,,"A well described transverse structure of striated muscles of higher animals, which is replaced in obliquely striated muscle in C. elegans by an oblique series of Z bands. Z lines represent the terminal structure of the sarcomere. See Z band",FALSE,,FALSE,FALSE,,,,,
Z,zonapellucida,FALSE,FALSE,Zona pellucida,,Oolemma | Egg membrane,,"This term (from Latin meaning transparent zone) refers to the coating of the early oocyte, including its plasma membrane. It can derive from several sources: 1) secretions of the oocyte 2) secretions of the gonadal sheath cells 3) secretions contributed by the uterus after fertilization. Direct observation by TEM in C. elegans shows at least three distinct stages in its development, but do not clearly delineate their sources. Within the gonad sheath, the primary oocyte’s plasma membrane is i) covered by a basal lamina, within the spermatheca it is ii) briefly covered by a fertilization membrane, and in the uterus the fertilization membrane is quickly replaced by iii) the eggshell, which is overlain by a vitelline layer, and underlain by a lipid layer. The earlier stages (basal lamina and fertilization membrane) may be considered developmental stages of the zona pellucida, but the eggshell probably shares no components and ought to be considered a separate entity. See Fertilization membrane See Lipid layer See Vitelline layer",FALSE,,FALSE,FALSE,,,,,
Z,zootype,FALSE,FALSE,Zootype,,,,Archetypal body pattern for metazoan animals.,FALSE,,FALSE,FALSE,,,,,
Z,zygote,FALSE,FALSE,Zygote,,Egg,,The diploid cell formed from the union of two haploid gametes.,FALSE,,FALSE,FALSE,,,,,
Z,zygoteformation,FALSE,FALSE,Zygote formation,,,,"The process through which an oocyte and a spermatozoon combine to form a fertilized embryo, which includes the fertilization event , creation of a fertilization membrane, eggshell formation, reformation and migration of the pronuclei , formation of a pseudocleavage constriction , pronuclear rotation and fusion , disappearance of the procleavage constriction, constriction of the cytoplasm, first mitosis and formation of the first cleavage membrane (Schierenberg, 1978; Gönczy and Rose, 2005 ; Oegema and Hyman, 2006 ).",FALSE,,FALSE,FALSE,,,,,
Z,zygotene,FALSE,FALSE,Zygotene,,,,"A step in meiotic prophase progression, preceding pachytene. Germline cells in the “ transition zone ” of the distal gonad arm enter this stage coordinately.",FALSE,,FALSE,FALSE,,,,,
